{
  "genus": "Aleoida",
  "commonChildren": [
    { "variant": "Yellow", "query": [ "   star [B]" ] },
    { "variant": "Green", "query": [ "    star [A]" ] },
    { "variant": "Teal", "query": [ "     star [F]" ] },
    { "variant": "Turquoise", "query": [ "star [K]" ] },
    { "variant": "Emerald", "query": [ "  star [M]" ] },
    { "variant": "Lime", "query": [ "     star [L]" ] },
    { "variant": "Sage", "query": [ "     star [T]" ] },
    { "variant": "Mauve", "query": [ "    star [TTS]" ] },
    { "variant": "Amethyst", "query": [ " star [Y]" ] },
    { "variant": "Grey", "query": [ "     star [W]" ] },
    { "variant": "Indigo", "query": [ "   star [D]" ] },
    { "variant": "Ocher", "query": [ "    star [N]" ] }
  ],
  "query": [
    "   body [HMC,Rocky]"
  ],
  "children": [

    {
      "species": "Arcus",
      "useCommonChildren": true,
      "query": [
        "atmosType [CarbonDioxide]",
        "atmosComp [CarbonDioxide >= 97.5]",
        "  gravity [0.04 ~ 0.26]",
        "     temp [175 ~ 190]",
        " pressure [0.016 ~ ]",
        "volcanism [None]"
      ]
    },

    {
      "species": "Coronamus",
      "useCommonChildren": true,
      "query": [
          "atmosType [CarbonDioxide]",
          "atmosComp [CarbonDioxide >= 97.5]",
          "  gravity [0.04 ~ 0.27]",
          "     temp [180 ~ 190]",
          " pressure [0.0017 ~ ]",
          "volcanism [None]"
      ]
    },

    {
      "species": "Gravis",
      "useCommonChildren": true,
      "query": [
          "atmosType [CarbonDioxide]",
          "atmosComp [CarbonDioxide >= 97.5]",
          "  gravity [0.04 ~ 0.27]",
          "     temp [190 ~ 196]",
          " pressure [0.054 ~ ]",
          "volcanism [None]"
      ]
    },

    {
      "species": "Laminiae",
      "useCommonChildren": true,
      "query": [
          "atmosType [Ammonia]",
          "atmosComp [Ammonia >= 100]",
          "  gravity [0.04 ~ 0.28]",
          "     temp [152 ~ 182]",
          " pressure [0.0009 ~ 0.0134]"
      ]
    },

    {
      "species": "Spica",
      "useCommonChildren": true,
      "query": [
        "atmosType [Ammonia]",
        "atmosComp [Ammonia >= 100]",
        "  gravity [0.04 ~ 0.28]",
        "     temp [170 ~ 177]",
        " pressure [0.0009 ~ 0.013]"
      ]
    }

  ]
}
