{
  "genus": "Aleoida",
  "commonChildren": [
    { "variant": "Yellow", "query": [ "   star [B]" ] },
    { "variant": "Green", "query": [ "    star [A]", "body [Rocky]" ] },
    { "variant": "Teal", "query": [ "     star [F]" ] },
    { "variant": "Turquoise", "query": [ "star [K]" ] },
    { "variant": "Emerald", "query": [ "  star [M]" ] },
    { "variant": "Lime", "query": [ "     star [L]" ] },
    { "variant": "Sage", "query": [ "     star [T]" ] },
    { "variant": "Mauve", "query": [ "    star [TTS]" ] },
    { "variant": "Amethyst", "query": [ " star [Y]" ] },
    { "variant": "Grey", "query": [ "     star [W]" ] },
    { "variant": "Indigo", "query": [ "   star [D]" ] },
    { "variant": "Ocher", "query": [ "    star [N]" ] }
  ],
  "query": [
    "   body [HMC,Rocky]"
  ],
  "children": [

    {
      "species": "Arcus",
      "query": [
        "# hit count: 8157",
        "atmosType [CarbonDioxide]",
        "volcanism [None]",
        "atmosComp [CarbonDioxide >= 100 | SulphurDioxide >= 0.99]"
      ],
      "children": [
        {
          "useCommonChildren": true,
          "query": [
            "# hit count: 7904",
            "    body [Rocky]",
            " gravity [0.042 ~ 0.237]",
            "    temp [175 ~ 190]",
            "pressure [0.0163 ~ ]"
          ]
        },
        {
          "useCommonChildren": true,
          "query": [
            "# hit count: 253",
            "    body [HMC]",
            " gravity [0.051 ~ 0.265]",
            "    temp [175 ~ 180]",
            "pressure [0.0161 ~ 0.0964]"
          ]
        }
      ]
    },

    {
      "species": "Coronamus",
      "query": [
        "# hit count: 10000",
        "atmosType [CarbonDioxide]",
        "volcanism [None]",
        "atmosComp [CarbonDioxide >= 100 | SulphurDioxide >= 0.99]"
      ],
      "children": [
        {
          "useCommonChildren": true,
          "query": [
            "# hit count: 10000",
            "    body [Rocky]",
            " gravity [0.041 ~ 0.238]",
            "    temp [179 ~ 190]",
            "pressure [0.0244 ~ ]"
          ]
        },
        {
          "useCommonChildren": true,
          "query": [
            "# hit count: 574",
            "    body [HMC]",
            " gravity [0.052 ~ 0.27]",
            "    temp [180 ~ 190]",
            "pressure [0.0264 ~ ]"
          ]
        }
      ]
    },

    {
      "species": "Gravis",
      "query": [
        "# hit count: 4456",
        "atmosType [CarbonDioxide]",
        "     temp [190 ~ 197]",
        "volcanism [None]",
        "atmosComp [CarbonDioxide >= 100 | SulphurDioxide >= 0.99]"
      ],
      "children": [
        {
          "useCommonChildren": true,
          "query": [
            "# hit count: 3015",
            "    body [Rocky]",
            " gravity [0.04 ~ 0.237]",
            "pressure [0.0545 ~ ]"
          ]
        },
        {
          "useCommonChildren": true,
          "query": [
            "# hit count: 1441",
            "    body [HMC]",
            " gravity [0.2 ~ 0.271]",
            "pressure [0.0546 ~ ]"
          ]
        }
      ]
    },

    {
      "species": "Laminiae",
      "query": [
        "# hit count: 9909",
        "atmosType [Ammonia]",
        "     temp [152 ~ 177]",
        "atmosComp [Ammonia >= 100]",
        "  regions [1,4,7,8,9,16,17,18,19,29,21,22,23,35,40]"
      ],
      "children": [
        {
          "useCommonChildren": true,
          "query": [
            "# hit count: 8829",
            "     body [Rocky]",
            "  gravity [0.04 ~ 0.275]",
            " pressure [ ~ 0.0134]",
            "volcanism [None,Minor Water Magma]"
          ]
        },
        {
          "useCommonChildren": true,
          "query": [
            "# hit count: 1080",
            "     body [HMC]",
            "  gravity [0.056 ~ 0.276]",
            " pressure [ ~ 0.0073]",
            "volcanism [None]"
          ]
        }
      ]
    },

    {
      "species": "Spica",
      "query": [
        "# hit count: 5550",
        "atmosType [Ammonia]",
        "     temp [170 ~ 177]",
        "atmosComp [Ammonia >= 100]",
        "  regions [1,2,3,4,5,6,10,11,12,13,14,15,24,25,26,27,28,29,30,31,32,33,34,36,37,38,39,41,42]"
      ],
      "children": [
        {
          "useCommonChildren": true,
          "query": [
            "# hit count: 3824",
            "     body [Rocky]",
            "  gravity [ ~ 0.276]",
            " pressure [ ~ 0.013]",
            "volcanism [None,Minor Metallic Magma,Minor Water Magma]"
          ]
        },
        {
          "useCommonChildren": true,
          "query": [
            "# hit count: 1726",
            "     body [HMC]",
            "  gravity [0.065 ~ 0.275]",
            " pressure [ ~ 0.0106]",
            "volcanism [None]"
          ]
        }
      ]
    }

  ]
}
