{
  "genus": "Bacterium",
  "commonChildren": [
    { "variant": "Turquoise", "query": [ "star [O]" ] },
    { "variant": "Grey", "query": [ "     star [B]" ] },
    { "variant": "Yellow", "query": [ "   star [A]" ] },
    { "variant": "Lime", "query": [ "     star [F]" ] },
    { "variant": "Emerald", "query": [ "  star [G]" ] },
    { "variant": "Green", "query": [ "    star [K]" ] },
    { "variant": "Teal", "query": [ "     star [M]" ] },
    { "variant": "Sage", "query": [ "     star [L]" ] },
    { "variant": "Red", "query": [ "      star [T]" ] },
    { "variant": "Maroon", "query": [ "   star [TTS]" ] },
    { "variant": "Orange", "query": [ "   star [Ae]" ] },
    { "variant": "Mauve", "query": [ "    star [Y]" ] },
    { "variant": "Amethyst", "query": [ " star [W]" ] },
    { "variant": "Ocher", "query": [ "    star [D]" ] },
    { "variant": "Indigo", "query": [ "   star [N]" ] }
  ],
  "children": [

    {
      "species": "Acies",
      "query": [
        "     body [Icy,RockyIce]",
        "atmosType [Neon]",
        "atmosComp [Neon >= 50]",
        "  gravity [0.26 ~ 0.62]",
        "     temp [20 ~ 61]",
        " pressure [0.0009 ~ 0.0082]"
      ],
      "children": [
        { "variant": "Lime", "query": [ "      mats [Technetium]" ] },
        { "variant": "White", "query": [ "     mats [Tellurium]" ] },
        { "variant": "Magenta", "query": [ "   mats [Polonium]" ] },
        { "variant": "Cobalt", "query": [ "    mats [Ruthenium]" ] },
        { "variant": "Cyan", "query": [ "      mats [Antimony]" ] },
        { "variant": "Aquamarine", "query": [ "mats [Yttrium]" ] }
      ]
    },

    {
      "species": "Alcyoneum",
      "useCommonChildren": true,
      "query": [
        "     body [HMC,Rocky,RockyIce]",
        "atmosType [Ammonia]",
        "atmosComp [Ammonia >= 62.39]",
        "  gravity [0.04 ~ 0.39]",
        "     temp [152 ~ 177]",
        " pressure [0.0009 ~ 0.015]"
      ]
    },

    {
      "species": "Aurasus",
      "useCommonChildren": true,
      "query": [
        "     body [HMC,Rocky]",
        "  gravity [0.04 ~ 0.62]",
        "atmosType [CarbonDioxide]",
        "atmosComp [CarbonDioxide >= 39.44]",
        "     temp [145 ~ 400]",
        " pressure [0.0009 ~ ]"
      ]
    },

    {
      "species": "Bullaris",
      "commonChildren": [
        { "variant": "Gold", "query": [ "      mats [Technetium]" ] },
        { "variant": "Lime", "query": [ "      mats [Tellurium]" ] },
        { "variant": "Yellow", "query": [ "    mats [Polonium]" ] },
        { "variant": "Aquamarine", "query": [ "mats [Ruthenium]" ] },
        { "variant": "Cobalt", "query": [ "    mats [Antimony]" ] },
        { "variant": "Red", "query": [ "       mats [Yttrium]" ] }
      ],
      "children": [
        {
          "useCommonChildren": true,
          "query": [
            "atmosType [Methane]",
            "atmosComp [Methane >= 50]",
            "  gravity [0.025 ~ 0.60]",
            "     temp [67 ~ 109]",
            " pressure [0.0009 ~ ]"
          ]
        },
        {
          "useCommonChildren": true,
          "query": [
            "     body [HMC,Rocky]",
            "atmosType [MethaneRich]",
            "  gravity [0.45 ~ 0.62]",
            "     temp [73 ~ 141]",
            " pressure [0.010 ~ 0.092]"
          ]
        }
      ]
    },

    {
      "species": "Cerbrus",
      "children": [
        {
          "useCommonChildren": true,
          "query": [
            "     body [HMC,Rocky,RockyIce]",
            "atmosType [SulphurDioxide]",
            "atmosComp [SulphurDioxide >= 50]",
            "  gravity [0.04 ~ 0.62]",
            "     temp [132 ~ 500]",
            " pressure [0.0009 ~ ]"
          ]
        },
        {
          "useCommonChildren": true,
          "query": [
            "     body [HMC,Rocky]",
            "atmosType [Water]",
            "atmosComp [Water >= 100]",
            "  gravity [0.04 ~ 0.07]",
            "     temp [390 ~ 453]",
            " pressure [0.050 ~ ]",
            "volcanism [None,Minor Water Magma]"
          ]
        },
        {
          "useCommonChildren": true,
          "query": [
            "     body [RockyIce]",
            "atmosType [WaterRich]",
            "  gravity [0.38 ~ 0.51]",
            "     temp [230 ~ 315]",
            " pressure [0.008 ~ 0.096]",
            "volcanism [None]"
          ]
        }
      ]
    },

    {
      "species": "Informem",
      "query": [
        "atmosType [Nitrogen]",
        "atmosComp [Nitrogen >= 50]",
        "  gravity [0.04 ~ 0.60]",
        "     temp [43 ~ 151]",
        " pressure [0.0009 ~ ]"
      ],
      "children": [
        { "variant": "Aquamarine", "query": [ "mats [Technetium]" ] },
        { "variant": "Yellow", "query": [ "    mats [Tellurium]" ] },
        { "variant": "Lime", "query": [ "      mats [Polonium]" ] },
        { "variant": "Gold", "query": [ "      mats [Ruthenium]" ] },
        { "variant": "Red", "query": [ "       mats [Antimony]" ] },
        { "variant": "Cobalt", "query": [ "    mats [Yttrium]" ] }
      ]
    },

    {
      "species": "Nebulus",
      "query": [
        "     body [Icy]",
        "  gravity [0.40 ~ 0.55]",
        "atmosType [Helium]",
        "atmosComp [Helium >= 100]",
        "     temp [19 ~ 21]",
        " pressure [0.031 ~ ]"
      ],
      "children": [
        { "variant": "Cyan", "query": [ "   mats [Technetium]" ] },
        { "variant": "Green", "query": [ "  mats [Tellurium]" ] },
        { "variant": "Gold", "query": [ "   mats [Polonium]" ] },
        { "variant": "Orange", "query": [ " mats [Ruthenium]" ] },
        { "variant": "Magenta", "query": [ "mats [Antimony]" ] },
        { "variant": "Cobalt", "query": [ " mats [Yttrium]" ] }
      ]
    },

    {
      "species": "Omentum",
      "commonChildren": [
        { "variant": "White", "query": [ "     mats [Mercury]" ] },
        { "variant": "Peach", "query": [ "     mats [Niobium]" ] },
        { "variant": "Red", "query": [ "       mats [Tin]" ] },
        { "variant": "Blue", "query": [ "      mats [Tungsten]" ] },
        { "variant": "Aquamarine", "query": [ "mats [Molybdenum]" ] },
        { "variant": "Lime", "query": [ "      mats [Cadmium]" ] }
      ],
      "query": [
        "     body [Icy]",
        "volcanism [Nitrogen,Ammonia]"
      ],
      "children": [
        {
          "useCommonChildren": true,
          "query": [
            "atmosType [Argon]",
            "atmosComp [Argon >= 75]",
            "  gravity [0.04 ~ 0.45]",
            "     temp [50 ~ 172]",
            " pressure [0.0009 ~ 0.090]"
          ]
        },
        {
          "useCommonChildren": true,
          "query": [
            "atmosType [ArgonRich]",
            "  gravity [0.24 ~ 0.31]",
            "     temp [80 ~ 87]",
            " pressure [0.02 ~ ]"
          ]
        },
        {
          "useCommonChildren": true,
          "query": [
            "atmosType [Helium]",
            "atmosComp [Helium >= 100]",
            "  gravity [0.49 ~ 0.52]",
            "     temp [20 ~ 21]",
             " pressure [0.066 ~ ]"
          ]
        },
        {
          "useCommonChildren": true,
          "query": [
            "atmosType [Methane]",
            "atmosComp [Methane >= 100]",
            "  gravity [0.03 ~ 0.06]",
            "     temp [84 ~ 108]",
            " pressure [0.034 ~ ]"
          ]
        },
        {
          "useCommonChildren": true,
          "query": [
            "atmosType [Neon]",
            "atmosComp [Neon >= 50]",
            "  gravity [0.30 ~ 0.33]",
            "     temp [20 ~ 21]",
            " pressure [0.001 ~ 0.002]"
          ]
        },
        {
          "useCommonChildren": true,
          "query": [
            "atmosType [NeonRich]",
            "  gravity [0.27 ~ 0.61]",
            "     temp [20 ~ 93]",
            " pressure [0.0026 ~ ]"
          ]
        },
        {
          "useCommonChildren": true,
          "query": [
            "atmosType [Nitrogen]",
            "atmosComp [Nitrogen >= 100]",
            "  gravity [0.21 ~ 0.26]",
            "     temp [60 ~ 64]",
            " pressure [0.018 ~ 0.044]"
          ]
        },
        {
          "useCommonChildren": true,
          "query": [
            "atmosType [WaterRich]",
            "  gravity [0.38 ~ 0.45]",
            "     temp [240 ~ 307]",
            " pressure [0.077 ~ 0.095]"
          ]
        }
      ]
    },

    {
      "species": "Scopulum",
      "commonChildren": [
        { "variant": "Peach", "query": [ "     mats [Mercury]" ] },
        { "variant": "Red", "query": [ "       mats [Niobium]" ] },
        { "variant": "Mulberry", "query": [ "  mats [Tin]" ] },
        { "variant": "Aquamarine", "query": [ "mats [Tungsten]" ] },
        { "variant": "Lime", "query": [ "      mats [Molybdenum]" ] },
        { "variant": "White", "query": [ "     mats [Cadmium]" ] }
      ],
      "children": [
        {
          "useCommonChildren": true,
          "query": [
            "     body [Icy]",
            "atmosType [Argon]",
            "atmosComp [Argon >= 100]",
            "  gravity [0.04 ~ 0.26]",
            "     temp [57 ~ 146]",
            " pressure [0.009 ~ 0.089]",
            "volcanism [CarbonDioxide,Methane]"
          ]
        },
        {
          "useCommonChildren": true,
          "query": [
            "     body [Icy]",
            "  gravity [0.47 ~ 0.52]",
            "atmosType [Helium]",
            "atmosComp [Helium >= 100]",
            "     temp [20 ~ 21]",
            " pressure [0.069 ~ ]",
            "volcanism [Methane]"
          ]
        },
        {
          "useCommonChildren": true,
          "query": [
            "     body [Icy]",
            "atmosType [Methane]",
            "atmosComp [Methane >= 100]",
            "  gravity [0.04 ~ 0.06]",
            "     temp [84 ~ 108]",
            " pressure [0.03 ~ ]",
            "volcanism [Methane]"
          ]
        },
        {
          "useCommonChildren": true,
          "query": [
            "     body [Icy,RockyIce]",
            "  gravity [0.27 ~ 0.61]",
            "atmosType [Neon]",
            "atmosComp [Neon >= 50]",
            "     temp [20 ~ 52]",
            " pressure [0.001 ~ 0.008]",
            "volcanism [CarbonDioxide,Methane]"
          ]
        },
        {
          "useCommonChildren": true,
          "query": [
            "     body [Icy]",
            "  gravity [0.47 ~ 0.62]",
            "atmosType [NeonRich]",
            "     temp [20 ~ 65]",
            " pressure [0.005 ~ ]",
            "volcanism [CarbonDioxide,Methane]"
          ]
        },
        {
          "useCommonChildren": true,
          "query": [
            "     body [Icy]",
            "  gravity [0.21 ~ 0.27]",
            "atmosType [Nitrogen]",
            "atmosComp [Nitrogen >= 100]",
            "     temp [61 ~ 68]",
            " pressure [0.002 ~ 0.06]",
            "volcanism [CarbonDioxide,Methane]"
          ]
        },
        {
          "useCommonChildren": true,
          "query": [
            "     body [Icy]",
            "  gravity [0.28 ~ 0.38]",
            "atmosType [Oxygen]",
            "atmosComp [Oxygen >= 100]",
            "     temp [152 ~ 220]",
            " pressure [0.03 ~ 0.082]",
            "volcanism [CarbonDioxide,Methane]"
          ]
        }
      ]
    },

    {
      "species": "Tela",
      "query": [
          "  gravity [0.03 ~ 0.63]",
          "     temp [20 ~ 607]",
          " pressure [0.00098 ~ ]"
      ],
      "commonChildren": [
        { "variant": "Orange", "query": [ " mats [Mercury]" ] },
        { "variant": "Magenta", "query": [ "mats [Niobium]" ] },
        { "variant": "Cobalt", "query": [ " mats [Tin]" ] },
        { "variant": "Green", "query": [ "  mats [Tungsten]" ] },
        { "variant": "Yellow", "query": [ " mats [Molybdenum]" ] },
        { "variant": "Gold", "query": [ "   mats [Cadmium]" ] }
      ],
      "children": [
        {
          "useCommonChildren": true,
          "query": [
            "     body [Icy,RockyIce]",
            "atmosType [Argon]",
            "atmosComp [Argon >= 50]",
            "  gravity [0.05 ~ 0.45]",
            "     temp [50 ~ 170]",
            " pressure [0.00098 ~ ]"
          ]
        },
        {
          "useCommonChildren": true,
          "query": [
            "     body [HMC,Rocky]",
            "atmosType [CarbonDioxide]",
            "atmosComp [CarbonDioxide >= 50]",
            "  gravity [0.26 ~ 0.62]",
            "     temp [167 ~ 483]",
            " pressure [0.001 ~ ]"
          ]
        },
        {
          "useCommonChildren": true,
          "query": [
            "     body [Icy,Rocky]",
            "atmosType [Helium]",
            "atmosComp [Helium >= 100]",
            "  gravity [0.49 ~ 0.53]",
            "     temp [20 ~ 21]",
            " pressure [0.067 ~ ]",
            "volcanism [Some]"
          ]
        },
        {
          "useCommonChildren": true,
          "query": [
            "     body [Icy,Rocky]",
            "atmosType [Methane]",
            "atmosComp [Methane >= 100]",
            "  gravity [0.03 ~ 0.14]",
            "     temp [78 ~ 109]",
            " pressure [0.012 ~ ]",
            "volcanism [Some]"
          ]
        },
        {
          "useCommonChildren": true,
          "query": [
            "     body [Icy,RockyIce]",
            "atmosType [Neon]",
            "atmosComp [Neon >= 50]",
            "  gravity [0.28 ~ 0.62]",
            "     temp [20 ~ 71]",
            " pressure [0.001 ~ 0.008]",
            "volcanism [Water]"
          ]
        },
        {
          "useCommonChildren": true,
          "query": [
            "     body [Icy,RockyIce]",
            "atmosType [NeonRich]",
            "  gravity [0.30 ~ 0.62]",
            "     temp [20 ~ 94]",
            " pressure [0.0026 ~ ]",
            "volcanism [Some]"
          ]
        },
        {
          "useCommonChildren": true,
          "query": [
            "atmosType [SulphurDioxide]",
            "atmosComp [SulphurDioxide >= 50]",
            "  gravity [0.18 ~ 0.62]",
            "     temp [148 ~ 500]",
            " pressure [0.00098 ~ ]"
          ]
        },
        {
          "useCommonChildren": true,
          "query": [
            "     body [HMC,Rocky]",
            "atmosType [Water]",
            "atmosComp [Water >= 100]",
            "  gravity [0.04 ~ 0.07]",
            "     temp [392 ~ 452]",
            " pressure [0.052 ~ ]",
            "volcanism [None,Minor Water Magma]"
          ]
        },
        {
          "useCommonChildren": true,
          "query": [
            "atmosType [Oxygen]",
            "atmosComp [Oxygen >= 79.89]",
            "  gravity [0.24 ~ 0.53]",
            "     temp [152 ~ 240]",
            " pressure [0.017 ~ ]",
            "volcanism [Some]"
          ]
        },
        {
          "useCommonChildren": true,
          "query": [
            "atmosType [Ammonia]",
            "atmosComp [Ammonia >= 100]",
            "  gravity [0.03 ~ 0.34]",
            "     temp [164 ~ 177]",
            " pressure [0.0022 ~ 0.0157]",
            "volcanism [Some]"
          ]
        }
      ]
    },

    {
      "species": "Verrata",
      "commonChildren": [
        { "variant": "Orange", "query": [ " mats [Mercury]" ] },
        { "variant": "Magenta", "query": [ "mats [Niobium]" ] },
        { "variant": "Cobalt", "query": [ " mats [Tin]" ] },
        { "variant": "Green", "query": [ "  mats [Tungsten]" ] },
        { "variant": "Yellow", "query": [ " mats [Molybdenum]" ] },
        { "variant": "Gold", "query": [ "   mats [Cadmium]" ] }
      ],
      "children": [
        {
          "useCommonChildren": true,
          "query": [
            "     body [Icy,Rocky,RockyIce]",
            "atmosType [Argon]",
            "atmosComp [Argon >= 60]",
            "  gravity [0.17 ~ 0.34]",
            "     temp [58 ~ 229]",
            " pressure [0.0009 ~ ]",
            "volcanism [Water]"
          ]
        },
        {
          "useCommonChildren": true,
          "query": [
            "     body [Icy,RockyIce]",
            "atmosType [Neon]",
            "atmosComp [Neon >= 50]",
            "  gravity [0.27 ~ 0.61]",
            "     temp [20 ~ 51]",
            " pressure [0.0009 ~ 0.008]",
            "volcanism [Water]"
          ]
        },
        {
          "useCommonChildren": true,
          "query": [
            "     body [Icy,RockyIce]",
            "atmosType [NeonRich]",
            "  gravity [0.43 ~ 0.63]",
            "     temp [20 ~ 65]",
            " pressure [0.005 ~ ]",
            "volcanism [Water]"
          ]
        },
        {
          "useCommonChildren": true,
          "query": [
            "     body [Icy]",
            "atmosType [Helium]",
            "atmosComp [Helium >= 100]",
            "  gravity [0.50 ~ 0.54]",
            "     temp [20 ~ 21]",
            " pressure [0.06 ~ ]",
            "volcanism [Water]"
          ]
        },
        {
          "useCommonChildren": true,
          "query": [
            "     body [Icy,Rocky,RockyIce]",
            "atmosType [Ammonia]",
            "atmosComp [Ammonia >= 100]",
            "  gravity [0.04 ~ 0.10]",
            "     temp [161 ~ 176]",
            " pressure [0.002 ~ 0.014]",
            "volcanism [Water]"
          ]
        },
        {
          "useCommonChildren": true,
          "query": [
            "     body [Icy]",
            "atmosType [Nitrogen]",
            "atmosComp [Nitrogen >= 100]",
            "  gravity [0.21 ~ 0.25]",
            "     temp [59 ~ 80]",
            " pressure [0.002 ~ ]",
            "volcanism [Water]"
          ]
        },
        {
          "useCommonChildren": true,
          "query": [
            "     body [Icy,RockyIce]",
            "atmosType [Oxygen]",
            "atmosComp [Oxygen >= 57.84]",
            "  gravity [0.24 ~ 0.39]",
            "     temp [154 ~ 220]",
            " pressure [0.019 ~ ]",
            "volcanism [Water]"
          ]
        },
        {
          "useCommonChildren": true,
          "query": [
            "     body [Rocky]",
            "atmosType [Water]",
            "atmosComp [Water >= 100]",
            "  gravity [0.04 ~ 0.06]",
            "     temp [406 ~ 442]",
            " pressure [0.06 ~ ]",
            "volcanism [Water]"
          ]
        }
      ]
    },

    {
      "species": "Vesicula",
      "query": [
        "atmosType [Argon]",
        "atmosComp [Argon >= 50]",
        "  gravity [0.03 ~ 0.52]",
        "     temp [50 ~ 267]",
        " pressure [0.0009 ~ ]"
      ],
      "children": [
        { "variant": "Gold", "query": [ "    mats [Technetium]" ] },
        { "variant": "Red", "query": [ "     mats [Tellurium]" ] },
        { "variant": "Orange", "query": [ "  mats [Polonium]" ] },
        { "variant": "Mulberry", "query": [ "mats [Ruthenium]" ] },
        { "variant": "Cyan", "query": [ "    mats [Antimony]" ] },
        { "variant": "Lime", "query": [ "    mats [Yttrium]" ] }
      ]
    },
    
    {
      "species": "Volu",
      "query": [
          "atmosType [Oxygen]",
          "atmosComp [Oxygen >= 65.98]",
          "  gravity [0.05 ~ 0.61]",
          "     temp [143 ~ 246]",
          " pressure [0.004 ~ ]"

      ],
      "children": [
        { "variant": "Lime", "query": [ "      mats [Technetium]" ] },
        { "variant": "Cyan", "query": [ "      mats [Tellurium]" ] },
        { "variant": "Aquamarine", "query": [ "mats [Polonium]" ] },
        { "variant": "Cobalt", "query": [ "    mats [Ruthenium]" ] },
        { "variant": "Red", "query": [ "       mats [Antimony]" ] },
        { "variant": "Gold", "query": [ "      mats [Yttrium]" ] }
      ]
    }

  ]
}
