{
  "genus": "Bacterium",
  "commonChildren": [
    { "variant": "Turquoise", "query": [ "star [O]" ] },
    { "variant": "Grey", "query": [ "     star [B]" ] },
    { "variant": "Yellow", "query": [ "   star [A]" ] },
    { "variant": "Lime", "query": [ "     star [F]" ] },
    { "variant": "Emerald", "query": [ "  star [G]" ] },
    { "variant": "Green", "query": [ "    star [K]" ] },
    { "variant": "Teal", "query": [ "     star [M]" ] },
    { "variant": "Sage", "query": [ "     star [L]" ] },
    { "variant": "Red", "query": [ "      star [T]" ] },
    { "variant": "Maroon", "query": [ "   star [TTS]" ] },
    { "variant": "Orange", "query": [ "   star [Ae]" ] },
    { "variant": "Mauve", "query": [ "    star [Y]" ] },
    { "variant": "Amethyst", "query": [ " star [W]" ] },
    { "variant": "Ocher", "query": [ "    star [D]" ] },
    { "variant": "Indigo", "query": [ "   star [N]" ] }
  ],
  "children": [

    {
      "species": "Acies",
      "query": [
        "# hit count: 10000",
        "atmosType [Neon]",
        "     temp [20 ~ 61]"
      ],
      "commonChildren": [
        { "variant": "Lime", "query": [ "      mats [Technetium]" ] },
        { "variant": "White", "query": [ "     mats [Tellurium]" ] },
        { "variant": "Magenta", "query": [ "   mats [Polonium]" ] },
        { "variant": "Cobalt", "query": [ "    mats [Ruthenium]" ] },
        { "variant": "Cyan", "query": [ "      mats [Antimony]" ] },
        { "variant": "Aquamarine", "query": [ "mats [Yttrium]" ] }
      ],
      "children": [
        {
          "useCommonChildren": true,
          "query": [
            "# hit count: 10000",
            "     body [Icy]",
            "  gravity [0.259 ~ 0.61]",
            " pressure [ ~ 0.0082]",
            "volcanism [None,Major Water Magma,Minor Ammonia Magma,Minor Carbon Dioxide Geysers,Minor Methane Magma,Minor Nitrogen Magma,Water Magma]",
            "atmosComp [Neon >= 100 | Nitrogen >= 46 | Helium >= 0.11]"
          ]
        },
        {
          "useCommonChildren": true,
          "query": [
            "# hit count: 430",
            "     body [RockyIce]",
            "  gravity [0.351 ~ 0.602]",
            " pressure [ ~ 0.0048]",
            "volcanism [None,Major Water Magma]",
            "atmosComp [Neon >= 100 | Nitrogen >= 48 | Helium >= 1]"
          ]
        }
      ]
    },

    {
      "species": "Alcyoneum",
      "query": [
        "# hit count: 10000",
        "atmosType [Ammonia]"
      ],
      "children": [
        {
          "useCommonChildren": true,
          "query": [
            "# hit count: 10000",
            "     body [Rocky]",
            "  gravity [ ~ 0.345]",
            "     temp [152 ~ 177]",
            " pressure [ ~ 0.0134]",
            "volcanism [None,Major Silicate Vapour Geysers,Minor Water Magma]",
            "atmosComp [Ammonia >= 100 | SulphurDioxide >= 0.4]"
          ]
        },
        {
          "useCommonChildren": true,
          "query": [
            "# hit count: 25",
            "     body [RockyIce]",
            "  gravity [0.042 ~ 0.262]",
            "     temp [160 ~ 177]",
            " pressure [0.0024 ~ 0.0145]",
            "volcanism [None]",
            "atmosComp [Ammonia >= 100]"
          ]
        },
        {
          "useCommonChildren": true,
          "query": [
            "# hit count: 10000",
            "     body [HMC]",
            "  gravity [0.047 ~ 0.376]",
            "     temp [152 ~ 177]",
            " pressure [ ~ 0.0129]",
            "volcanism [None]",
            "atmosComp [Ammonia >= 100 | SulphurDioxide >= 0.6]"
          ]
        }
      ]
    },

    {
      "species": "Aurasus",
      "query": [
        "# hit count: 10000",
        "atmosType [CarbonDioxide]",
        "volcanism [None]"
      ],
      "children": [
        {
          "useCommonChildren": true,
          "query": [
            "# hit count: 10000",
            "    body [Rocky]",
            " gravity [ ~ 0.577]",
            "    temp [145 ~ 399]",
            "pressure [0.001 ~ ]",
            "atmosComp [CarbonDioxide >= 100 | SulphurDioxide >= 0.7]"
          ]
        },
        {
          "useCommonChildren": true,
          "query": [
            "# hit count: 10000",
            "   body [HMC]",
            "gravity [0.046 ~ 0.61]",
            "   temp [145 ~ 400]",
            "atmosComp [CarbonDioxide >= 100 | SulphurDioxide >= 0.52]"
          ]
        }
      ]
    },

    {
      "species": "Bullaris",
      "query": [
        "# hit count: 10000"
      ],
      "commonChildren": [
        { "variant": "Gold", "query": [ "      mats [Technetium]" ] },
        { "variant": "Lime", "query": [ "      mats [Tellurium]" ] },
        { "variant": "Yellow", "query": [ "    mats [Polonium]" ] },
        { "variant": "Aquamarine", "query": [ "mats [Ruthenium]" ] },
        { "variant": "Cobalt", "query": [ "    mats [Antimony]" ] },
        { "variant": "Red", "query": [ "       mats [Yttrium]" ] }
      ],
      "children": [
        {
          "query": [
            "# hit count: 10000",
            "atmosType [Methane]"
          ],
          "children": [
            {
              "useCommonChildren": true,
              "query": [
                "# hit count: 10000",
                "     body [Icy]",
                "  gravity [ ~ 0.058]",
                "     temp [83 ~ 109]",
                " pressure [0.0292 ~ ]",
                "volcanism [None,Minor Methane Magma,Minor Nitrogen Magma]",
                "atmosComp [Methane >= 100]"
              ]
            },
            {
              "useCommonChildren": true,
              "query": [
                "# hit count: 974",
                "     body [Rocky]",
                "  gravity [0.041 ~ 0.323]",
                "     temp [67 ~ 109]",
                "volcanism [None,Major Silicate Vapour Geysers,Metallic Magma,Minor Metallic Magma,Minor Rocky Magma,Minor Silicate Vapour Geysers]",
                "atmosComp [Methane >= 100 | Nitrogen >= 1]"
              ]
            },
            {
              "useCommonChildren": true,
              "query": [
                "# hit count: 302",
                "     body [RockyIce]",
                "  gravity [ ~ 0.065]",
                "     temp [84 ~ 109]",
                " pressure [0.0298 ~ ]",
                "volcanism [None]",
                "atmosComp [Methane >= 100]"
              ]
            },
            {
              "useCommonChildren": true,
              "query": [
                "# hit count: 101",
                "     body [HMC]",
                "  gravity [0.052 ~ 0.586]",
                "     temp [68 ~ 95]",
                " pressure [ ~ 0.0326]",
                "volcanism [None]",
                "atmosComp [Methane >= 100 | Nitrogen >= 1]"
              ]
            }
          ]
        },
        {
          "query": [
            "# hit count: 127",
            "atmosType [MethaneRich]",
            "volcanism [None]"
          ],
          "children": [
            {
              "useCommonChildren": true,
              "query": [
                "# hit count: 20",
                "    body [Rocky]",
                " gravity [0.446 ~ 0.582]",
                "    temp [76 ~ 141]",
                "pressure [0.012 ~ 0.0687]",
                "atmosComp [Nitrogen >= 56]"
              ]
            },
            {
              "useCommonChildren": true,
              "query": [
                "# hit count: 107",
                "    body [HMC]",
                " gravity [0.468 ~ 0.607]",
                "    temp [73 ~ 128]",
                "pressure [0.01 ~ 0.0914]",
                "atmosComp [Nitrogen >= 50]"
              ]
            }
          ]
        }
      ]
    },

    {
      "species": "Cerbrus",
      "query": [
        "# hit count: 10000"
      ],
      "children": [
        {
          "query": [
            "# hit count: 10000",
            "atmosType [SulphurDioxide]"
          ],
          "children": [
            {
              "useCommonChildren": true,
              "query": [
                "# hit count: 10000",
                "     body [Rocky]",
                "  gravity [0.04 ~ 0.596]",
                "     temp [132 ~ 499]",
                "volcanism [None,Major Silicate Vapour Geysers,Metallic Magma,Minor Metallic Magma,Minor Rocky Magma,Minor Silicate Vapour Geysers]",
                "atmosComp [SulphurDioxide >= 100 | CarbonDioxide >= 0.8]"
              ]
            },
            {
              "useCommonChildren": true,
              "query": [
                "# hit count: 652",
                "     body [RockyIce]",
                "  gravity [0.22 ~ 0.418]",
                "     temp [147 ~ 273]",
                "volcanism [None]",
                "atmosComp [SulphurDioxide >= 100 | Ammonia >= 16]"
              ]
            },
            {
              "useCommonChildren": true,
              "query": [
                "# hit count: 10000",
                "     body [HMC]",
                "  gravity [0.268 ~ 0.606]",
                "     temp [132 ~ 500]",
                "volcanism [None,Major Rocky Magma,Major Silicate Vapour Geysers,Metallic Magma,Minor Metallic Magma,Minor Rocky Magma,Minor Silicate Vapour Geysers,Rocky Magma]",
                "atmosComp [SulphurDioxide >= 100 | CarbonDioxide >= 0.8]"
              ]
            }
          ]
        },
        {
          "query": [
            "# hit count: 3558",
            "atmosType [Water]",
            "atmosComp [Water >= 100]"
          ],
          "children": [
            {
              "useCommonChildren": true,
              "query": [
                "# hit count: 2445",
                "     body [Rocky]",
                "  gravity [ ~ 0.056]",
                "     temp [393 ~ 452]",
                " pressure [0.0539 ~ ]",
                "volcanism [None,Minor Water Magma]"
              ]
            },
            {
              "useCommonChildren": true,
              "query": [
                "# hit count: 1113",
                "     body [HMC]",
                "  gravity [0.044 ~ 0.064]",
                "     temp [390 ~ 453]",
                " pressure [0.0509 ~ ]",
                "volcanism [None]"
              ]
            }
          ]
        },
        {
          "useCommonChildren": true,
          "query": [
            "# hit count: 34",
            "atmosType [WaterRich]",
            "     body [RockyIce]",
            "  gravity [0.376 ~ 0.497]",
            "     temp [230 ~ 315]",
            " pressure [0.0084 ~ 0.0957]",
            "volcanism [None]",
            "atmosComp [Argon >= 78]"
          ]
        }
      ]
    },

    {
      "species": "Informem",
      "query": [
        "# hit count: 10000",
        "atmosType [Nitrogen]"
      ],
      "commonChildren": [
        { "variant": "Aquamarine", "query": [ "mats [Technetium]" ] },
        { "variant": "Yellow", "query": [ "    mats [Tellurium]" ] },
        { "variant": "Lime", "query": [ "      mats [Polonium]" ] },
        { "variant": "Gold", "query": [ "      mats [Ruthenium]" ] },
        { "variant": "Red", "query": [ "       mats [Antimony]" ] },
        { "variant": "Cobalt", "query": [ "    mats [Yttrium]" ] }
      ],
      "children": [
        {
          "useCommonChildren": true,
          "query": [
            "# hit count: 10000",
            "     body [Icy]",
            "  gravity [0.189 ~ 0.438]",
            "     temp [50 ~ 82]",
            "volcanism [None,Major Water Geysers]",
            "atmosComp [Nitrogen >= 99.9]"
          ]
        },
        {
          "useCommonChildren": true,
          "query": [
            "# hit count: 1373",
            "     body [Rocky]",
            "  gravity [0.053 ~ 0.554]",
            "     temp [43 ~ 150]",
            "volcanism [None]",
            "atmosComp [Nitrogen >= 100] | SulphurDioxide >= 28 | Argon >= 0.06]"
          ]
        },
        {
          "useCommonChildren": true,
          "query": [
            "# hit count: 1573",
            "     body [RockyIce]",
            "  gravity [0.23 ~ 0.444]",
            "     temp [50 ~ 85]",
            "volcanism [None]",
            "atmosComp [Nitrogen >= 100]"
          ]
        },
        {
          "useCommonChildren": true,
          "query": [
            "# hit count: 3976",
            "     body [HMC]",
            "  gravity [0.241 ~ 0.592]",
            "     temp [46 ~ 151]",
            "volcanism [None]",
            "atmosComp [Nitrogen >= 100 | SulphurDioxide >= 22 | Argon >= 0.06]"
          ]
        }
      ]
    },

    {
      "species": "Nebulus",
      "query": [
        "# hit count: 955",
        "atmosType [Helium]",
        "     body [Icy]",
        "  gravity [0.397 ~ 0.545]",
        "     temp [20 ~ 21]",
        " pressure [0.0311 ~ ]",
        "volcanism [None,Major Water Magma,Minor Ammonia Magma,Minor Methane Magma,Minor Water Magma,Water Magma]",
        "atmosComp [Helium >= 100]"
      ],
      "children": [
        { "variant": "Cyan", "query": [ "   mats [Technetium]" ] },
        { "variant": "Green", "query": [ "  mats [Tellurium]" ] },
        { "variant": "Gold", "query": [ "   mats [Polonium]" ] },
        { "variant": "Orange", "query": [ " mats [Ruthenium]" ] },
        { "variant": "Magenta", "query": [ "mats [Antimony]" ] },
        { "variant": "Cobalt", "query": [ " mats [Yttrium]" ] }
      ]
    },

    {
      "species": "Omentum",
      "query": [
        "# hit count: 2197"
      ],
      "commonChildren": [
        { "variant": "White", "query": [ "     mats [Mercury]" ] },
        { "variant": "Peach", "query": [ "     mats [Niobium]" ] },
        { "variant": "Red", "query": [ "       mats [Tin]" ] },
        { "variant": "Blue", "query": [ "      mats [Tungsten]" ] },
        { "variant": "Aquamarine", "query": [ "mats [Molybdenum]" ] },
        { "variant": "Lime", "query": [ "      mats [Cadmium]" ] }
      ],
      "children": [
        {
          "useCommonChildren": true,
          "query": [
            "# hit count: 242",
            "atmosType [Argon]",
            "     body [Icy]",
            "  gravity [0.044 ~ 0.442]",
            "     temp [50 ~ 172]",
            " pressure [ ~ 0.0945]",
            "volcanism [Minor Nitrogen Magma]",
            "atmosComp [Argon >= 100 | Nitrogen >= 0.06]"
          ]
        },
        {
          "useCommonChildren": true,
          "query": [
            "# hit count: 15",
            "atmosType [Helium]",
            "     body [Icy]",
            "  gravity [0.494 ~ 0.507]",
            "     temp [20 ~ 21]",
            " pressure [0.0697 ~ ]",
            "volcanism [Minor Ammonia Magma]",
            "atmosComp [Helium >= 100]"
          ]
        },
        {
          "useCommonChildren": true,
          "query": [
            "# hit count: 202",
            "atmosType [Methane]",
            "     body [Icy]",
            "  gravity [ ~ 0.046]",
            "     temp [84 ~ 108]",
            " pressure [0.0346 ~ ]",
            "volcanism [Minor Nitrogen Magma]",
            "atmosComp [Methane >= 100]"
          ]
        },
        {
          "useCommonChildren": true,
          "query": [
            "# hit count: 1196",
            "atmosType [Neon]",
            "     body [Icy]",
            "  gravity [0.312 ~ 0.589]",
            "     temp [20 ~ 61]",
            " pressure [0.001 ~ 0.0064]",
            "volcanism [Minor Ammonia Magma,Minor Nitrogen Magma]",
            "atmosComp [Neon >= 100 | Helium >= 0.44 | Nitrogen >= 48]"
          ]
        },
        {
          "useCommonChildren": true,
          "query": [
            "# hit count: 524",
            "atmosType [NeonRich]",
            "     body [Icy]",
            "  gravity [0.274 ~ 0.601]",
            "     temp [20 ~ 93]",
            " pressure [0.0026 ~ ]",
            "volcanism [Minor Ammonia Magma,Minor Nitrogen Magma]",
            "atmosComp [Helium >= 50 | Nitrogen >= 50]"
          ]
        },
        {
          "useCommonChildren": true,
          "query": [
            "# hit count: 6",
            "atmosType [WaterRich]",
            "     body [Icy]",
            "  gravity [0.381 ~ 0.444]",
            "     temp [195 ~ 307]",
            " pressure [0.0776 ~ 0.0946]",
            "volcanism [Minor Nitrogen Magma]",
            "atmosComp [Argon >=  74]"
          ]
        }
      ]
    },

    {
      "species": "Scopulum",
      "query": [
        "# hit count: 1473"
      ],
      "commonChildren": [
        { "variant": "Peach", "query": [ "     mats [Mercury]" ] },
        { "variant": "Red", "query": [ "       mats [Niobium]" ] },
        { "variant": "Mulberry", "query": [ "  mats [Tin]" ] },
        { "variant": "Aquamarine", "query": [ "mats [Tungsten]" ] },
        { "variant": "Lime", "query": [ "      mats [Molybdenum]" ] },
        { "variant": "White", "query": [ "     mats [Cadmium]" ] }
      ],
      "children": [
        {
          "useCommonChildren": true,
          "query": [
            "# hit count: 128",
            "atmosType [Argon]",
            "     body [Icy]",
            "  gravity [ ~ 0.25]",
            "     temp [56 ~ 146]",
            " pressure [0.001 ~ 0.0882]",
            "volcanism [Carbon Dioxide Geysers,Minor Carbon Dioxide Geysers,Minor Methane Magma]",
            "atmosComp [Argon >= 100]"
          ]
        },
        {
          "useCommonChildren": true,
          "query": [
            "# hit count: 11",
            "atmosType [Helium]",
            "     body [Icy]",
            "  gravity [0.467 ~ 0.507]",
            "     temp [20 ~ 21]",
            " pressure [0.0698 ~ ]",
            "volcanism [Minor Methane Magma]",
            "atmosComp [Helium >= 100]"
          ]
        },
        {
          "useCommonChildren": true,
          "query": [
            "# hit count: 222",
            "atmosType [Methane]",
            "     body [Icy]",
            "  gravity [ ~ 0.047]",
            "     temp [84 ~ 108]",
            " pressure [0.0318 ~ ]",
            "volcanism [Minor Methane Magma]",
            "atmosComp [Methane >= 100]"
          ]
        },
        {
          "query": [
            "# hit count: 889",
            "atmosType [Neon]"
          ],
          "children": [
            {
              "useCommonChildren": true,
              "query": [
                "# hit count: 881",
                "     body [Icy]",
                "  gravity [0.266 ~ 0.605]",
                "     temp [20 ~ 52]",
                " pressure [0.001 ~ 0.0076]",
                "volcanism [Minor Carbon Dioxide Geysers,Minor Methane Magma]",
                "atmosComp [Neon >= 100 | Helium >= 0.13]"
              ]
            },
            {
              "useCommonChildren": true,
              "query": [
                "# hit count: 8",
                "     body [RockyIce]",
                "  gravity [0.555 ~ 0.602]",
                "     temp [35 ~ 47]",
                " pressure [0.0023 ~ 0.003]",
                "volcanism [Minor Carbon Dioxide Geysers]",
                "atmosComp [Neon >= 100 | Helium >= 6]"
              ]
            }
          ]
        },
        {
          "useCommonChildren": true,
          "query": [
            "# hit count: 205",
            "atmosType [NeonRich]",
            "     body [Icy]",
            "  gravity [0.468 ~ 0.609]",
            "     temp [20 ~ 65]",
            " pressure [0.0053 ~ ]",
            "volcanism [Minor Carbon Dioxide Geysers,Minor Methane Magma]",
            "atmosComp [Helium >= 50]"
          ]
        },
        {
          "useCommonChildren": true,
          "query": [
            "# hit count: 5",
            "atmosType [Nitrogen]",
            "     body [Icy]",
            "  gravity [0.208 ~ 0.256]",
            "     temp [61 ~ 68]",
            " pressure [0.0024 ~ 0.0565]",
            "volcanism [Minor Carbon Dioxide Geysers,Minor Methane Magma]",
            "atmosComp [Nitrogen >= 100]"
          ]
        },
        {
          "useCommonChildren": true,
          "query": [
            "# hit count: 8",
            "atmosType [Oxygen]",
            "     body [Icy]",
            "  gravity [0.277 ~ 0.381]",
            "     temp [152 ~ 220]",
            " pressure [0.0304 ~ 0.0812]",
            "volcanism [Carbon Dioxide Geysers,Minor Carbon Dioxide Geysers,Minor Methane Magma]",
            "atmosComp [Oxygen >= 100]"
          ]
        }
      ]
    },

    {
      "species": "Tela",
      "query": [
        "# hit count: 10000"
      ],
      "commonChildren": [
        { "variant": "Orange", "query": [ " mats [Mercury]" ] },
        { "variant": "Magenta", "query": [ "mats [Niobium]" ] },
        { "variant": "Cobalt", "query": [ " mats [Tin]" ] },
        { "variant": "Green", "query": [ "  mats [Tungsten]" ] },
        { "variant": "Yellow", "query": [ " mats [Molybdenum]" ] },
        { "variant": "Gold", "query": [ "   mats [Cadmium]" ] }
      ],
      "children": [
        {
          "query": [
            "# hit count: 80",
            "atmosType [Ammonia]",
            "atmosComp [Ammonia >= 100]"
          ],
          "children": [
            {
              "useCommonChildren": true,
              "query": [
                "# hit count: 15",
                "     body [Icy]",
                "  gravity [ ~ 0.225]",
                "     temp [165 ~ 176]",
                " pressure [0.0024 ~ 0.0157]",
                "volcanism [Major Water Magma]"
              ]
            },
            {
              "useCommonChildren": true,
              "query": [
                "# hit count: 47",
                "     body [Rocky]",
                "  gravity [ ~ 0.056]",
                "     temp [169 ~ 177]",
                " pressure [0.0068 ~ 0.0133]",
                "volcanism [Major Silicate Vapour Geysers,Metallic Magma,Minor Metallic Magma,Minor Water Magma]"
              ]
            },
            {
              "useCommonChildren": true,
              "query": [
                "# hit count: 15",
                "     body [RockyIce]",
                "  gravity [ ~ 0.083]",
                "     temp [164 ~ 177]",
                " pressure [0.0022 ~ 0.0133]",
                "volcanism [Major Silicate Vapour Geysers]"
              ]
            }
          ]
        },
        {
          "query": [
            "# hit count: 709",
            "atmosType [Argon]"
          ],
          "children": [
            {
              "useCommonChildren": true,
              "query": [
                "# hit count: 697",
                "     body [Icy]",
                "  gravity [0.045 ~ 0.404]",
                "     temp [50 ~ 170]",
                "volcanism [Carbon Dioxide Geysers,Major Water Geysers,Major Water Magma,Minor Carbon Dioxide Geysers,Minor Nitrogen Magma]",
                "atmosComp [Argon >= 100 | Nitrogen >= 1]"
              ]
            },
            {
              "useCommonChildren": true,
              "query": [
                "# hit count: 10",
                "     body [RockyIce]",
                "  gravity [0.238 ~ 0.279]",
                "     temp [81 ~ 113]",
                " pressure [0.0013 ~ 0.0802]",
                "volcanism [Major Rocky Magma,Major Water Geysers]",
                "atmosComp [Argon >= 100]"
              ]
            }
          ]
        },
        {
          "query": [
            "# hit count: 21",
            "atmosType [ArgonRich]"
          ],
          "children": [
            {
              "useCommonChildren": true,
              "query": [
                "# hit count: 6",
                "     body [Icy]",
                "  gravity [0.241 ~ 0.386]",
                "     temp [81 ~ 186]",
                " pressure [0.0219 ~ 0.0703]",
                "volcanism [Minor Nitrogen Magma]",
                "atmosComp [Nitrogen >= 78 | Neon >= 0.06 | Oxygen >= 80]"
              ]
            },
            {
              "useCommonChildren": true,
              "query": [
                "# hit count: 9",
                "     body [Rocky]",
                "  gravity [0.291 ~ 0.413]",
                "     temp [61 ~ 136]",
                " pressure [0.0013 ~ 0.0651]",
                "volcanism [Major Silicate Vapour Geysers]",
                "atmosComp [Nitrogen >= 96]"
              ]
            },
            {
              "useCommonChildren": true,
              "query": [
                "# hit count: 6",
                "     body [HMC]",
                "  gravity [0.385 ~ 0.454]",
                "     temp [97 ~ 139]",
                " pressure [0.0013 ~ 0.0357]",
                "volcanism [Major Rocky Magma,Major Silicate Vapour Geysers,Metallic Magma,Minor Rocky Magma]",
                "atmosComp [Nitrogen >= 96]"
              ]
            }
          ]
        },
        {
          "query": [
            "# hit count: 2045",
            "atmosType [CarbonDioxide]",
            "volcanism [None]"
          ],
          "children": [
            {
              "useCommonChildren": true,
              "query": [
                "# hit count: 323",
                "    body [Rocky]",
                " gravity [0.456 ~ 0.596]",
                "    temp [215 ~ 483]",
                "pressure [0.0062 ~ ]",
                "atmosComp [SulphurDioxide >= 0.97]"
              ]
            },
            {
              "useCommonChildren": true,
              "query": [
                "# hit count: 1720",
                "    body [HMC]",
                " gravity [0.498 ~ 0.608]",
                "    temp [193 ~ 452]",
                "pressure [0.001 ~ ]",
                "atmosComp [SulphurDioxide >= 0.98]"
              ]
            }
          ]
        },
        {
          "useCommonChildren": true,
          "query": [
            "# hit count: 5",
            "atmosType [CarbonDioxideRich]",
            "     body [Rocky]",
            "  gravity [0.431 ~ 0.504]",
            "     temp [198 ~ 230]",
            " pressure [0.036 ~ 0.086]",
            "volcanism [Major Silicate Vapour Geysers,Metallic Magma,Minor Metallic Magma,Minor Silicate Vapour Geysers]",
            "atmosComp [SulphurDioxide >= 0.08]"
          ]
        },
        {
          "useCommonChildren": true,
          "query": [
            "# hit count: 83",
            "atmosType [Helium]",
            "     body [Icy]",
            "  gravity [0.494 ~ 0.525]",
            "     temp [20 ~ 21]",
            " pressure [0.0678 ~ ]",
            "volcanism [Major Water Magma,Minor Ammonia Magma,Minor Methane Magma,Minor Water Magma,Water Magma]",
            "atmosComp [Helium >= 100]"
          ]
        },
        {
          "query": [
            "# hit count: 660",
            "atmosType [Methane]",
            "atmosComp [Methane >= 100]"
          ],
          "children": [
            {
              "useCommonChildren": true,
              "query": [
                "# hit count: 399",
                "     body [Icy]",
                "  gravity [ ~ 0.046]",
                "     temp [83 ~ 109]",
                " pressure [0.0326 ~ ]",
                "volcanism [Minor Methane Magma,Minor Nitrogen Magma]"
              ]
            },
            {
              "useCommonChildren": true,
              "query": [
                "# hit count: 260",
                "     body [Rocky]",
                "  gravity [0.043 ~ 0.126]",
                "     temp [78 ~ 109]",
                " pressure [0.012 ~ ]",
                "volcanism [Major Silicate Vapour Geysers,Metallic Magma,Minor Metallic Magma,Minor Rocky Magma,Minor Silicate Vapour Geysers]"
              ]
            }
          ]
        },
        {
          "query": [
            "# hit count: 2846",
            "atmosType [Neon]"
          ],
          "children": [
            {
              "useCommonChildren": true,
              "query": [
                "# hit count: 2814",
                "     body [Icy]",
                "  gravity [0.276 ~ 0.605]",
                "     temp [20 ~ 61]",
                " pressure [0.001 ~ 0.0076]",
                "volcanism [Major Water Magma,Minor Ammonia Magma,Minor Carbon Dioxide Geysers,Minor Methane Magma,Minor Nitrogen Magma,Water Magma]",
                "atmosComp [Neon >= 100 | Helium >= 0.14]"
              ]
            },
            {
              "useCommonChildren": true,
              "query": [
                "# hit count: 32",
                "     body [RockyIce]",
                "  gravity [0.375 ~ 0.606]",
                "     temp [35 ~ 51]",
                " pressure [0.0011 ~ 0.0031]",
                "volcanism [Major Water Magma,Minor Carbon Dioxide Geysers]",
                "atmosComp [Neon >= 100]"
              ]
            }
          ]
        },
        {
          "useCommonChildren": true,
          "query": [
            "# hit count: 1139",
            "atmosType [NeonRich]",
            "     body [Icy]",
            "  gravity [0.296 ~ 0.61]",
            "     temp [20 ~ 94]",
            " pressure [0.0026 ~ ]",
            "volcanism [Major Water Magma,Minor Ammonia Magma,Minor Carbon Dioxide Geysers,Minor Methane Magma,Minor Nitrogen Magma,Minor Water Magma,Water Magma]",
            "atmosComp [Helium >= 50 | Nitrogen >= 50]"
          ]
        },
        {
          "useCommonChildren": true,
          "query": [
            "# hit count: 17",
            "atmosType [Nitrogen]",
            "     body [Icy]",
            "  gravity [0.21 ~ 0.276]",
            "     temp [57 ~ 79]",
            " pressure [0.0021 ~ 0.0953]",
            "volcanism [Carbon Dioxide Geysers,Major Water Geysers]",
            "atmosComp [Nitrogen >= 100]"
          ]
        },
        {
          "query": [
            "# hit count: 63",
            "atmosType [Oxygen]"
          ],
          "children": [
            {
              "useCommonChildren": true,
              "query": [
                "# hit count: 24",
                "     body [Icy]",
                "  gravity [0.236 ~ 0.361]",
                "     temp [152 ~ 234]",
                " pressure [0.0175 ~ 0.0952]",
                "volcanism [Major Water Geysers]",
                "atmosComp [Oxygen >= 100 | SulphurDioxide >= 0.06]"
              ]
            },
            {
              "useCommonChildren": true,
              "query": [
                "# hit count: 15",
                "     body [Rocky]",
                "  gravity [0.4 ~ 0.477]",
                "     temp [160 ~ 239]",
                " pressure [0.0265 ~ ]",
                "volcanism [Metallic Magma,Minor Silicate Vapour Geysers]",
                "atmosComp [Oxygen >= 100]"
              ]
            },
            {
              "useCommonChildren": true,
              "query": [
                "# hit count: 22",
                "     body [HMC]",
                "  gravity [0.429 ~ 0.519]",
                "     temp [178 ~ 235]",
                " pressure [0.0299 ~ 0.0964]",
                "volcanism [Major Rocky Magma,Minor Metallic Magma]",
                "atmosComp [Oxygen >= 100]"
              ]
            }
          ]
        },
        {
          "query": [
            "# hit count: 9429",
            "atmosType [SulphurDioxide]"
          ],
          "children": [
            {
              "useCommonChildren": true,
              "query": [
                "# hit count: 142",
                "     body [Icy]",
                "  gravity [0.184 ~ 0.292]",
                "     temp [149 ~ 272]",
                "volcanism [Carbon Dioxide Geysers,Major Water Geysers,Major Water Magma,Minor Carbon Dioxide Geysers,Water Geysers]",
                "atmosComp [SulphurDioxide >= 100]"
              ]
            },
            {
              "useCommonChildren": true,
              "query": [
                "# hit count: 1529",
                "     body [Rocky]",
                "  gravity [0.261 ~ 0.587]",
                "     temp [148 ~ 493]",
                "volcanism [Major Silicate Vapour Geysers,Metallic Magma,Minor Metallic Magma,Minor Rocky Magma,Minor Silicate Vapour Geysers]",
                "atmosComp [SulphurDioxide >= 100 | CarbonDioxide >= 34]",
                "# Excluding volcanism:none"
              ]
            },
            {
              "useCommonChildren": true,
              "query": [
                "# hit count: 176",
                "     body [Rocky]",
                "  gravity [0.372 ~ 0.587]",
                "     temp [300 ~ 478]",
                " pressure [0.001 ~ 0.0934]",
                "volcanism [None]",
                "atmosComp [SulphurDioxide >= 100 | CarbonDioxide >= 37]",
                "# Forcing only volcanism:none"
              ]
            },
            {
              "useCommonChildren": true,
              "query": [
                "# hit count: 23",
                "     body [RockyIce]",
                "  gravity [0.216 ~ 0.381]",
                "     temp [152 ~ 313]",
                " pressure [0.0029 ~ 0.0968]",
                "volcanism [None,Major Water Geysers,Major Water Magma,Minor Carbon Dioxide Geysers]",
                "atmosComp [SulphurDioxide >= 100]"
              ]
            },
            {
              "useCommonChildren": true,
              "query": [
                "# hit count: 7735",
                "     body [HMC]",
                "  gravity [0.289 ~ 0.607]",
                "     temp [153 ~ 500]",
                "volcanism [Major Rocky Magma,Major Silicate Vapour Geysers,Metallic Magma,Minor Metallic Magma,Minor Silicate Vapour Geysers,Rocky Magma]",
                "atmosComp [SulphurDioxide >= 100]",
                "# Excluding volcanism:none"
              ]
            },
            {
              "useCommonChildren": true,
              "query": [
                "# hit count: 1261",
                "     body [HMC]",
                "  gravity [0.397 ~ 0.604]",
                "     temp [300 ~ 500]",
                "volcanism [None]",
                "atmosComp [SulphurDioxide >= 100 | CarbonDioxide >= 3.7]",
                "# Forcing only volcanism:none"
              ]
            }
          ]
        },
        {
          "query": [
            "# hit count: 3285",
            "atmosType [Water]",
            "atmosComp [Water >= 100]"
          ],
          "children": [
            {
              "useCommonChildren": true,
              "query": [
                "# hit count: 2358",
                "     body [Rocky]",
                "  gravity [0.04 ~ 0.056]",
                "     temp [395 ~ 452]",
                " pressure [0.0552 ~ ]",
                "volcanism [None,Minor Water Magma]"
              ]
            },
            {
              "useCommonChildren": true,
              "query": [
                "# hit count: 927",
                "     body [HMC]",
                "  gravity [0.045 ~ 0.063]",
                "     temp [393 ~ 452]",
                " pressure [0.0525 ~ ]",
                "volcanism [None]"
              ]
            }
          ]
        },
        {
          "query": [
            "# hit count: 10",
            "atmosType [WaterRich]"
          ],
          "children": [
            {
              "useCommonChildren": true,
              "query": [
                "# hit count: 5",
                "     body [Icy]",
                "  gravity [0.325 ~ 0.434]",
                "     temp [257 ~ 305]",
                " pressure [0.0477 ~ ]",
                "volcanism [Minor Nitrogen Magma]",
                "atmosComp [Argon >= 84]"
              ]
            },
            {
              "useCommonChildren": true,
              "query": [
                "# hit count: 5",
                "     body [RockyIce]",
                "  gravity [0.399 ~ 0.438]",
                "     temp [242 ~ 320]",
                " pressure [0.0206 ~ 0.0861]",
                "volcanism [Major Water Geysers,Water Geysers]",
                "atmosComp [Argon >= 79]"
              ]
            }
          ]
        }
      ]
    },

    {
      "species": "Verrata",
      "query": [
        "# hit count: 2295"
      ],
      "commonChildren": [
        { "variant": "Red", "query": [ " mats [Mercury]" ] },
        { "variant": "Mulberry", "query": [ "mats [Niobium]" ] },
        { "variant": "Blue", "query": [ " mats [Tin]" ] },
        { "variant": "Lime", "query": [ "  mats [Tungsten]" ] },
        { "variant": "White", "query": [ " mats [Molybdenum]" ] },
        { "variant": "Peach", "query": [ "   mats [Cadmium]" ] }
      ],
      "children": [
        {
          "query": [
            "# hit count: 27",
            "atmosType [Ammonia]",
            "atmosComp [Ammonia >= 100]"
          ],
          "children": [
            {
              "useCommonChildren": true,
              "query": [
                "# hit count: 16",
                "     body [Icy]",
                "  gravity [ ~ 0.234]",
                "     temp [164 ~ 175]",
                " pressure [0.0022 ~ 0.0133]",
                "volcanism [Major Water Magma,Water Magma]"
              ]
            },
            {
              "useCommonChildren": true,
              "query": [
                "# hit count: 9",
                "     body [Rocky]",
                "  gravity [0.046 ~ 0.058]",
                "     temp [171 ~ 176]",
                " pressure [0.0071 ~ 0.0116]",
                "volcanism [Minor Water Magma]"
              ]
            }
          ]
        },
        {
          "query": [
            "# hit count: 440",
            "atmosType [Argon]"
          ],
          "children": [
            {
              "useCommonChildren": true,
              "query": [
                "# hit count: 434",
                "     body [Icy]",
                "  gravity [0.167 ~ 0.33]",
                "     temp [57 ~ 229]",
                " pressure [ ~ 0.0959]",
                "volcanism [Major Water Geysers,Major Water Magma,Water Geysers]",
                "atmosComp [Argon >= 100 | Nitrogen >= 0.5]"
              ]
            },
            {
              "useCommonChildren": true,
              "query": [
                "# hit count: 6",
                "     body [RockyIce]",
                "  gravity [0.237 ~ 0.266]",
                "     temp [84 ~ 113]",
                " pressure [0.0064 ~ 0.0771]",
                "volcanism [Major Water Geysers,Water Geysers,Water Magma]",
                "atmosComp [Argon >= 100]"
              ]
            }
          ]
        },
        {
          "useCommonChildren": true,
          "query": [
            "# hit count: 68",
            "atmosType [Helium]",
            "     body [Icy]",
            "  gravity [0.495 ~ 0.534]",
            "     temp [20 ~ 21]",
            " pressure [0.0678 ~ ]",
            "volcanism [Major Water Magma,Minor Water Magma,Water Magma]",
            "atmosComp [Helium >= 100]"
          ]
        },
        {
          "query": [
            "# hit count: 1133",
            "atmosType [Neon]"
          ],
          "children": [
            {
              "useCommonChildren": true,
              "query": [
                "# hit count: 1106",
                "     body [Icy]",
                "  gravity [0.268 ~ 0.603]",
                "     temp [20 ~ 51]",
                " pressure [ ~ 0.0076]",
                "volcanism [Major Water Magma,Minor Water Magma,Water Magma]",
                "atmosComp [Neon >= 100 | Helium >= 0.14]"
              ]
            },
            {
              "useCommonChildren": true,
              "query": [
                "# hit count: 27",
                "     body [RockyIce]",
                "  gravity [0.396 ~ 0.601]",
                "     temp [29 ~ 50]",
                " pressure [0.001 ~ 0.0028]",
                "volcanism [Major Water Magma]",
                "atmosComp [Neon >= 100]"
              ]
            }
          ]
        },
        {
          "useCommonChildren": true,
          "query": [
            "# hit count: 556",
            "atmosType [NeonRich]",
            "     body [Icy]",
            "  gravity [0.43 ~ 0.61]",
            "     temp [20 ~ 65]",
            " pressure [0.006 ~ ]",
            "volcanism [Major Water Magma,Minor Water Magma,Water Magma]",
            "atmosComp [Helium >= 50]"
          ]
        },
        {
          "useCommonChildren": true,
          "query": [
            "# hit count: 18",
            "atmosType [Nitrogen]",
            "     body [Icy]",
            "  gravity [0.212 ~ 0.241]",
            "     temp [59 ~ 80]",
            " pressure [0.0022 ~ 0.0948]",
            "volcanism [Major Water Geysers]",
            "atmosComp [Nitrogen >= 100]"
          ]
        },
        {
          "query": [
            "# hit count: 23",
            "atmosType [Oxygen]"
          ],
          "children": [
            {
              "useCommonChildren": true,
              "query": [
                "# hit count: 17",
                "     body [Icy]",
                "  gravity [0.243 ~ 0.324]",
                "     temp [154 ~ 199]",
                " pressure [0.0194 ~ 0.0878]",
                "volcanism [Major Water Geysers,Major Water Magma]",
                "atmosComp [Oxygen >= 99 | SulphurDioxide >= 0.06]"
              ]
            },
            {
              "useCommonChildren": true,
              "query": [
                "# hit count: 6",
                "     body [RockyIce]",
                "  gravity [0.341 ~ 0.38]",
                "     temp [168 ~ 220]",
                " pressure [0.0252 ~ 0.0955]",
                "volcanism [Major Water Geysers,Major Water Magma,Minor Water Geysers,Minor Water Magma,Water Magma]",
                "atmosComp [Oxygen >= 100]"
              ]
            }
          ]
        },
        {
          "useCommonChildren": true,
          "query": [
            "# hit count: 17",
            "atmosType [Water]",
            "     body [Rocky]",
            "  gravity [0.042 ~ 0.054]",
            "     temp [406 ~ 442]",
            " pressure [0.062 ~ ]",
            "volcanism [Minor Water Magma]",
            "atmosComp [Water >= 100]"
          ]
        }
      ]
    },

    {
      "species": "Vesicula",
      "query": [
        "# hit count: 10000",
        "atmosType [Argon]"
      ],
      "commonChildren": [
        { "variant": "Gold", "query": [ "    mats [Technetium]" ] },
        { "variant": "Red", "query": [ "     mats [Tellurium]" ] },
        { "variant": "Orange", "query": [ "  mats [Polonium]" ] },
        { "variant": "Mulberry", "query": [ "mats [Ruthenium]" ] },
        { "variant": "Cyan", "query": [ "    mats [Antimony]" ] },
        { "variant": "Lime", "query": [ "    mats [Yttrium]" ] }
      ],
      "children": [
        {
          "useCommonChildren": true,
          "query": [
            "# hit count: 10000",
            "     body [Icy]",
            "  gravity [ ~ 0.491]",
            "     temp [50 ~ 267]",
            "volcanism [None,Carbon Dioxide Geysers,Major Water Geysers,Minor Carbon Dioxide Geysers,Minor Nitrogen Magma]",
            "atmosComp [Argon >= 100 | Oxygen >= 2.6 | Nitrogen >= 0.06 | CarbonDioxide >= 0.06]"
          ]
        },
        {
          "useCommonChildren": true,
          "query": [
            "# hit count: 59",
            "     body [Rocky]",
            "  gravity [0.133 ~ 0.421]",
            "     temp [55 ~ 148]",
            " pressure [0.0012 ~ 0.0855]",
            "volcanism [None]",
            "atmosComp [Argon >= 100 | Nitrogen >= 3]"
          ]
        },
        {
          "useCommonChildren": true,
          "query": [
            "# hit count: 8123",
            "     body [RockyIce]",
            "  gravity [0.059 ~ 0.51]",
            "     temp [50 ~ 245]",
            "volcanism [None]",
            "atmosComp [Argon >= 100 | Oxygen >= 30 | Nitrogen >= 0.06 | CarbonDioxide >= 0.06]"
          ]
        },
        {
          "useCommonChildren": true,
          "query": [
            "# hit count: 872",
            "     body [HMC]",
            "  gravity [0.142 ~ 0.452]",
            "     temp [54 ~ 149]",
            " pressure [0.001 ~ ]",
            "volcanism [None]",
            "atmosComp [Argon >= 100 | Nitrogen >= 1.8]"
          ]
        }
      ]
    },

    {
      "species": "Volu",
      "query": [
        "# hit count: 3229",
        "atmosType [Oxygen]"
      ],
      "commonChildren": [
        { "variant": "Lime", "query": [ "      mats [Technetium]" ] },
        { "variant": "Cyan", "query": [ "      mats [Tellurium]" ] },
        { "variant": "Aquamarine", "query": [ "mats [Polonium]" ] },
        { "variant": "Cobalt", "query": [ "    mats [Ruthenium]" ] },
        { "variant": "Red", "query": [ "       mats [Antimony]" ] },
        { "variant": "Gold", "query": [ "      mats [Yttrium]" ] }
      ],
      "children": [
        {
          "useCommonChildren": true,
          "query": [
            "# hit count: 2283",
            "     body [Icy]",
            "  gravity [0.239 ~ 0.422]",
            "     temp [143 ~ 238]",
            " pressure [0.0136 ~ ]",
            "volcanism [None,Carbon Dioxide Geysers,Major Water Geysers,Minor Nitrogen Magma]",
            "atmosComp [Oxygen >= 100 | Argon >= 0.5 | SulphurDioxide >= 0.06 | CarbonDioxide >= 0.06]"
          ]
        },
        {
          "useCommonChildren": true,
          "query": [
            "# hit count: 54",
            "     body [Rocky]",
            "  gravity [0.355 ~ 0.604]",
            "     temp [155 ~ 246]",
            " pressure [0.025 ~ ]",
            "volcanism [None]",
            "atmosComp [Oxygen >= 100 | Nitrogen >= 9 | SulphurDioxide >= 0.07 | CarbonDioxide >= 0.13]"
          ]
        },
        {
          "useCommonChildren": true,
          "query": [
            "# hit count: 604",
            "     body [RockyIce]",
            "  gravity [0.297 ~ 0.468]",
            "     temp [149 ~ 238]",
            " pressure [0.0168 ~ ]",
            "volcanism [None]",
            "atmosComp [Oxygen >= 100 | Argon >= 0.43 | SulphurDioxide >= 0.06 | CarbonDioxide >= 0.06]"
          ]
        },
        {
          "useCommonChildren": true,
          "query": [
            "# hit count: 288",
            "     body [HMC]",
            "  gravity [0.369 ~ 0.524]",
            "     temp [155 ~ 246]",
            " pressure [0.0231 ~ ]",
            "volcanism [None]",
            "atmosComp [Oxygen >= 100 | SulphurDioxide >= 0.09 | CarbonDioxide >= 0.11]"
          ]
        }
      ]
    }

  ]
}
