{
  "genus": "Cactoida",
  "commonChildren": [
    { "variant": "Grey", "query": [ "     star [O]" ] },
    { "variant": "Green", "query": [ "    star [A]" ] },
    { "variant": "Yellow", "query": [ "   star [F]" ] },
    { "variant": "Teal", "query": [ "     star [G]" ] },
    { "variant": "Amethyst", "query": [ " star [M]" ] },
    { "variant": "Mauve", "query": [ "    star [L]" ] },
    { "variant": "Orange", "query": [ "   star [T]" ] },
    { "variant": "Red", "query": [ "      star [TTS]" ] },
    { "variant": "Ocher", "query": [ "    star [Y]" ] },
    { "variant": "Indigo", "query": [ "   star [W]" ] },
    { "variant": "Turquoise", "query": [ "star [D]" ] },
    { "variant": "Sage", "query": [ "     star [N]" ] }
  ],
  "children": [

    {
      "species": "Cortexum",
      "useCommonChildren": true,
      "query": [
        "     body [Rocky,HMC]",
        "atmosType [CarbonDioxide]",
        "atmosComp [CarbonDioxide >= 97.5]",
        "  gravity [0.04 ~ 0.28]",
        "     temp [180 ~ 196]",
        " pressure [0.025 ~ ]",
        "  regions [1,4,7,8,9,16,17,18,33,34,35]",
        "volcanism [None]"
      ]
    },

    {
      "species": "Lapis",
      "useCommonChildren": true,
      "query": [
        "     body [Rocky,HMC]",
        "atmosType [Ammonia]",
        "atmosComp [Ammonia >= 100]",
        "  gravity [0.04 ~ 0.29]",
        "     temp [160 ~ 177]",
        " pressure [0.00098 ~ 0.0133]",
        "  regions [1,4,7,8,8,9,16,16,17,17,18,18,19,20,21,22,23,33,34,35,35,40]"
      ]
    },

    {
      "species": "Peperatis",
      "useCommonChildren": true,
      "query": [
        "     body [Rocky,HMC]",
        "atmosType [Ammonia]",
        "atmosComp [Ammonia >= 100]",
        "  gravity [0.04 ~ 0.29]",
        "     temp [160 ~ 177]",
        " pressure [0.00098 ~ 0.0134]",
        "  regions [1,4,9,10,11,12,16,24,25,26,28,42]"
      ]
    },

    {
      "species": "Pullulanta",
      "query": [
        "     body [Rocky,HMC]",
        "atmosType [CarbonDioxide]",
        "atmosComp [CarbonDioxide >= 97.5]",
        "  gravity [0.04 ~ 0.28]",
        "     temp [180 ~ 196]",
        " pressure [0.025 ~ ]",
        "volcanism [None]",
        "  regions [1,3,7,15,30,32,33,34,36,38,39]"
      ],
      "children": [
        { "variant": "Grey", "query": [ "     star [O]" ] },
        { "variant": "Green", "query": [ "    star [A]" ] },
        { "variant": "Yellow", "query": [ "   star [F]" ] },
        { "variant": "Teal", "query": [ "     star [G]" ] },
        { "variant": "Amethyst", "query": [ " star [M]" ] },
        { "variant": "Mauve", "query": [ "    star [L]" ] },
        { "variant": "Orange", "query": [ "   star [T]" ] },
        { "variant": "Red", "query": [ "      star [TTS]" ] },
        { "variant": "Ocher", "query": [ "    star [Y]" ] },
        { "variant": "Indigo", "query": [ "   star [W]" ] },
        { "variant": "Turquoise", "query": [ "star [D]" ] },
        { "variant": "Sage", "query": [ "     star [N]" ] }
      ]
    },

    {
      "species": "Vermis",
      "children": [
        {
          "useCommonChildren": true,
          "query": [
            "     body [Rocky,HMC]",
            "atmosType [Water]",
            "atmosComp [Water >= 100]",
            "  gravity [0.04 ~ 0.07]",
            "     temp [390 ~ 450]",
            " pressure [0.05 ~ ]",
            "volcanism [None,Minor Water Magma]"
          ]
        },
        {
          "useCommonChildren": true,
          "query": [
            "     body [Rocky]",
            "atmosType [SulphurDioxide]",
            "atmosComp [SulphurDioxide >= 100]",
            "  gravity [0.04 ~ 0.28]",
            "     temp [160 ~ 207]",
            " pressure [0.001 ~ 0.0035]"
          ]
        },
        {
          "query": [
            "     body [Rocky,HMC]",
            "atmosType [CarbonDioxide]",
            "  gravity [0.05 ~ 0.27]",
            "     temp [180 ~ 196]",
            " pressure [0.026 ~ 0.097]",
            "volcanism [None]"
          ],
          "children": [
            {
              "useCommonChildren": true,
              "query": [
                "atmosComp [SulphurDioxide >= 0.99]"
              ]
            },
            {
              "useCommonChildren": true,
              "query": [
                "atmosComp [CarbonDioxide >= 100]"
              ]
            }
          ]
        }
      ]
    }

  ]
}
