{
  "genus": "Cactoida",
  "commonChildren": [
    { "variant": "Grey", "query": [ "     star [O]" ] },
    { "variant": "Green", "query": [ "    star [A]" ] },
    { "variant": "Yellow", "query": [ "   star [F]" ] },
    { "variant": "Teal", "query": [ "     star [G]" ] },
    { "variant": "Amethyst", "query": [ " star [M]" ] },
    { "variant": "Mauve", "query": [ "    star [L]" ] },
    { "variant": "Orange", "query": [ "   star [T]" ] },
    { "variant": "Red", "query": [ "      star [TTS]" ] },
    { "variant": "Ocher", "query": [ "    star [Y]" ] },
    { "variant": "Indigo", "query": [ "   star [W]" ] },
    { "variant": "Turquoise", "query": [ "star [D]" ] },
    { "variant": "Sage", "query": [ "     star [N]" ] }
  ],
  "query": [
    "body [HMC,Rocky]"
  ],
  "children": [

    {
      "species": "Cortexum",
      "query": [
        "# hit count: 10000",
        "atmosType [CarbonDioxide]",
        "     temp [180 ~ 196]",
        "volcanism [None]",
        "atmosComp [CarbonDioxide >= 100 | SulphurDioxide >= 0.99]",
        "  regions [1,4,7,8,9,16,17,18,33,34,35]"
      ],
      "children": [
        {
          "useCommonChildren": true,
          "query": [
            "# hit count: 8951",
            "    body [Rocky]",
            " gravity [0.04 ~ 0.237]",
            "pressure [0.0254 ~ ]"
          ]
        },
        {
          "useCommonChildren": true,
          "query": [
            "# hit count: 2467",
            "    body [HMC]",
            " gravity [0.052 ~ 0.271]",
            "pressure [0.027 ~ ]"
          ]
        }
      ]
    },

    {
      "species": "Lapis",
      "query": [
        "# hit count: 10000",
        "atmosType [Ammonia]",
            "  gravity [0.04 ~ 0.276]",
        "     temp [160 ~ 177]",
        "atmosComp [Ammonia >= 100]",
        "  regions [1,4,7,8,8,9,16,16,17,17,18,18,19,20,21,22,23,33,34,35,35,40]"
      ],
      "children": [
        {
          "useCommonChildren": true,
          "query": [
            "# hit count: 10000",
            "     body [Rocky]",
            " pressure [ ~ 0.0133]",
            "volcanism [None,Major Silicate Vapour Geysers,Minor Water Magma]"
          ]
        },
        {
          "useCommonChildren": true,
          "query": [
            "# hit count: 4811",
            "     body [HMC]",
            " pressure [ ~ 0.011]",
            "volcanism [None]"
          ]
        }
      ]
    },

    {
      "species": "Peperatis",
      "query": [
        "# hit count: 6700",
        "atmosType [Ammonia]",
        "     temp [160 ~ 177]",
        "atmosComp [Ammonia >= 100]",
        "  regions [1,4,9,10,11,12,16,24,25,26,28,42]"
      ],
      "children": [
        {
          "useCommonChildren": true,
          "query": [
            "# hit count: 5455",
            "     body [Rocky]",
            "  gravity [0.041 ~ 0.276]",
            " pressure [ ~ 0.0134]",
            "volcanism [None,Minor Water Magma]"
          ]
        },
        {
          "useCommonChildren": true,
          "query": [
            "# hit count: 1245",
            "     body [HMC]",
            "  gravity [0.051 ~ 0.276]",
            " pressure [ ~ 0.0116]",
            "volcanism [None]"
          ]
        }
      ]
    },

    {
      "species": "Pullulanta",
      "query": [
        "# hit count: 4679",
        "atmosType [CarbonDioxide]",
        "     temp [180 ~ 196]",
        "volcanism [None]",
        "atmosComp [CarbonDioxide >= 100 | SulphurDioxide >= 0.99]",
        "  regions [1,3,7,15,30,32,33,34,36,38,39]"
      ],
      "children": [
        {
          "useCommonChildren": true,
          "query": [
            "# hit count: 3549",
            "    body [Rocky]",
            " gravity [0.041 ~ 0.238]",
            "pressure [0.0257 ~ ]"
          ]
        },
        {
          "useCommonChildren": true,
          "query": [
            "# hit count: 1130",
            "    body [HMC]",
            " gravity [0.139 ~ 0.27]",
            "pressure [0.0264 ~ ]"
          ]
        }
      ]
    },

    {
      "species": "Vermis",
      "query": [
        "# hit count: 6418"
      ],
      "children": [
        {
          "query": [
            "# hit count: 150",
            "atmosType [CarbonDioxide]",
            "volcanism [None]",
            "atmosComp [CarbonDioxide >= 100 | SulphurDioxide >= 0.99]"
          ],
          "children": [
            {
              "useCommonChildren": true,
              "query": [
                "# hit count: 130",
                "    body [Rocky]",
                " gravity [0.045 ~ 0.234]",
                "    temp [180 ~ 196]",
                "pressure [0.026 ~ 0.0961]"
              ]
            },
            {
              "useCommonChildren": true,
              "query": [
                "# hit count: 20",
                "    body [HMC]",
                " gravity [0.173 ~ 0.265]",
                "    temp [180 ~ 195]",
                "pressure [0.0415 ~ 0.0957]"
              ]
            }
          ]
        },
        {
          "useCommonChildren": true,
          "query": [
            "# hit count: 13",
            "atmosType [SulphurDioxide]",
            "     body [Rocky]",
            "  gravity [0.266 ~ 0.275]",
            "     temp [160 ~ 207]",
            " pressure [0.0011 ~ 0.0035]",
            "volcanism [Major Silicate Vapour Geysers,Metallic Magma]",
            "atmosComp [SulphurDioxide >= 100]"
          ]
        },
        {
          "query": [
            "# hit count: 6255",
            "atmosType [Water]",
            "atmosComp [Water >= 100]"
          ],
          "children": [
            {
              "useCommonChildren": true,
              "query": [
                "# hit count: 4517",
                "     body [Rocky]",
                "  gravity [ ~ 0.056]",
                "     temp [393 ~ 450]",
                " pressure [0.0532 ~ ]",
                "volcanism [None,Minor Water Magma]"
              ]
            },
            {
              "useCommonChildren": true,
              "query": [
                "# hit count: 1738",
                "     body [HMC]",
                "  gravity [0.044 ~ 0.063]",
                "     temp [390 ~ 450]",
                " pressure [0.0509 ~ ]",
                "volcanism [None]"
              ]
            }
          ]
        }
      ]
    }

  ]
}
