{
  "genus": "Clypeus",
  "commonChildren": [
    { "variant": "Maroon", "query": [ "   star [B]" ] },
    { "variant": "Orange", "query": [ "   star [A]" ] },
    { "variant": "Mauve", "query": [ "    star [F]" ] },
    { "variant": "Amethyst", "query": [ " star [G]" ] },
    { "variant": "Grey", "query": [ "     star [K]" ] },
    { "variant": "Turquoise", "query": [ "star [M]" ] },
    { "variant": "Teal", "query": [ "     star [L]" ] },
    { "variant": "Green", "query": [ "    star [Y]" ] },
    { "variant": "Lime", "query": [ "     star [D]" ] },
    { "variant": "Yellow", "query": [ "   star [N]" ] }
  ],
  "children": [

    {
      "species": "Lacrimam",
      "useCommonChildren": true,
      "query": [
        "     body [Rocky]",
        "atmosType [CarbonDioxide]",
        "atmosComp [CarbonDioxide >= 97.5]",
        "  gravity [0.04 ~ 0.24]",
        "     temp [190 ~ 199]",
        " pressure [0.054 ~ ]",
        "volcanism [None]"
      ]
    },
    {
      "species": "Lacrimam",
      "useCommonChildren": true,
      "query": [
        "     body [Rocky]",
        "atmosType [Water]",
        "atmosComp [Water >= 100]",
        "  gravity [0.04 ~ 0.07]",
        "     temp [394 ~ 452]",
        " pressure [0.053 ~ ]",
        "volcanism [None, Minor Water Magma]"
      ]
    },

    {
      "species": "Margaritus",
      "useCommonChildren": true,
      "query": [
        "     body [HMC]",
        "atmosType [CarbonDioxide]",
        "atmosComp [CarbonDioxide >= 97.5]",
        "  gravity [0.06 ~ 0.27]",
        "     temp [190 ~ 196]",
        " pressure [0.054 ~ ]",
        "volcanism [None]"
      ]
    },
    {
      "species": "Margaritus",
      "useCommonChildren": true,
      "query": [
        "     body [HMC]",
        "atmosType [Water]",
        "atmosComp [Water >= 100]",
        "  gravity [0.04 ~ 0.07]",
        "     temp [390 ~ 452]",
        " pressure [0.050 ~ ]",
        "volcanism [None]"
      ]
    },

    {
      "species": "Speculumi",
      "useCommonChildren": true,
      "query": [
        "     body [Rocky]",
        "atmosType [CarbonDioxide]",
        "atmosComp [CarbonDioxide >= 97.5]",
        "  gravity [0.04 ~ 0.25]",
        "     temp [190 ~ 196]",
        " pressure [0.054 ~ ]",
        "volcanism [None]",
        "     dist [2500 ~ ]"
      ]
    },
    {
      "species": "Speculumi",
      "useCommonChildren": true,
      "query": [
        "     body [Rocky]",
        "atmosType [Water]",
        "atmosComp [Water >= 100]",
        "  gravity [0.04 ~ 0.07]",
        "     temp [392 ~ 452]",
        " pressure [0.052 ~ ]",
        "volcanism [None,Minor Water Magma]",
        "     dist [2500 ~ ]"
      ]
    }

  ]
}

