{
  "genus": "Concha",
  "query": [
    "body [HMC,Rocky]"
  ],
  "children": [

    {
      "species": "Aureolas",
      "query": [
        "# hit count: 9186",
        "atmosType [Ammonia]",
        "     temp [152 ~ 177]",
        "atmosComp [Ammonia >= 100]"
      ],
      "commonChildren": [
        { "variant": "Indigo", "query": [ "   star [B]" ] },
        { "variant": "Teal", "query": [ "     star [A]" ] },
        { "variant": "Grey", "query": [ "     star [F]" ] },
        { "variant": "Turquoise", "query": [ "star [G]" ] },
        { "variant": "Red", "query": [ "      star [K]" ] },
        { "variant": "Orange", "query": [ "   star [L]" ] },
        { "variant": "Yellow", "query": [ "   star [Y]" ] },
        { "variant": "Green", "query": [ "    star [D]" ] },
        { "variant": "Emerald", "query": [ "  star [N]" ] }
      ],
      "children": [
        {
          "useCommonChildren": true,
          "query": [
            "# hit count: 9119",
            "     body [Rocky]",
            "  gravity [ ~ 0.275]",
            " pressure [ ~ 0.0134]",
            "volcanism [None,Major Silicate Vapour Geysers,Metallic Magma,Minor Metallic Magma,Minor Water Magma]"
          ]
        },
        {
          "useCommonChildren": true,
          "query": [
            "# hit count: 67",
            "     body [HMC]",
            "  gravity [0.045 ~ 0.269]",
            " pressure [ ~ 0.0117]",
            "volcanism [None]"
          ]
        }
      ]
    },

    {
      "species": "Biconcavis",
      "query": [
        "# hit count: 404",
        "atmosType [Nitrogen]",
        "volcanism [None]",
        "atmosComp [Nitrogen >= 100]"
      ],
      "commonChildren": [
        { "variant": "White", "query": [ " mats [Technetium]" ] },
        { "variant": "Yellow", "query": [ "mats [Tellurium]" ] },
        { "variant": "Red", "query": [ "   mats [Polonium]" ] },
        { "variant": "Orange", "query": [ "mats [Ruthenium]" ] },
        { "variant": "Peach", "query": [ " mats [Antimony]" ] },
        { "variant": "Gold", "query": [ "  mats [Yttrium]" ] }
      ],"children": [
        {
          "useCommonChildren": true,
          "query": [
            "# hit count: 395",
            "    body [Rocky]",
            " gravity [0.053 ~ 0.275]",
            "    temp [42 ~ 51]",
            "pressure [ ~ 0.0096]"
          ]
        },
        {
          "useCommonChildren": true,
          "query": [
            "# hit count: 9",
            "    body [HMC]",
            " gravity [0.148 ~ 0.275]",
            "    temp [46 ~ 50]",
            "pressure [0.001 ~ 0.0035]"
          ]
        }
      ]
    },

    {
      "species": "Labiata",
      "query": [
        "# hit count: 10000",
        "# hit count: 10000",
        "atmosType [CarbonDioxide]",
        "volcanism [None]"
      ],
      "commonChildren": [
        { "variant": "Indigo", "query": [ "   star [B]" ] },
        { "variant": "Teal", "query": [ "     star [A]" ] },
        { "variant": "Grey", "query": [ "     star [F]" ] },
        { "variant": "Turquoise", "query": [ "star [G]" ] },
        { "variant": "Red", "query": [ "      star [K]" ] },
        { "variant": "Orange", "query": [ "   star [L]" ] },
        { "variant": "Yellow", "query": [ "   star [Y]" ] },
        { "variant": "Lime", "query": [ "     star [W]" ] },
        { "variant": "Green", "query": [ "    star [D]" ] },
        { "variant": "Emerald", "query": [ "  star [N]" ] }
      ],
      "children": [
        {
          "useCommonChildren": true,
          "query": [
            "# hit count: 10000",
            "     body [Rocky]",
            "  gravity [ ~ 0.237]",
            "     temp [150 ~ 199]",
            " pressure [0.0029 ~ ]",
            "atmosComp [CarbonDioxide >= 100 | SulphurDioxide >= 0.96]"
          ]
        },
        {
          "useCommonChildren": true,
          "query": [
            "# hit count: 662",
            "     body [HMC]",
            "  gravity [ ~ 0.265]",
            "     temp [150 ~ 196]",
            " pressure [0.002 ~ 0.097]",
            "atmosComp [CarbonDioxide >= 100 | SulphurDioxide >= 0.99]"
          ]
        }
      ]
    },

    {
      "species": "Renibus",
      "query": [
        "# hit count: 10000"
      ],
      "commonChildren": [
        { "variant": "Mulberry", "query": [ "  mats [Mercury]" ] },
        { "variant": "Blue", "query": [ "      mats [Niobium]" ] },
        { "variant": "Aquamarine", "query": [ "mats [Tin]" ] },
        { "variant": "White", "query": [ "     mats [Tungsten]" ] },
        { "variant": "Peach", "query": [ "     mats [Molybdenum]" ] },
        { "variant": "Red", "query": [ "       mats [Cadmium]" ] }
      ],
      "children": [
        {
          "useCommonChildren": true,
          "query": [
            "# hit count: 14",
            "atmosType [Ammonia]",
            "     body [Rocky]",
            "  gravity [ ~ 0.169]",
            "     temp [163 ~ 177]",
            " pressure [0.0017 ~ 0.0132]",
            "volcanism [Major Silicate Vapour Geysers]",
            "atmosComp [Ammonia >= 100]"
          ]
        },
        {
          "query": [
            "# hit count: 10000",
            "atmosType [CarbonDioxide]",
            "     temp [180 ~ 196]",
            "volcanism [None]",
            "atmosComp [CarbonDioxide >= 100 | SulphurDioxide >= 0.99]"
          ],
          "children": [
            {
              "useCommonChildren": true,
              "query": [
                "# hit count: 10000",
                "    body [Rocky]",
                " gravity [0.041 ~ 0.238]",
                "pressure [0.0255 ~ ]"
              ]
            },
            {
              "useCommonChildren": true,
              "query": [
                "# hit count: 585",
                "    body [HMC]",
                " gravity [0.076 ~ 0.269]",
                "pressure [0.0258 ~ ]"
              ]
            }
          ]
        },
        {
          "useCommonChildren": true,
          "query": [
            "# hit count: 51",
            "atmosType [Methane]",
            "     body [Rocky]",
            "  gravity [0.043 ~ 0.112]",
            "     temp [79 ~ 103]",
            " pressure [0.0125 ~ 0.0814]",
            "volcanism [Major Silicate Vapour Geysers]",
            "atmosComp [Methane >= 100]"
          ]
        },
        {
          "query": [
            "# hit count: 6819",
            "atmosType [Water]",
            "atmosComp [Water >= 100]"
          ],
          "children": [
            {
              "useCommonChildren": true,
              "query": [
                "# hit count: 4887",
                "     body [Rocky]",
                "  gravity [ ~ 0.056]",
                "     temp [392 ~ 452]",
                " pressure [0.0528 ~ ]",
                "volcanism [None,Minor Water Magma]"
              ]
            },
            {
              "useCommonChildren": true,
              "query": [
                "# hit count: 1932",
                "     body [HMC]",
                "  gravity [0.045 ~ 0.064]",
                "     temp [390 ~ 452]",
                " pressure [0.0521 ~ ]",
                "volcanism [None]"
              ]
            }
          ]
        }
      ]
    }

  ]
}
