{
  "genus": "Concha",
  "query": [
    "body [HMC,Rocky]"
  ],
  "children": [

    {
      "species": "Aureolas",
      "query": [
        "atmosType [Ammonia]",
        "atmosComp [Ammonia >= 100]",
        "  gravity [0.04 ~ 0.28]",
        "     temp [152 ~ 177]",
        " pressure [0.00098 ~ 0.0134]"
      ],
      "children": [
        { "variant": "Indigo", "query": [ "   star [B]" ] },
        { "variant": "Teal", "query": [ "     star [A]" ] },
        { "variant": "Grey", "query": [ "     star [F]" ] },
        { "variant": "Turquoise", "query": [ "star [G]" ] },
        { "variant": "Red", "query": [ "      star [K]" ] },
        { "variant": "Orange", "query": [ "   star [L]" ] },
        { "variant": "Yellow", "query": [ "   star [Y]" ] },
        { "variant": "Green", "query": [ "    star [D]" ] },
        { "variant": "Emerald", "query": [ "  star [N]" ] }
      ]
    },

    {
      "species": "Biconcavis",
      "query": [
        "atmosType [Nitrogen]",
        "atmosComp [Nitrogen >= 100]",
        "  gravity [0.05 ~ 0.27]",
        "     temp [42 ~ 51]",
        " pressure [0.0009 ~ 0.0047]",
        "volcanism [None]"
      ],
      "children": [
        { "variant": "White", "query": [ " mats [Technetium]" ] },
        { "variant": "Yellow", "query": [ "mats [Tellurium]" ] },
        { "variant": "Red", "query": [ "   mats [Polonium]" ] },
        { "variant": "Orange", "query": [ "mats [Ruthenium]" ] },
        { "variant": "Peach", "query": [ " mats [Antimony]" ] },
        { "variant": "Gold", "query": [ "  mats [Yttrium]" ] }
      ]
    },

    {
      "species": "Labiata",
      "query": [
        "atmosType [CarbonDioxide]",
        "atmosComp [CarbonDioxide >= 97.5]",
        "  gravity [0.04 ~ 0.27]",
        "     temp [150 ~ 199]",
        " pressure [0.002 ~ ]",
        "volcanism [None]"
      ],
      "children": [
        { "variant": "Indigo", "query": [ "   star [B]" ] },
        { "variant": "Teal", "query": [ "     star [A]" ] },
        { "variant": "Grey", "query": [ "     star [F]" ] },
        { "variant": "Turquoise", "query": [ "star [G]" ] },
        { "variant": "Red", "query": [ "      star [K]" ] },
        { "variant": "Orange", "query": [ "   star [L]" ] },
        { "variant": "Yellow", "query": [ "   star [Y]" ] },
        { "variant": "Lime", "query": [ "     star [W]" ] },
        { "variant": "Green", "query": [ "    star [D]" ] },
        { "variant": "Emerald", "query": [ "  star [N]" ] }
      ]
    },

    {
      "species": "Renibus",
      "commonChildren": [
        { "variant": "Mulberry", "query": [ "  mats [Mercury]" ] },
        { "variant": "Blue", "query": [ "      mats [Niobium]" ] },
        { "variant": "Aquamarine", "query": [ "mats [Tin]" ] },
        { "variant": "White", "query": [ "     mats [Tungsten]" ] },
        { "variant": "Peach", "query": [ "     mats [Molybdenum]" ] },
        { "variant": "Red", "query": [ "       mats [Cadmium]" ] }
      ],
      "children": [
        {
          "useCommonChildren": true,
          "query": [
            "atmosType [Ammonia]",
            "atmosComp [Ammonia >= 100]",
            "  gravity [0.04 ~ 0.06]",
            "     temp [163 ~ 177]",
            " pressure [0.009 ~ 0.0132]",
            "volcanism [Major Silicate Vapour Geysers]"
          ]
        },
        {
          "useCommonChildren": true,
          "query": [
            "atmosType [CarbonDioxide]",
            "atmosComp [CarbonDioxide >= 97.5]",
            "  gravity [0.04 ~ 0.28]",
            "     temp [180 ~ 196]",
            " pressure [0.025 ~ ]",
            "volcanism [None]"
          ]
        },
        {
          "useCommonChildren": true,
          "query": [
            "atmosType [Methane]",
            "atmosComp [Methane >= 100]",
            "  gravity [0.04 ~ 0.12]",
            "     temp [79 ~ 102]",
            " pressure [0.012 ~ 0.082]",
            "volcanism [Major Silicate Vapour Geysers]"
          ]
        },
        {
          "useCommonChildren": true,
          "query": [
            "atmosType [Water]",
            "atmosComp [Water >= 100]",
            "  gravity [0.04 ~ 0.07]",
            "     temp [390 ~ 452]",
            " pressure [0.052 ~ ]",
            "volcanism [None,Minor Water Magma]"
          ]
        }
      ]
    }

  ]
}
