{
  "genus": "Electricae",
  "query": [
    "body [Icy]"
  ],
  "children": [

    {
      "species": "Pluma",
      "commonChildren": [
        { "variant": "Magenta", "query": [ " mats [Technetium]" ] },
        { "variant": "Red", "query": [ "     mats [Tellurium]" ] },
        { "variant": "Cyan", "query": [ "    mats [Polonium]" ] },
        { "variant": "Blue", "query": [ "    mats [Ruthenium]" ] },
        { "variant": "Cobalt", "query": [ "  mats [Antimony]" ] },
        { "variant": "Mulberry", "query": [ "mats [Yttrium]" ] }
      ],
      "query": [
        "# hit count: 2597",
        "primaryStar [A,B,D,H,N,W]"
      ],
      "children": [
        {
          "useCommonChildren": true,
          "query": [
            "# hit count: 2461",
            "atmosType [Argon]",
            "  gravity [ ~ 0.275]",
            "     temp [50 ~ 150]",
            "volcanism [None,Carbon Dioxide Geysers,Major Water Geysers,Major Water Magma,Minor Carbon Dioxide Geysers,Minor Nitrogen Magma,Water Geysers]",
            "atmosComp [Argon >= 100 | Nitrogen >= 0.06]"
          ]
        },
        {
          "useCommonChildren": true,
          "query": [
            "# hit count: 110",
            "atmosType [ArgonRich]",
            "  gravity [0.218 ~ 0.275]",
            "     temp [63 ~ 121]",
            " pressure [0.0209 ~ ]",
            "volcanism [None]",
            "atmosComp [Nitrogen >= 50]"
          ]
        },
        {
          "useCommonChildren": true,
          "query": [
            "# hit count: 22",
            "atmosType [NeonRich]",
            "  gravity [0.262 ~ 0.276]",
            "     temp [61 ~ 69]",
            " pressure [0.0017 ~ 0.0053]",
            "volcanism [None]",
            "atmosComp [Nitrogen >= 87]"
          ]
        }
      ]
    },

    {
      "species": "Radialem",
      "commonChildren": [
        { "variant": "Aquamarine", "query": [ "mats [Technetium]" ] },
        { "variant": "Magenta", "query": [ "   mats [Tellurium]" ] },
        { "variant": "Cobalt", "query": [ "    mats [Polonium]" ] },
        { "variant": "Blue", "query": [ "      mats [Ruthenium]" ] },
        { "variant": "Cyan", "query": [ "      mats [Antimony]" ] },
        { "variant": "Green", "query": [ "     mats [Yttrium]" ] }
      ],
      "query": [
        "# hit count: 7714",
        "nebulae [ ~ 150]"
      ],
      "children": [
        {
          "useCommonChildren": true,
          "query": [
            "# hit count: 7476",
            "atmosType [Argon]",
            "  gravity [ ~ 0.275]",
            "     temp [50 ~ 149]",
            "volcanism [None,Carbon Dioxide Geysers,Major Water Geysers,Major Water Magma,Minor Nitrogen Magma,Water Geysers]",
            "atmosComp [Argon >= 100 | Nitrogen >= 0.06]"
          ]
        },
        {
          "useCommonChildren": true,
          "query": [
            "# hit count: 200",
            "atmosType [ArgonRich]",
            "  gravity [0.212 ~ 0.275]",
            "     temp [61 ~ 110]",
            " pressure [0.0214 ~ ]",
            "volcanism [None]",
            "atmosComp [Nitrogen >= 50]"
          ]
        },
        {
          "useCommonChildren": true,
          "query": [
            "# hit count: 35",
            "atmosType [NeonRich]",
            "  gravity [0.261 ~ 0.274]",
            "     temp [61 ~ 68]",
            " pressure [0.0016 ~ 0.0048]",
            "volcanism [None]",
            "atmosComp [Nitrogen >= 80]"
          ]
        }
      ]
    }

  ]
}

