{
  "genus": "Electricae",
  "query": [
    "body [Icy]"
  ],
  "children": [

    {
      "species": "Pluma",
      "commonChildren": [
        { "variant": "Magenta", "query": [ " mats [Technetium]" ] },
        { "variant": "Red", "query": [ "     mats [Tellurium]" ] },
        { "variant": "Cyan", "query": [ "    mats [Polonium]" ] },
        { "variant": "Blue", "query": [ "    mats [Ruthenium]" ] },
        { "variant": "Cobalt", "query": [ "  mats [Antimony]" ] },
        { "variant": "Mulberry", "query": [ "mats [Yttrium]" ] }
      ],
      "query": [
        "primaryStar [A,B,D,H,N,W]"
      ],
      "children": [
        {
          "useCommonChildren": true,
          "query": [
            "atmosType [Argon]",
            "atmosComp [Argon >= 50]",
            "  gravity [0.03 ~ 0.28]",
            "     temp [50 ~ 150]",
            " pressure [0.0009 ~ ]"
          ]
        },
        {
          "useCommonChildren": true,
          "query": [
            "atmosType [ArgonRich]",
            "  gravity [0.22 ~ 0.28]",
            "     temp [63 ~ 121]",
            " pressure [0.0209 ~ ]"
          ]
        },
        {
          "useCommonChildren": true,
          "query": [
            "atmosType [Neon]",
            "atmosComp [Neon >= 100]",
            "  gravity [0.27 ~ 0.28]",
            "     temp [20 ~ 41]",
            " pressure [0.0009 ~ 0.002]"
          ]
        },
        {
          "useCommonChildren": true,
          "query": [
            "atmosType [NeonRich]",
            "  gravity [0.26 ~ 0.29]",
            "     temp [61 ~ 69]",
            " pressure [0.0017 ~ 0.0053]",
            "volcanism [None]"
          ]
        }
      ]
    },

    {
      "species": "Radialem",
      "commonChildren": [
        { "variant": "Aquamarine", "query": [ "mats [Technetium]" ] },
        { "variant": "Magenta", "query": [ "   mats [Tellurium]" ] },
        { "variant": "Cobalt", "query": [ "    mats [Polonium]" ] },
        { "variant": "Blue", "query": [ "      mats [Ruthenium]" ] },
        { "variant": "Cyan", "query": [ "      mats [Antimony]" ] },
        { "variant": "Green", "query": [ "     mats [Yttrium]" ] }
      ],
      "query": [
        "nebulae [ ~ 100]"
      ],
      "children": [
        {
          "useCommonChildren": true,
          "query": [
            "atmosType [Argon]",
            "atmosComp [Argon >= 50]",
            "  gravity [0.03 ~ 0.28]",
            "     temp [50 ~ 149]",
            " pressure [0.0009 ~ ]"
          ]
        },
        {
          "useCommonChildren": true,
          "query": [
            "atmosType [ArgonRich]",
            "  gravity [0.21 ~ 0.28]",
            "     temp [61 ~ 110]",
            " pressure [0.021 ~ ]",
            "volcanism [None]"
          ]
        },
        {
          "useCommonChildren": true,
          "query": [
            "atmosType [NeonRich]",
            "  gravity [0.26 ~ 0.28]",
            "     temp [61 ~ 68]",
            " pressure [0.0016 ~ 0.0048]",
            "volcanism [None]"
          ]
        }
      ]
    }

  ]
}

