{
  "genus": "Fonticulua",
  "commonChildren": [
    { "variant": "Grey", "query": [ "     star [O]" ] },
    { "variant": "Lime", "query": [ "     star [B]" ] },
    { "variant": "Green", "query": [ "    star [A]" ] },
    { "variant": "Yellow", "query": [ "   star [F]" ] },
    { "variant": "Teal", "query": [ "     star [G]" ] },
    { "variant": "Emerald", "query": [ "  star [K]" ] },
    { "variant": "Amethyst", "query": [ " star [M]" ] },
    { "variant": "Mauve", "query": [ "    star [L]" ] },
    { "variant": "Orange", "query": [ "   star [T]" ] },
    { "variant": "Red", "query": [ "      star [TTS]" ] },
    { "variant": "Maroon", "query": [ "   star [Ae]" ] },
    { "variant": "Ocher", "query": [ "    star [Y]" ] },
    { "variant": "Indigo", "query": [ "   star [W]" ] },
    { "variant": "Turquoise", "query": [ "star [D]" ] },
    { "variant": "Sage", "query": [ "     star [N]" ] }
  ],
  "children": [

    {
      "species": "Campestris",
      "useCommonChildren": true,
      "query": [
        "     body [Icy,RockyIce]",
        "atmosType [Argon]",
        "atmosComp [Argon >= 50]",
        "  gravity [0.03 ~ 0.29]",
        "     temp [43 ~ 195]",
        " pressure [0.0009 ~ ]"
      ]
    },

    {
      "species": "Digitos",
      "useCommonChildren": true,
      "query": [
        "     body [Icy,RockyIce]",
        "atmosType [Methane]",
        "atmosComp [Methane >= 100]",
        "  gravity [0.025 ~ 0.07]",
        "     temp [83 ~ 109]",
        " pressure [0.03 ~ ]",
        "volcanism [None,Minor Methane Magma]"
      ]
    },

    {
      "species": "Fluctus",
      "useCommonChildren": true,
      "query": [
        "     body [Icy]",
        "atmosType [Oxygen]",
        "atmosComp [Oxygen >= 57.84]",
        "  gravity [0.24 ~ 0.28]",
        "     temp [143 ~ 200]",
        " pressure [0.012 ~ 0.081]"
      ]
    },

    {
      "species": "Lapida",
      "useCommonChildren": true,
      "query": [
        "     body [Icy]",
        "atmosComp [Nitrogen >= 100 ]",
        "  gravity [0.19 ~ 0.29]",
        "     temp [50 ~ 90]",
        " pressure [0.0009 ~ ]"
      ]
    },

    {
      "species": "Segmentatus",
      "children": [
        {
          "useCommonChildren": true,
          "query": [
            "     body [Icy]",
            "atmosType [Neon]",
            "atmosComp [Neon >= 100]",
            "  gravity [0.26 ~ 0.28]",
            "     temp [50 ~ 57]",
            " pressure [0.0009 ~ 0.0012]"
        ]
        },
        {
          "useCommonChildren": true,
          "query": [
            "     body [Icy]",
            "atmosType [NeonRich]",
            "  gravity [0.25 ~ 0.29]",
            "     temp [58 ~ 75]",
            " pressure [0.001 ~ 0.028]"
          ]
        }
      ]
    },

    {
      "species": "Upupam",
      "useCommonChildren": true,
      "query": [
        "     body [Icy]",
        "atmosType [ArgonRich]",
        "  gravity [0.08 ~ 0.29]",
        "     temp [60 ~ 124]",
        " pressure [0.019 ~ ]"
      ]
    }

  ]
}
