{
  "genus": "Fonticulua",
  "commonChildren": [
    { "variant": "Grey", "query": [ "     star [O]" ] },
    { "variant": "Lime", "query": [ "     star [B]" ] },
    { "variant": "Green", "query": [ "    star [A]" ] },
    { "variant": "Yellow", "query": [ "   star [F]" ] },
    { "variant": "Teal", "query": [ "     star [G]" ] },
    { "variant": "Emerald", "query": [ "  star [K]" ] },
    { "variant": "Amethyst", "query": [ " star [M]" ] },
    { "variant": "Mauve", "query": [ "    star [L]" ] },
    { "variant": "Orange", "query": [ "   star [T]" ] },
    { "variant": "Red", "query": [ "      star [TTS]" ] },
    { "variant": "Maroon", "query": [ "   star [Ae]" ] },
    { "variant": "Ocher", "query": [ "    star [Y]" ] },
    { "variant": "Indigo", "query": [ "   star [W]" ] },
    { "variant": "Turquoise", "query": [ "star [D]" ] },
    { "variant": "Sage", "query": [ "     star [N]" ] }
  ],
  "children": [

    {
      "species": "Campestris",
      "query": [
        "# hit count: 10000",
        "atmosType [Argon]",
        "atmosComp [Argon >= 100 | Nitrogen >= 0.06]"
      ],
      "children": [
        {
          "useCommonChildren": true,
          "query": [
            "# hit count: 10000",
            "     body [Icy]",
            "  gravity [ ~ 0.276]",
            "     temp [50 ~ 150]",
            "volcanism [None,Carbon Dioxide Geysers,Major Water Geysers,Major Water Magma,Minor Carbon Dioxide Geysers,Minor Nitrogen Magma]",
            " matsComp [Selenium >= 3.2]"
          ]
        },
        {
          "useCommonChildren": true,
          "query": [
            "# hit count: 4194",
            "     body [RockyIce]",
            "  gravity [0.059 ~ 0.276]",
            "     temp [50 ~ 132]",
            "volcanism [None]",
            " matsComp [Selenium >= 2.8]"
          ]
        }
      ]
    },

    {
      "species": "Digitos",
      "query": [
        "# hit count: 10000",
        "atmosType [Methane]",
        "     temp [83 ~ 109]",
        "atmosComp [Methane >= 100]"
      ],
      "children": [
        {
          "useCommonChildren": true,
          "query": [
            "# hit count: 10000",
            "     body [Icy]",
            "  gravity [ ~ 0.058]",
            " pressure [0.0304 ~ ]",
            "volcanism [None,Minor Methane Magma,Minor Nitrogen Magma]"
          ]
        },
        {
          "useCommonChildren": true,
          "query": [
            "# hit count: 72",
            "     body [RockyIce]",
            "  gravity [ ~ 0.065]",
            " pressure [0.0386 ~ ]",
            "volcanism [None]"
          ]
        }
      ]
    },

    {
      "species": "Fluctus",
      "useCommonChildren": true,
      "query": [
        "# hit count: 329",
        "atmosType [Oxygen]",
        "     body [Icy]",
        "  gravity [0.237 ~ 0.275]",
        "     temp [143 ~ 200]",
        " pressure [0.0124 ~ 0.0801]",
        "volcanism [None,Carbon Dioxide Geysers,Major Water Geysers]",
        "atmosComp [Oxygen >= 100 | SulphurDioxide >= 0.06]"
      ]
    },

    {
      "species": "Lapida",
      "query": [
        "# hit count: 10000",
        "atmosType [Nitrogen]",
        "atmosComp [Nitrogen >= 100]"
      ],
      "children": [
        {
          "useCommonChildren": true,
          "query": [
            "# hit count: 10000",
            "     body [Icy]",
            "  gravity [0.189 ~ 0.276]",
            "     temp [50 ~ 81]",
            "volcanism [None,Carbon Dioxide Geysers,Major Water Geysers,Major Water Magma,Minor Carbon Dioxide Geysers,Minor Methane Magma,Minor Nitrogen Magma,Water Geysers]"
          ]
        },
        {
          "useCommonChildren": true,
          "query": [
            "# hit count: 179",
            "     body [RockyIce]",
            "  gravity [0.23 ~ 0.275]",
            "     temp [50 ~ 70]",
            "volcanism [None]"
          ]
        }
      ]
    },

    {
      "species": "Segmentatus",
      "query": [
        "# hit count: 766"
      ],
      "children": [
        {
          "useCommonChildren": true,
          "query": [
            "# hit count: 12",
            "atmosType [Neon]",
            "     body [Icy]",
            "  gravity [0.258 ~ 0.274]",
            "     temp [50 ~ 57]",
            " pressure [ ~ 0.0012]",
            "atmosComp [Neon >= 100]"
          ]
        },
        {
          "useCommonChildren": true,
          "query": [
            "# hit count: 754",
            "atmosType [NeonRich]",
            "     body [Icy]",
            "  gravity [0.251 ~ 0.276]",
            "     temp [58 ~ 75]",
            " pressure [0.0013 ~ 0.0271]",
            "volcanism [None]",
            "atmosComp [Nitrogen >= 74]"
          ]
        }
      ]
    },

    {
      "species": "Upupam",
      "query": [
        "# hit count: 4393",
        "atmosType [ArgonRich]",
        "atmosComp [Nitrogen >= 50]"
      ],
      "children": [
        {
          "useCommonChildren": true,
          "query": [
            "# hit count: 4280",
            "     body [Icy]",
            "  gravity [0.209 ~ 0.276]",
            "     temp [60 ~ 124]",
            " pressure [0.0191 ~ ]",
            "volcanism [None,Major Water Geysers,Minor Nitrogen Magma]"
          ]
        },
        {
          "useCommonChildren": true,
          "query": [
            "# hit count: 113",
            "     body [RockyIce]",
            "  gravity [0.253 ~ 0.275]",
            "     temp [61 ~ 79]",
            " pressure [0.0352 ~ ]",
            "volcanism [None]"
          ]
        }
      ]
    }

  ]
}
