{
  "genus": "Frutexa",
  "commonChildren": [
    { "variant": "Yellow", "query": [ " star [O]" ] },
    { "variant": "Lime", "query": [ "   star [B]" ] },
    { "variant": "Green", "query": [ "  star [F]" ] },
    { "variant": "Emerald", "query": [ "star [G]" ] },
    { "variant": "Grey", "query": [ "   star [M]" ] },
    { "variant": "Teal", "query": [ "   star [L]" ] },
    { "variant": "Mauve", "query": [ "  star [TTS]" ] },
    { "variant": "Orange", "query": [ " star [W]" ] },
    { "variant": "Indigo", "query": [ " star [D]" ] },
    { "variant": "Red", "query": [ "    star [N]" ] }
  ],
  "children": [

    {
      "species": "Acus",
      "useCommonChildren": true,
      "query": [
        "# hit count: 10000",
        "atmosType [CarbonDioxide]",
        "     body [Rocky]",
        "  gravity [ ~ 0.237]",
        "     temp [146 ~ 196]",
        " pressure [0.0029 ~ ]",
        "volcanism [None]",
        "atmosComp [CarbonDioxide >= 100 | SulphurDioxide >= 0.98]",
        "  regions [1,4,7,8,9,16,17,18,33,34,35]"
      ]
    },

    {
      "species": "Collum",
      "query": [
        "# hit count: 797",
        "atmosType [SulphurDioxide]",
        "atmosComp [SulphurDioxide >= 100]"
      ],
      "children": [
        {
          "useCommonChildren": true,
          "query": [
            "# hit count: 722",
            "     body [Rocky]",
            "  gravity [0.04 ~ 0.275]",
            "     temp [132 ~ 211]",
            " pressure [ ~ 0.0105]",
            "volcanism [None,Major Silicate Vapour Geysers,Metallic Magma,Minor Metallic Magma]"
          ]
        },
        {
          "useCommonChildren": true,
          "query": [
            "# hit count: 75",
            "     body [HMC]",
            "  gravity [0.268 ~ 0.276]",
            "     temp [132 ~ 151]",
            " pressure [ ~ 0.0017]",
            "volcanism [None]"
          ]
        }
      ]
    },

    {
      "species": "Fera",
      "useCommonChildren": true,
      "query": [
        "# hit count: 7603",
        "atmosType [CarbonDioxide]",
        "     body [Rocky]",
        "  gravity [0.04 ~ 0.237]",
        "     temp [146 ~ 196]",
        " pressure [0.003 ~ ]",
        "volcanism [None]",
        "atmosComp [CarbonDioxide >= 100 | SulphurDioxide >= 0.99]",
        "  regions [1,2,5,6,13,14,27,29,31,37,41]"
      ]
    },

    {
      "species": "Flabellum",
      "useCommonChildren": true,
      "query": [
        "# hit count: 10000",
        "atmosType [Ammonia]",
        "     body [Rocky]",
        "  gravity [ ~ 0.275]",
        "     temp [152 ~ 177]",
        " pressure [ ~ 0.0132]",
        "volcanism [None,Major Silicate Vapour Geysers,Minor Metallic Magma,Minor Water Magma]",
        "atmosComp [Ammonia >= 100]",
        "  regions [1,2,3,4,5,6,7,8,13,14,15,16,17,18,19,20,21,22,23,27,29,30,31,32,33,34,35,36,37,38,39,40,41]"
      ]
    },

    {
      "species": "Flammasis",
      "useCommonChildren": true,
      "query": [
        "# hit count: 7694",
        "atmosType [Ammonia]",
        "     body [Rocky]",
        "  gravity [0.041 ~ 0.275]",
        "     temp [152 ~ 177]",
        " pressure [ ~ 0.0134]",
        "volcanism [None,Major Silicate Vapour Geysers,Minor Water Magma]",
        "atmosComp [Ammonia >= 100]",
        "  regions [0,4,8,9,10,11,12,16,24,25,26,28,42]"
      ]
    },

    {
      "species": "Metallicum",
      "query": [
        "# hit count: 10000",
        "volcanism [None]"
      ],
      "children": [
        {
          "useCommonChildren": true,
          "query": [
            "# hit count: 10000",
            "atmosType [Ammonia]",
            "     body [HMC]",
            "  gravity [0.045 ~ 0.276]",
            "     temp [152 ~ 176]",
            " pressure [ ~ 0.0096]",
            "atmosComp [Ammonia >= 100]"
          ]
        },
        {
          "useCommonChildren": true,
          "query": [
            "# hit count: 9123",
            "atmosType [CarbonDioxide]",
            "     body [HMC]",
            "  gravity [ ~ 0.272]",
            "     temp [146 ~ 196]",
            " pressure [0.002 ~ ]",
            "atmosComp [CarbonDioxide >= 100 | SulphurDioxide >= 0.99]"
          ]
        },
        {
          "useCommonChildren": true,
          "query": [
            "# hit count: 27",
            "atmosType [Water]",
            "     body [HMC]",
            "  gravity [0.045 ~ 0.052]",
            "     temp [390 ~ 400]",
            " pressure [0.0521 ~ 0.0679]",
            "atmosComp [Water >= 100]"
          ]
        }
      ]
    },

    {
      "species": "Sponsae",
      "useCommonChildren": true,
      "query": [
        "# hit count: 3119",
        "atmosType [Water]",
        "     body [Rocky]",
        "  gravity [ ~ 0.056]",
        "     temp [392 ~ 452]",
        " pressure [0.0528 ~ ]",
        "volcanism [None,Minor Water Magma]",
        "atmosComp [Water >= 100]"
      ]
    }

  ]
}

