{
  "genus": "Frutexa",
  "commonChildren": [
    { "variant": "Yellow", "query": [ " star [O]" ] },
    { "variant": "Lime", "query": [ "   star [B]" ] },
    { "variant": "Green", "query": [ "  star [F]" ] },
    { "variant": "Emerald", "query": [ "star [G]" ] },
    { "variant": "Grey", "query": [ "   star [M]" ] },
    { "variant": "Teal", "query": [ "   star [L]" ] },
    { "variant": "Mauve", "query": [ "  star [TTS]" ] },
    { "variant": "Orange", "query": [ " star [W]" ] },
    { "variant": "Indigo", "query": [ " star [D]" ] },
    { "variant": "Red", "query": [ "    star [N]" ] }
  ],
  "children": [

    {
      "species": "Acus",
      "useCommonChildren": true,
      "query": [
        "     body [Rocky]",
        "atmosType [CarbonDioxide]",
        "atmosComp [CarbonDioxide >= 97.5]",
        "  gravity [0.04 ~ 0.25]",
        "     temp [56 ~ 196]",
        " pressure [0.0013 ~ ]",
        "volcanism [None]",
        "  regions [1,4,7,8,9,16,17,18,33,34,35]"
      ]
    },

    {
      "species": "Collum",
      "useCommonChildren": true,
      "query": [
        "     body [HMC,Rocky]",
        "atmosType [SulphurDioxide]",
        "atmosComp [SulphurDioxide >= 100]",
        "  gravity [0.04 ~ 0.29]",
        "     temp [132 ~ 167]",
        " pressure [0.0009 ~ 0.025]"
      ]
    },

    {
      "species": "Fera",
      "useCommonChildren": true,
      "query": [
          "     body [Rocky]",
          "atmosType [CarbonDioxide]",
          "atmosComp [CarbonDioxide >= 97.5]",
          "  gravity [0.04 ~ 0.25]",
          "     temp [146 ~ 196]",
          " pressure [0.003 ~ ]",
          "volcanism [None]",
          "  regions [1,2,5,6,13,14,27,29,31,37,41]"
      ]
    },

    {
      "species": "Flabellum",
      "useCommonChildren": true,
      "query": [
          "     body [Rocky]",
          "atmosType [Ammonia]",
          "atmosComp [Ammonia >= 100]",
          "  gravity [0.04 ~ 0.28]",
          "     temp [152 ~ 177]",
          " pressure [0.0009 ~ 0.0132]",
          "  regions [1,2,3,4,5,6,7,8,13,14,15,16,17,18,19,20,21,22,23,27,29,30,31,32,33,34,35,36,37,38,39,40,41]"
      ]
    },

    {
      "species": "Flammasis",
      "useCommonChildren": true,
      "query": [
          "     body [Rocky]",
          "atmosType [Ammonia]",
          "atmosComp [Ammonia >= 100]",
          "  gravity [0.04 ~ 0.28]",
          "     temp [152 ~ 177]",
          " pressure [0.0009 ~ 0.0134]",
          "  regions [0,4,8,9,10,11,12,16,24,25,26,28,42]"
      ]
    },

    {
      "species": "Metallicum",
      "children": [
        {
          "useCommonChildren": true,
          "query": [
              "     body [HMC]",
              "atmosType [Ammonia]",
              "atmosComp [Ammonia >= 100]",
              "  gravity [0.04 ~ 0.28]",
              "     temp [152 ~ 177]",
              " pressure [0.0009 ~ 0.0096]",
              "volcanism [None]"
          ]
        },
        {
          "useCommonChildren": true,
          "query": [
              "     body [HMC]",
              "atmosType [CarbonDioxide]",
              "atmosComp [CarbonDioxide >= 97.5]",
              "  gravity [0.04 ~ 0.28]",
              "     temp [146 ~ 196]",
              " pressure [0.002 ~ ]",
              "volcanism [None]"
          ]
        },
        {
          "useCommonChildren": true,
          "query": [
              "     body [HMC]",
              "atmosType [Water]",
              "atmosComp [Water >= 100]",
              "  gravity [0.04 ~ 0.07]",
              "     temp [390 ~ 400]",
              " pressure [0.052 ~ 0.068]",
              "volcanism [None]"
          ]
        }
      ]
    },

    {
      "species": "Sponsae",
      "useCommonChildren": true,
      "query": [
          "     body [Rocky]",
          "atmosType [Water]",
          "atmosComp [Water >= 100]",
          "  gravity [0.04 ~ 0.07]",
          "     temp [392 ~ 452]",
          " pressure [0.052 ~ ]",
          "volcanism [None,Minor Water Magma]"
      ]
    }

  ]
}

