{
  "genus": "Fumerola",
  "children": [

    {
      "species": "Aquatis",
      "query": [
        "     body [Icy,Rocky,RockyIce]",
        "atmosType ![Helium]",
        "  gravity [0.03 ~ 0.28]",
        "     temp [20 ~ 447]",
        " pressure [0.0009 ~ ]",
        "volcanism [Water]"
      ],
      "children": [
        { "variant": "Yellow", "query": [ "mats [Mercury]" ] },
        { "variant": "Gold", "query": [ "  mats [Niobium]" ] },
        { "variant": "Orange", "query": [ "mats [Tin]" ] },
        { "variant": "Cobalt", "query": [ "mats [Tungsten]" ] },
        { "variant": "Cyan", "query": [ "  mats [Molybdenum]" ] },
        { "variant": "Green", "query": [ " mats [Cadmium]" ] }
      ]
    },

    {
      "species": "Carbosis",
      "commonChildren": [
        { "variant": "Magenta", "query": [ "mats [Mercury]" ] },
        { "variant": "Cobalt", "query": [ " mats [Niobium]" ] },
        { "variant": "Cyan", "query": [ "   mats [Tin]" ] },
        { "variant": "Yellow", "query": [ " mats [Tungsten]" ] },
        { "variant": "Gold", "query": [ "   mats [Molybdenum]" ] },
        { "variant": "Orange", "query": [ " mats [Cadmium]" ] }
      ],
      "children": [
        {
          "useCommonChildren": true,
          "query": [
            "     body [Icy,Rocky]",
            "atmosType [Argon]",
            "atmosComp [Argon >= 61.52]",
            "  gravity [0.03 ~ 0.27]",
            "     temp [56 ~ 147]",
            " pressure [0.0009 ~ 0.097]",
            "volcanism [Carbon Dioxide Geysers, Minor Carbon Dioxide Geysers, Minor Methane Magma]"
          ]
        },
        {
          "useCommonChildren": true,
          "query": [
            "     body [Icy]",
            "atmosType [Methane]",
            "atmosComp [Methane >= 100]",
            "  gravity [0.03 ~ 0.05]",
            "     temp [84 ~ 109]",
            " pressure [0.031 ~ ]",
            "volcanism [Carbon Dioxide Geysers, Minor Carbon Dioxide Geysers, Minor Methane Magma]"
          ]
        },
        {
          "useCommonChildren": true,
          "query": [
            "     body [Icy]",
            "atmosType [Neon]",
            "atmosComp [Neon >= 100]",
            "  gravity [0.26 ~ 0.27]",
            "     temp [40 ~ 52]",
            " pressure [0.001 ~ ]",
            "volcanism [Carbon Dioxide Geysers, Minor Carbon Dioxide Geysers, Minor Methane Magma]"
          ]
        },
        {
          "useCommonChildren": true,
          "query": [
            "     body [Icy]",
            "atmosType [Nitrogen]",
            "atmosComp [Nitrogen >= 100]",
            "  gravity [0.21 ~ 0.26]",
            "     temp [57 ~ 75]",
            " pressure [0.001 ~ ]",
            "volcanism [Carbon Dioxide Geysers, Minor Carbon Dioxide Geysers, Minor Methane Magma]"
          ]
        },
        {
          "useCommonChildren": true,
          "query": [
            "     body [Icy]",
            "atmosType [Oxygen]",
            "atmosComp [Oxygen >= 100]",
            "  gravity [0.26 ~ 0.27]",
            "     temp [156 ~ 177]",
            " pressure [0.02 ~ ]",
            "volcanism [Carbon Dioxide Geysers, Minor Carbon Dioxide Geysers, Minor Methane Magma]"
          ]
        },
        {
          "useCommonChildren": true,
          "query": [
            "     body [Icy]",
            "atmosType [SulphurDioxide]",
            "atmosComp [SulphurDioxide >= 71.05]",
            "  gravity [0.19 ~ 0.27]",
            "     temp [149 ~ 272]",
            " pressure [0.0014 ~ ]",
            "volcanism [Carbon Dioxide Geysers, Minor Carbon Dioxide Geysers, Minor Methane Magma]"
          ]
        }
      ]
    },

    {
      "species": "Extremus",
      "commonChildren": [
        { "variant": "Lime", "query": [ "      mats [Mercury]" ] },
        { "variant": "White", "query": [ "     mats [Niobium]" ] },
        { "variant": "Peach", "query": [ "     mats [Tin]" ] },
        { "variant": "Mulberry", "query": [ "  mats [Tungsten]" ] },
        { "variant": "Blue", "query": [ "      mats [Molybdenum]" ] },
        { "variant": "Aquamarine", "query": [ "mats [Cadmium]" ] }
      ],
      "children":[
        {
          "useCommonChildren": true,
          "query": [
            "     body [HMC,Rocky,RockyIce]",
            "atmosType [Ammonia]",
            "atmosComp [Ammonia >= 100]",
            "  gravity [0.04 ~ 0.08]",
            "     temp [161 ~ 177]",
            " pressure [0.0017 ~ 0.0134]",
            "volcanism [Some]"
          ]
        },
        {
          "useCommonChildren": true,
          "query": [
            "     body [Rocky,RockyIce]",
            "atmosType [Argon]",
            "atmosComp [Argon >= 100]",
            "  gravity [0.07 ~ 0.27]",
            "     temp [54 ~ 121]",
            " pressure [0.001 ~ 0.081]",
            "volcanism [Some]"
          ]
        },
        {
          "useCommonChildren": true,
          "query": [
            "     body [HMC,Rocky]",
            "atmosType [Methane]",
            "atmosComp [Methane >= 100]",
            "  gravity [0.04 ~ 0.13]",
            "     temp [77 ~ 109]",
            " pressure [0.011 ~ ]",
            "volcanism [Some]"
          ]
        },
        {
          "useCommonChildren": true,
          "query": [
            "     body [Rocky,RockyIce]",
            "atmosType [SulphurDioxide]",
            "atmosComp [SulphurDioxide >= 100]",
            "  gravity [0.23 ~ 0.27]",
            "     temp [147 ~ 204]",
            " pressure [0.0012 ~ 0.036]",
            "volcanism [Some]"
          ]
        }
      ]
    },

    {
      "species": "Nitris",
      "commonChildren": [
        { "variant": "Magenta", "query": [ "mats [Mercury]" ] },
        { "variant": "Cobalt", "query": [ " mats [Niobium]" ] },
        { "variant": "Cyan", "query": [ "   mats [Tin]" ] },
        { "variant": "Yellow", "query": [ " mats [Tungsten]" ] },
        { "variant": "Gold", "query": [ "   mats [Molybdenum]" ] },
        { "variant": "Orange", "query": [ " mats [Cadmium]" ] }
      ],
      "children": [
        {
          "useCommonChildren": true,
          "query": [
            "     body [Icy]",
            "atmosType [Argon]",
            "atmosComp [Argon >= 57.35]",
            "  gravity [0.04 ~ 0.27]",
            "     temp [50 ~ 141]",
            " pressure [0.0009 ~ 0.089]",
            "volcanism [Minor Ammonia Magma, Minor Nitrogen Magma]"
          ]
        },
        {
          "useCommonChildren": true,
          "query": [
            "     body [Icy]",
            "atmosType [ArgonRich]",
            "  gravity [0.24 ~ 0.27]",
            "     temp [81 ~ 109]",
            " pressure [0.07 ~ 0.089]",
            "volcanism [Minor Nitrogen Magma]"
          ]
        },
        {
          "useCommonChildren": true,
          "query": [
            "     body [Icy]",
            "atmosType [Methane]",
            "atmosComp [Methane >= 100]",
            "  gravity [0.24 ~ 0.27]",
            "     temp [83 ~ 109]",
            " pressure [0.032 ~ ]",
            "volcanism [Minor Nitrogen Magma]"
          ]
        },
        {
          "useCommonChildren": true,
          "query": [
            "     body [Icy]",
            "atmosType [NeonRich]",
            "  gravity [0.24 ~ 0.27]",
            "     temp [60 ~ 67]",
            " pressure [0.002 ~ 0.005]",
            "volcanism [Minor Nitrogen Magma]"
          ]
        },
        {
          "useCommonChildren": true,
          "query": [
            "     body [Icy]",
            "atmosType [Nitrogen]",
            "atmosComp [Nitrogen >= 100]",
            "  gravity [0.21 ~ 0.27]",
            "     temp [60 ~ 81]",
            " pressure [0.0018 ~ 0.044]",
            "volcanism [Minor Ammonia Magma,Minor Nitrogen Magma]"
          ]
        },
        {
          "useCommonChildren": true,
          "query": [
            "     body [Icy]",
            "atmosType [SulphurDioxide]",
            "atmosComp [SulphurDioxide >= 100]",
            "  gravity [0.21 ~ 0.27]",
            "     temp [151 ~ 249]",
            " pressure [0.0009 ~ 0.095]",
            "volcanism [Minor Ammonia Magma,Minor Nitrogen Magma]"
          ]
        }
      ]
    }

  ]
}

