{
  "genus": "Fungoida",
  "children": [

    {
      "species": "Bullarum",
      "commonChildren": [
        { "variant": "Peach", "query": [ "   mats [Technetium]" ] },
        { "variant": "Gold", "query": [ "    mats [Tellurium]" ] },
        { "variant": "Mulberry", "query": [ "mats [Polonium]" ] },
        { "variant": "Magenta", "query": [ " mats [Ruthenium]" ] },
        { "variant": "Red", "query": [ "     mats [Antimony]" ] },
        { "variant": "Orange", "query": [ "  mats [Yttrium]" ] }
      ],
      "query": [
        "body [HMC,Rocky,RockyIce]"
      ],
      "children": [
        {
          "useCommonChildren": true,
          "query": [
            "atmosType [Argon]",
            "atmosComp [Argon >= 50]",
            "  gravity [0.06 ~ 0.29]",
            "     temp [50 ~ 132]",
            " pressure [0.0009 ~ ]",
            "volcanism [None]"
          ]
        },
        {
          "useCommonChildren": true,
          "query": [
            "atmosType [Nitrogen]",
            "atmosComp [Argon >= 100]",
            "  gravity [0.09 ~ 0.28]",
            "     temp [50 ~ 70]",
            " pressure [0.0009 ~ ]",
            "volcanism [None]"
          ]
        }
      ]
    },

    {
      "species": "Gelata",
      "commonChildren": [
        { "variant": "Lime", "query": [ "    mats [Mercury]" ] },
        { "variant": "Green", "query": [ "   mats [Niobium]" ] },
        { "variant": "Red", "query": [ "     mats [Tin]" ] },
        { "variant": "Orange", "query": [ "  mats [Tungsten]" ] },
        { "variant": "Mulberry", "query": [ "mats [Molybdenum]" ] },
        { "variant": "Cyan", "query": [ "    mats [Cadmium]" ] }
      ],
      "children": [
        {
          "useCommonChildren": true,
          "query": [
            "     body [HMC,Rocky,RockyIce]",
            "atmosType [Ammonia]",
            "atmosComp [Ammonia >= 100]",
            "  gravity [0.04 ~ 0.08]",
            "     temp [161 ~ 177]",
            " pressure [0.002 ~ 0.0134]",
            "volcanism [Major Silicate Vapour Geysers]"
          ]
        },
        {
          "useCommonChildren": true,
          "query": [
            "     body [HMC,Rocky,RockyIce]",
            "atmosType [CarbonDioxide]",
            "atmosComp [CarbonDioxide >= 97.5]",
            "  gravity [0.04 ~ 0.28]",
            "     temp [180 ~ 199]",
            " pressure [0.025 ~ ]",
            "volcanism [None]"
          ]
        },
        {
          "useCommonChildren": true,
          "query": [
            "     body [Rocky]",
            "atmosType [Methane]",
            "atmosComp [Methane >= 100]",
            "  gravity [0.04 ~ 0.13]",
            "     temp [79 ~ 107]",
            " pressure [0.012 ~ 0.096]",
            "volcanism [Major Silicate Vapour Geysers]"
          ]
        },
        {
          "useCommonChildren": true,
          "query": [
            "     body [HMC,Rocky]",
            "atmosType [Water]",
            "atmosComp [Water >= 100]",
            "  gravity [0.04 ~ 0.07]",
            "     temp [390 ~ 453]",
            " pressure [0.05 ~ ]",
            "volcanism [None]"
          ]
        }
      ]
    },

    {
      "species": "Setisis",
      "commonChildren": [
        { "variant": "Lime", "query": [ "  mats [Technetium]" ] },
        { "variant": "Yellow", "query": [ "mats [Tellurium]" ] },
        { "variant": "White", "query": [ " mats [Polonium]" ] },
        { "variant": "Gold", "query": [ "  mats [Ruthenium]" ] },
        { "variant": "Peach", "query": [ " mats [Antimony]" ] },
        { "variant": "Orange", "query": [ "mats [Yttrium]" ] }
      ],
      "query": [
        "body [HMC,Rocky,RockyIce]"
      ],
      "children": [
        {
          "useCommonChildren": true,
          "query": [
            "atmosType [Ammonia]",
            "atmosComp [Ammonia >= 100]",
            "  gravity [0.04 ~ 0.28]",
            "     temp [152 ~ 177]",
            " pressure [0.0009 ~ 0.0132]"
          ]
        },
        {
          "useCommonChildren": true,
          "query": [
            "atmosType [Methane]",
            "atmosComp [Methane >= 100]",
            "  gravity [0.03 ~ 0.28]",
            "     temp [67 ~ 109]",
            " pressure [0.00098 ~ ]"
          ]
        }
      ]
    },

    {
      "species": "Stabitis",
      "commonChildren": [
        { "variant": "Green", "query": [ "  mats [Mercury]" ] },
        { "variant": "White", "query": [ "  mats [Niobium]" ] },
        { "variant": "Orange", "query": [ " mats [Tin]" ] },
        { "variant": "Peach", "query": [ "  mats [Tungsten]" ] },
        { "variant": "Magenta", "query": [ "mats [Molybdenum]" ] },
        { "variant": "Blue", "query": [ "   mats [Cadmium]" ] }
      ],
      "children": [
        {
          "useCommonChildren": true,
          "query": [
            "     body [Rocky,RockyIce]",
            "atmosType [Ammonia]",
            "atmosComp [Ammonia >= 100]",
            "  gravity [0.04 ~ 0.06]",
            "     temp [158 ~ 177]",
            " pressure [0.004 ~ 0.0133]",
            "volcanism [Major Silicate Vapour Geysers]",
            "  regions [1,4,7,8,9,16,17,18,33,34,35]"
          ]
        },
        {
          "useCommonChildren": true,
          "query": [
            "     body [HMC,Rocky]",
            "atmosType [CarbonDioxide]",
            "atmosComp [CarbonDioxide >= 97.6]",
            "  gravity [0.04 ~ 0.28]",
            "     temp [180 ~ 196]",
            " pressure [0.025 ~ ]",
            "volcanism [None]",
            "  regions [1,4,7,8,9,16,17,18,33,34,35]"
          ]
        },
        {
          "useCommonChildren": true,
          "query": [
            "     body [Rocky]",
            "atmosType [Methane]",
            "atmosComp [Methane >= 100]",
            "  gravity [0.04 ~ 0.14]",
            "     temp [78 ~ 109]",
            " pressure [0.012 ~ 0.097]",
            "volcanism [Major Silicate Vapour Geysers]",
            "  regions [1,4,7,8,9,16,17,18,33,34,35]"
          ]
        },
        {
          "useCommonChildren": true,
          "query": [
            "     body [HMC,Rocky]",
            "atmosType [Water]",
            "atmosComp [Water >= 100]",
            "  gravity [0.04 ~ 0.07]",
            "     temp [392 ~ 452]",
            " pressure [0.052 ~ ]",
            "volcanism [None]",
            "  regions [1,4,7,8,9,16,17,18,33,34,35]"
          ]
        }
      ]
    }

  ]
}
