{
  "genus": "Fungoida",
  "children": [

    {
      "species": "Bullarum",
      "query": [
        "# hit count: 7103",
        "atmosType [Argon]",
        "volcanism [None]"
      ],
      "commonChildren": [
        { "variant": "Peach", "query": [ "   mats [Technetium]" ] },
        { "variant": "Gold", "query": [ "    mats [Tellurium]" ] },
        { "variant": "Mulberry", "query": [ "mats [Polonium]" ] },
        { "variant": "Magenta", "query": [ " mats [Ruthenium]" ] },
        { "variant": "Red", "query": [ "     mats [Antimony]" ] },
        { "variant": "Orange", "query": [ "  mats [Yttrium]" ] }
      ],
      "children": [
        {
          "useCommonChildren": true,
          "query": [
            "# hit count: 23",
            "     body [Rocky]",
            "  gravity [0.12 ~ 0.275]",
            "     temp [54 ~ 93]",
            " pressure [0.0011 ~ 0.039]",
            "atmosComp [Argon >= 100]"
          ]
        },
        {
          "useCommonChildren": true,
          "query": [
            "# hit count: 7050",
            "   body [RockyIce]",
            "gravity [0.058 ~ 0.276]",
            "   temp [50 ~ 132]",
            "atmosComp [Argon >= 50 | Nitrogen >= 50]"
          ]
        },
        {
          "useCommonChildren": true,
          "query": [
            "# hit count: 30",
            "     body [HMC]",
            "  gravity [0.142 ~ 0.275]",
            "     temp [53 ~ 79]",
            " pressure [0.001 ~ 0.0708]",
            "atmosComp [Argon >= 100]"
          ]
        }
      ]
    },

    {
      "species": "Gelata",
      "query": [
        "# hit count: 10000"
      ],
      "commonChildren": [
        { "variant": "Lime", "query": [ "    mats [Mercury]" ] },
        { "variant": "Green", "query": [ "   mats [Niobium]" ] },
        { "variant": "Red", "query": [ "     mats [Tin]" ] },
        { "variant": "Orange", "query": [ "  mats [Tungsten]" ] },
        { "variant": "Mulberry", "query": [ "mats [Molybdenum]" ] },
        { "variant": "Cyan", "query": [ "    mats [Cadmium]" ] }
      ],
      "children": [
        {
          "useCommonChildren": true,
          "query": [
            "# hit count: 22",
            "atmosType [Ammonia]",
            "     body [Rocky]",
            "  gravity [ ~ 0.169]",
            "     temp [163 ~ 177]",
            " pressure [0.0017 ~ 0.0134]",
            "volcanism [Major Silicate Vapour Geysers]",
            "atmosComp [Ammonia >= 100]"
          ]
        },
        {
          "query": [
            "# hit count: 10000",
            "atmosType [CarbonDioxide]",
            "volcanism [None]",
            "atmosComp [CarbonDioxide >= 100 | SulphurDioxide >= 0.99]"
          ],
          "children": [
            {
              "useCommonChildren": true,
              "query": [
                "# hit count: 10000",
                "    body [Rocky]",
                " gravity [0.041 ~ 0.238]",
                "    temp [180 ~ 199]",
                "pressure [0.0256 ~ ]"
              ]
            },
            {
              "useCommonChildren": true,
              "query": [
                "# hit count: 734",
                "    body [HMC]",
                " gravity [0.121 ~ 0.272]",
                "    temp [180 ~ 196]",
                "pressure [0.0264 ~ ]"
              ]
            }
          ]
        },
        {
          "useCommonChildren": true,
          "query": [
            "# hit count: 84",
            "atmosType [Methane]",
            "     body [Rocky]",
            "  gravity [0.044 ~ 0.125]",
            "     temp [79 ~ 107]",
            " pressure [0.0129 ~ 0.096]",
            "volcanism [Major Silicate Vapour Geysers]",
            "atmosComp [Methane >= 100]"
          ]
        },
        {
          "query": [
            "# hit count: 3633",
            "atmosType [Water]",
            "    temp [390 ~ 453]",
            "volcanism [None]",
            "atmosComp [Water >= 100]"
          ],
          "children": [
            {
              "useCommonChildren": true,
              "query": [
                "# hit count: 2760",
                "    body [Rocky]",
                " gravity [ ~ 0.056]",
                "pressure [0.0532 ~ ]"
              ]
            },
            {
              "useCommonChildren": true,
              "query": [
                "# hit count: 873",
                "    body [HMC]",
                " gravity [0.045 ~ 0.063]",
                "pressure [0.0521 ~ ]"
              ]
            }
          ]
        }
      ]
    },

    {
      "species": "Setisis",
      "query": [
        "# hit count: 10000"
      ],
      "commonChildren": [
        { "variant": "Lime", "query": [ "  mats [Technetium]" ] },
        { "variant": "Yellow", "query": [ "mats [Tellurium]" ] },
        { "variant": "White", "query": [ " mats [Polonium]" ] },
        { "variant": "Gold", "query": [ "  mats [Ruthenium]" ] },
        { "variant": "Peach", "query": [ " mats [Antimony]" ] },
        { "variant": "Orange", "query": [ "mats [Yttrium]" ] }
      ],
      "children": [
        {
          "query": [
            "# hit count: 10000",
            "atmosType [Ammonia]",
            "    temp [152 ~ 177]",
            "volcanism [None]",
            "atmosComp [Ammonia >= 100]"
          ],
          "children": [
            {
              "useCommonChildren": true,
              "query": [
                "# hit count: 10000",
                "    body [Rocky]",
                " gravity [ ~ 0.275]",
                "pressure [ ~ 0.0132]"
              ]
            },
            {
              "useCommonChildren": true,
              "query": [
                "# hit count: 28",
                "    body [RockyIce]",
                " gravity [ ~ 0.263]",
                "pressure [0.0018 ~ 0.0132]"
              ]
            },
            {
              "useCommonChildren": true,
              "query": [
                "# hit count: 10000",
                "    body [HMC]",
                " gravity [0.047 ~ 0.275]",
                "pressure [ ~ 0.0129]"
              ]
            }
          ]
        },
        {
          "query": [
            "# hit count: 1509",
            "atmosType [Methane]",
            "atmosComp [Methane >= 100]"
          ],
          "children": [
            {
              "useCommonChildren": true,
              "query": [
                "# hit count: 1111",
                "     body [Rocky]",
                "  gravity [0.044 ~ 0.275]",
                "     temp [67 ~ 108]",
                "volcanism [None,Major Silicate Vapour Geysers,Metallic Magma,Minor Metallic Magma,Minor Rocky Magma,Minor Silicate Vapour Geysers]"
              ]
            },
            {
              "useCommonChildren": true,
              "query": [
                "# hit count: 333",
                "     body [RockyIce]",
                "  gravity [ ~ 0.065]",
                "     temp [84 ~ 109]",
                " pressure [0.0298 ~ ]",
                "volcanism [None]"
              ]
            },
            {
              "useCommonChildren": true,
              "query": [
                "# hit count: 65",
                "     body [HMC]",
                "  gravity [0.052 ~ 0.273]",
                "     temp [68 ~ 102]",
                " pressure [ ~ 0.0655]",
                "volcanism [None]"
              ]
            }
          ]
        }
      ]
    },

    {
      "species": "Stabitis",
      "query": [
        "# hit count: 10000"
      ],
      "commonChildren": [
        { "variant": "Green", "query": [ "  mats [Mercury]" ] },
        { "variant": "White", "query": [ "  mats [Niobium]" ] },
        { "variant": "Orange", "query": [ " mats [Tin]" ] },
        { "variant": "Peach", "query": [ "  mats [Tungsten]" ] },
        { "variant": "Magenta", "query": [ "mats [Molybdenum]" ] },
        { "variant": "Blue", "query": [ "   mats [Cadmium]" ] }
      ],
      "children": [
        {
          "useCommonChildren": true,
          "query": [
            "# hit count: 11",
            "atmosType [Ammonia]",
            "     body [Rocky]",
            "  gravity [0.041 ~ 0.141]",
            "     temp [158 ~ 177]",
            " pressure [0.0012 ~ 0.0133]",
            "volcanism [None,Major Silicate Vapour Geysers]",
            "atmosComp [Ammonia >= 100]"
          ]
        },
        {
          "query": [
            "# hit count: 10000",
            "atmosType [CarbonDioxide]",
            "     temp [180 ~ 196]",
            "pressure [0.0255 ~ ]",
            "volcanism [None]",
            "atmosComp [CarbonDioxide >= 100 | SulphurDioxide >= 0.99]"
          ],
          "children": [
            {
              "useCommonChildren": true,
              "query": [
                "# hit count: 10000",
                "    body [Rocky]",
                " gravity [0.04 ~ 0.238]"
              ]
            },
            {
              "useCommonChildren": true,
              "query": [
                "# hit count: 643",
                "    body [HMC]",
                " gravity [0.076 ~ 0.27]"
              ]
            }
          ]
        },
        {
          "useCommonChildren": true,
          "query": [
            "# hit count: 68",
            "atmosType [Methane]",
            "     body [Rocky]",
            "  gravity [0.043 ~ 0.126]",
            "     temp [78 ~ 109]",
            " pressure [0.0125 ~ 0.0968]",
            "volcanism [Major Silicate Vapour Geysers]",
            "atmosComp [Methane >= 100]"
          ]
        },
        {
          "query": [
            "# hit count: 2781",
            "atmosType [Water]",
            "volcanism [None]",
            "atmosComp [Water >= 100]"
          ],
          "children": [
            {
              "useCommonChildren": true,
              "query": [
                "# hit count: 1885",
                "    body [Rocky]",
                " gravity [ ~ 0.056]",
                "    temp [392 ~ 452]",
                "pressure [0.0528 ~ ]"
              ]
            },
            {
              "useCommonChildren": true,
              "query": [
                "# hit count: 896",
                "    body [HMC]",
                " gravity [0.045 ~ 0.064]",
                "    temp [392 ~ 451]",
                "pressure [0.0526 ~ ]"
              ]
            }
          ]
        }
      ]
    }

  ]
}
