{
  "genus": "Osseus",
  "commonChildren": [
    { "variant": "Yellow", "query": [ "   star [O]" ] },
    { "variant": "Lime", "query": [ "     star [A]" ] },
    { "variant": "Turquoise", "query": [ "star [F]" ] },
    { "variant": "Grey", "query": [ "     star [G]" ] },
    { "variant": "Indigo", "query": [ "   star [K]" ] },
    { "variant": "Emerald", "query": [ "  star [T]" ] },
    { "variant": "Green", "query": [ "    star [TTS]" ] },
    { "variant": "Maroon", "query": [ "   star [Y]" ] }
],
  "children": [

    {
      "species": "Cornibus",
      "query": [
        "# hit count: 4552",
        "atmosType [CarbonDioxide]",
        "     temp [180 ~ 196]",
        "volcanism [None]",
        "atmosComp [CarbonDioxide >= 100 | SulphurDioxide >= 0.99]",
        "  regions [1,3,7,15,30,32,33,34,36,38,39]"
      ],
      "children": [
        {
          "useCommonChildren": true,
          "query": [
            "# hit count: 3485",
            "    body [Rocky]",
            " gravity [0.041 ~ 0.237]",
            "pressure [0.0257 ~ ]"
          ]
        },
        {
          "useCommonChildren": true,
          "query": [
            "# hit count: 1067",
            "    body [HMC]",
            " gravity [0.14 ~ 0.272]",
            "pressure [0.0269 ~ ]"
          ]
        }
      ]
    },

    {
      "species": "Discus",
      "query": [
        "# hit count: 5398"
      ],
      "commonChildren": [
        { "variant": "Lime", "query": [ "      mats [Mercury]" ] },
        { "variant": "Aquamarine", "query": [ "mats [Niobium]" ] },
        { "variant": "Blue", "query": [ "      mats [Tin]" ] },
        { "variant": "Red", "query": [ "       mats [Tungsten]" ] },
        { "variant": "Peach", "query": [ "     mats [Molybdenum]" ] },
        { "variant": "White", "query": [ "     mats [Cadmium]" ] }
      ],
      "children": [
        {
          "query": [
            "# hit count: 92",
            "atmosType [Ammonia]",
            "atmosComp [Ammonia >= 100]"
          ],
          "children": [
            {
              "useCommonChildren": true,
              "query": [
                "# hit count: 61",
                "     body [Rocky]",
                "  gravity [ ~ 0.058]",
                "     temp [169 ~ 177]",
                " pressure [0.0065 ~ 0.0133]",
                "volcanism [Major Silicate Vapour Geysers,Metallic Magma,Minor Metallic Magma,Minor Water Magma]"
              ]
            },
            {
              "useCommonChildren": true,
              "query": [
                "# hit count: 25",
                "     body [RockyIce]",
                "  gravity [ ~ 0.088]",
                "     temp [161 ~ 177]",
                " pressure [0.0017 ~ 0.0133]",
                "volcanism [Major Silicate Vapour Geysers,Metallic Magma]"
              ]
            },
            {
              "useCommonChildren": true,
              "query": [
                "# hit count: 6",
                "     body [HMC]",
                "  gravity [0.046 ~ 0.054]",
                "     temp [174 ~ 177]",
                " pressure [0.0098 ~ 0.013]",
                "volcanism [Major Rocky Magma,Major Silicate Vapour Geysers,Minor Rocky Magma,Minor Silicate Vapour Geysers]"
              ]
            }
          ]
        },
        {
          "useCommonChildren": true,
          "query": [
            "# hit count: 17",
            "atmosType [Argon]",
            "     body [RockyIce]",
            "  gravity [0.227 ~ 0.273]",
            "     temp [68 ~ 119]",
            " pressure [0.0013 ~ 0.0802]",
            "volcanism [Major Rocky Magma,Water Geysers]",
            "atmosComp [Argon >= 100]"
          ]
        },
        {
          "useCommonChildren": true,
          "query": [
            "# hit count: 350",
            "atmosType [Methane]",
            "# hit count: 350",
            "     body [Rocky]",
            "  gravity [0.043 ~ 0.127]",
            "     temp [78 ~ 109]",
            " pressure [0.012 ~ ]",
            "volcanism [Major Silicate Vapour Geysers,Metallic Magma,Minor Metallic Magma,Minor Silicate Vapour Geysers]",
            "atmosComp [Methane >= 100]"
          ]
        },
        {
          "query": [
            "# hit count: 4939",
            "atmosType [Water]",
            "atmosComp [Water >= 100]"
          ],
          "children": [
            {
              "useCommonChildren": true,
              "query": [
                "# hit count: 4130",
                "     body [Rocky]",
                "  gravity [ ~ 0.056]",
                "     temp [393 ~ 452]",
                " pressure [0.0539 ~ ]",
                "volcanism [None,Minor Water Magma]"
              ]
            },
            {
              "useCommonChildren": true,
              "query": [
                "# hit count: 809",
                "     body [HMC]",
                "  gravity [0.045 ~ 0.064]",
                "     temp [390 ~ 450]",
                " pressure [0.0521 ~ ]",
                "volcanism [None]"
              ]
            }
          ]
        }
      ]
    },

    {
      "species": "Fractus",
      "query": [
        "# hit count: 10000",
        "atmosType [CarbonDioxide]",
        "     temp [180 ~ 190]",
        "volcanism [None]",
        "atmosComp [CarbonDioxide >= 100 | SulphurDioxide >= 0.99]",
        "  regions [1,2,3,4,5,6,8,9,10,11,12,13,14,16,17,18,19,20,21,22,23,24,25,26,27,28,29,31,35,37,40,41,42]"
      ],
      "children": [
        {
          "useCommonChildren": true,
          "query": [
            "# hit count: 10000",
            "    body [Rocky]",
            " gravity [0.041 ~ 0.238]",
            "pressure [0.0254 ~ ]"
          ]
        },
        {
          "useCommonChildren": true,
          "query": [
            "# hit count: 2621",
            "    body [HMC]",
            " gravity [0.052 ~ 0.271]",
            "pressure [0.0258 ~ ]"
          ]
        }
      ]
    },

    {
      "species": "Pellebantus",
      "query": [
        "# hit count: 3615",
        "atmosType [CarbonDioxide]",
        "     temp [191 ~ 197]",
        " pressure [0.058 ~ ]",
        "volcanism [None]",
        "atmosComp [CarbonDioxide >= 100 | SulphurDioxide >= 0.99]",
        "  regions [1,2,3,4,5,6,8,9,10,11,12,13,14,16,17,18,19,20,21,22,23,24,25,26,27,28,29,31,35,37,40,41,42]"
      ],
      "children": [
        {
          "useCommonChildren": true,
          "query": [
            "# hit count: 2714",
            "    body [Rocky]",
            " gravity [0.04 ~ 0.237]"
          ]
        },
        {
          "useCommonChildren": true,
          "query": [
            "# hit count: 901",
            "    body [HMC]",
            " gravity [0.082 ~ 0.271]"
          ]
        }
      ]
    },

    {
      "species": "Pumice",
      "query": [
        "# hit count: 10000"
      ],
      "commonChildren": [
        { "variant": "Lime", "query": [ "  mats [Technetium]" ] },
        { "variant": "Green", "query": [ " mats [Tellurium]" ] },
        { "variant": "Peach", "query": [ " mats [Polonium]" ] },
        { "variant": "Gold", "query": [ "  mats [Ruthenium]" ] },
        { "variant": "White", "query": [ " mats [Antimony]" ] },
        { "variant": "Yellow", "query": [ "mats [Yttrium]" ] }
      ],
      "children": [
        {
          "query": [
            "# hit count: 10000",
            "atmosType [Argon]",
            "volcanism [None]"
          ],
          "children": [
            {
              "useCommonChildren": true,
              "query": [
                "# hit count: 29",
                "     body [Rocky]",
                "  gravity [0.12 ~ 0.275]",
                "     temp [54 ~ 93]",
                " pressure [0.0011 ~ 0.0676]",
                "atmosComp [Argon >= 100]"
              ]
            },
            {
              "useCommonChildren": true,
              "query": [
                "# hit count: 10000",
                "     body [RockyIce]",
                "  gravity [0.059 ~ 0.276]",
                "     temp [50 ~ 134]",
                "atmosComp [Argon >= 100 | Nitrogen >= 0.06]"
              ]
            },
            {
              "useCommonChildren": true,
              "query": [
                "# hit count: 62",
                "     body [HMC]",
                "  gravity [0.142 ~ 0.275]",
                "     temp [53 ~ 79]",
                " pressure [0.001 ~ 0.0392]",
                "atmosComp [Argon >= 100]"
              ]
            }
          ]
        },
        {
          "useCommonChildren": true,
          "query": [
            "# hit count: 117",
            "atmosType [ArgonRich]",
            "     body [RockyIce]",
            "  gravity [0.253 ~ 0.276]",
            "     temp [61 ~ 79]",
            " pressure [0.0352 ~ ]",
            "volcanism [None]"
          ]
        },
        {
          "query": [
            "# hit count: 2517",
            "atmosType [Methane]",
            "atmosComp [Methane >= 100]"
          ],
          "children": [
            {
              "useCommonChildren": true,
              "query": [
                "# hit count: 1903",
                "     body [Rocky]",
                "  gravity [0.041 ~ 0.275]",
                "     temp [67 ~ 109]",
                "volcanism [None,Major Silicate Vapour Geysers,Metallic Magma,Minor Metallic Magma,Minor Silicate Vapour Geysers]"
              ]
            },
            {
              "useCommonChildren": true,
              "query": [
                "# hit count: 484",
                "     body [RockyIce]",
                "  gravity [ ~ 0.065]",
                "     temp [84 ~ 109]",
                " pressure [0.0298 ~ ]",
                "volcanism [None]"
              ]
            },
            {
              "useCommonChildren": true,
              "query": [
                "# hit count: 130",
                "     body [HMC]",
                "  gravity [0.052 ~ 0.275]",
                "     temp [68 ~ 102]",
                " pressure [ ~ 0.0655]",
                "volcanism [None]"
              ]
            }
          ]
        },
        {
          "query": [
            "# hit count: 703",
            "atmosType [Nitrogen]",
            "atmosComp [Nitrogen >= 100]"
          ],
          "children": [
            {
              "useCommonChildren": true,
              "query": [
                "# hit count: 399",
                "     body [Rocky]",
                "  gravity [0.053 ~ 0.275]",
                "     temp [42 ~ 51]",
                " pressure [ ~ 0.0096]",
                "volcanism [None]"
              ]
            },
            {
              "useCommonChildren": true,
              "query": [
                "# hit count: 297",
                "     body [RockyIce]",
                "  gravity [0.227 ~ 0.275]",
                "     temp [50 ~ 71]",
                "volcanism [None]"
              ]
            },
            {
              "useCommonChildren": true,
              "query": [
                "# hit count: 7",
                "    body [HMC]",
                " gravity [0.148 ~ 0.268]",
                "    temp [46 ~ 51]",
                "pressure [0.001 ~ 0.0033]"
              ]
            }
          ]
        }
      ]
    },

    {
      "species": "Spiralis",
      "query": [
        "# hit count: 10000",
        "atmosType [Ammonia]",
        "     temp [160 ~ 177]",
        "atmosComp [Ammonia >= 100]"
      ],
      "children": [
        {
          "useCommonChildren": true,
          "query": [
            "# hit count: 10000",
            "     body [Rocky]",
            "  gravity [ ~ 0.276]",
            " pressure [ ~ 0.013]",
            "volcanism [None,Minor Water Magma]"
          ]
        },
        {
          "useCommonChildren": true,
          "query": [
            "# hit count: 20",
            "     body [RockyIce]",
            "  gravity [0.04 ~ 0.262]",
            " pressure [0.0023 ~ 0.0145]",
            "volcanism [None]"
          ]
        },
        {
          "useCommonChildren": true,
          "query": [
            "# hit count: 8766",
            "     body [HMC]",
            "  gravity [0.045 ~ 0.276]",
            " pressure [ ~ 0.0129]",
            "volcanism [None]"
          ]
        }
      ]
    }

  ]
}
