{
  "genus": "Osseus",
  "commonChildren": [
    { "variant": "Yellow", "query": [ "   star [O]" ] },
    { "variant": "Lime", "query": [ "     star [A]" ] },
    { "variant": "Turquoise", "query": [ "star [F]" ] },
    { "variant": "Grey", "query": [ "     star [G]" ] },
    { "variant": "Indigo", "query": [ "   star [K]" ] },
    { "variant": "Emerald", "query": [ "  star [T]" ] },
    { "variant": "Green", "query": [ "    star [TTS]" ] },
    { "variant": "Maroon", "query": [ "   star [Y]" ] }
],
  "children": [

    {
      "species": "Cornibus",
      "useCommonChildren": true,
      "query": [
        "     body [HMC,Rocky]",
        "atmosType [CarbonDioxide]",
        "atmosComp [CarbonDioxide >= 97.5]",
        "  gravity [0.04 ~ 0.28]",
        "     temp [180 ~ 196]",
        " pressure [0.025 ~ ]",
        "  regions [1,3,7,15,30,32,33,34,36,38,39]",
        "volcanism [None]"
      ]
    },

    {
      "species": "Discus",
      "commonChildren": [
        { "variant": "Lime", "query": [ "      mats [Mercury]" ] },
        { "variant": "Aquamarine", "query": [ "mats [Niobium]" ] },
        { "variant": "Blue", "query": [ "      mats [Tin]" ] },
        { "variant": "Red", "query": [ "       mats [Tungsten]" ] },
        { "variant": "Peach", "query": [ "     mats [Molybdenum]" ] },
        { "variant": "White", "query": [ "     mats [Cadmium]" ] }
      ],
      "children": [
        {
          "useCommonChildren": true,
          "query": [
            "     body [HMC,Rocky,RockyIce]",
            "atmosType [Ammonia]",
            "atmosComp [Ammonia >= 100.00]",
            "  gravity [0.04 ~ 0.10]",
            "     temp [161 ~ 177]",
            " pressure [0.0017 ~ 0.0133]",
            "volcanism [Some]"
          ]
        },
        {
          "useCommonChildren": true,
          "query": [
            "     body [RockyIce]",
            "atmosType [Argon]",
            "atmosComp [Argon >= 100]",
            "  gravity [0.23 ~ 0.28]",
            "     temp [68 ~ 119]",
            " pressure [0.0013 ~ 0.081]",
            "volcanism [Some]"
          ]
        },
        {
          "useCommonChildren": true,
          "query": [
            "     body [Rocky]",
            "atmosType [Methane]",
            "atmosComp [Methane >= 100]",
            "  gravity [0.04 ~ 0.14]",
            "     temp [78 ~ 109]",
            " pressure [0.012 ~ ]",
            "volcanism [Some]"
          ]
        },
        {
          "useCommonChildren": true,
          "query": [
            "     body [HMC,Rocky]",
            "atmosType [Water]",
            "atmosComp [Water >= 100]",
            "  gravity [0.04 ~ 0.07]",
            "     temp [390 ~ 452]",
            " pressure [0.052 ~ ]",
            "volcanism [None,Minor Water Magma]"
          ]
        }
      ]
    },

    {
      "species": "Fractus",
      "query": [
        "     body [HMC,Rocky]",
        "atmosType [CarbonDioxide]",
        "atmosComp [CarbonDioxide >= 97.5]",
        "     temp [180 ~ 190]",
        "volcanism [None]",
        "regions [1,2,3,4,5,6,8,9,10,11,12,13,14,16,17,18,19,20,21,22,23,24,25,26,27,28,29,31,35,37,40,41,42]"
      ],
      "children": [
        {
          "useCommonChildren": true,
          "query": [
            "  gravity [0.04 ~ 0.23]",
            " pressure [0.025 ~ 0.067]",
            "atmosComp [CarbonDioxide >= 100 ]"
          ]
        },
        {
          "useCommonChildren": true,
          "query": [
            "  gravity [0.04 ~ 0.28]",
            " pressure [0.032 ~ ]",
            "atmosComp [SulphurDioxide >= 0.99]"
          ]
        }
      ]
    },

    {
      "species": "Pellebantus",
      "useCommonChildren": true,
      "query": [
        "     body [HMC,Rocky]",
        "atmosType [CarbonDioxide]",
        "atmosComp [CarbonDioxide >= 97.5]",
        "  gravity [0.04 ~ 0.28]",
        "     temp [191 ~ 197]",
        " pressure [0.058 ~ ]",
        "volcanism [None]",
        "regions [1,2,3,4,5,6,8,9,10,11,12,13,14,16,17,18,19,20,21,22,23,24,25,26,27,28,29,31,35,37,40,41,42]"
      ]
    },

    {
      "species": "Pumice",
      "commonChildren": [
        { "variant": "Lime", "query": [ "  mats [Technetium]" ] },
        { "variant": "Green", "query": [ " mats [Tellurium]" ] },
        { "variant": "Peach", "query": [ " mats [Polonium]" ] },
        { "variant": "Gold", "query": [ "  mats [Ruthenium]" ] },
        { "variant": "White", "query": [ " mats [Antimony]" ] },
        { "variant": "Yellow", "query": [ "mats [Yttrium]" ] }
      ],
      "children": [
        {
          "useCommonChildren": true,
          "query": [
            "     body [HMC,Rocky,RockyIce]",
            "atmosType [Argon]",
            "atmosComp [Argon >= 50]",
            "  gravity [0.06 ~ 0.29]",
            "     temp [50 ~ 134]",
            " pressure [0.0009 ~ ]"
          ]
        },
        {
          "useCommonChildren": true,
          "query": [
            "     body [RockyIce]",
            "atmosType [ArgonRich]",
            "  gravity [0.25 ~ 0.29]",
            "     temp [61 ~ 79]",
            " pressure [0.03 ~ ]",
            "volcanism [None]"
          ]
        },
        {
          "useCommonChildren": true,
          "query": [
            "     body [HMC,Rocky]",
            "atmosType [Methane]",
            "atmosComp [Methane >= 100]",
            "  gravity [0.03 ~ 0.28]",
            "     temp [67 ~ 109]",
            " pressure [0.00098 ~ ]"
          ]
        },
        {
          "useCommonChildren": true,
          "query": [
            "     body [HMC,Rocky,RockyIce]",
            "atmosType [Nitrogen]",
            "atmosComp [Nitrogen >= 100]",
            "  gravity [0.05 ~ 0.28]",
            "     temp [42 ~ 71]",
            " pressure [0.00098 ~ ]",
            "volcanism [None]"
          ]
        }
      ]
    },

    {
      "species": "Spiralis",
      "useCommonChildren": true,
      "query": [
        "     body [HMC,Rocky,RockyIce]",
        "atmosType [Ammonia]",
        "atmosComp [Ammonia >= 93.64]",
        "  gravity [0.04 ~ 0.29]",
        "     temp [160 ~ 177]",
        " pressure [0.0009 ~ 0.0145]"
      ]
    }

  ]
}
