{
  "genus": "Stratum",
  "commonChildren": [
    { "variant": "Emerald", "query": [ "  star [F]" ] },
    { "variant": "Lime", "query": [ "     star [K]" ] },
    { "variant": "Green", "query": [ "    star [M]" ] },
    { "variant": "Turquoise", "query": [ "star [L]" ] },
    { "variant": "Grey", "query": [ "     star [T]" ] },
    { "variant": "Amethyst", "query": [ " star [TTS]" ] },
    { "variant": "Teal", "query": [ "     star [Ae]" ] },
    { "variant": "Indigo", "query": [ "   star [Y]" ] },
    { "variant": "Red", "query": [ "      star [W]" ] },
    { "variant": "Mauve", "query": [ "    star [D]" ] }
  ],
  "children": [

    {
      "species": "Araneamus",
      "children": [
        {
          "variant": "Emerald",
          "query": [
            "# hit count: 4061",
            "atmosType [SulphurDioxide]",
            "     body [Rocky]",
            "  gravity [0.263 ~ 0.551]",
            "     temp [165 ~ 373]",
            "volcanism [Major Silicate Vapour Geysers,Metallic Magma,Minor Metallic Magma,Minor Silicate Vapour Geysers]",
            "atmosComp [SulphurDioxide >= 100 | CarbonDioxide >= 1.2]",
            "# Excluding volcanism:none"
          ]
        },
        {
          "variant": "Emerald",
          "query": [
            "# hit count: 511",
            "atmosType [SulphurDioxide]",
            "     body [Rocky]",
            "  gravity [0.29 ~ 0.551]",
            "     temp [165 ~ 370]",
            "volcanism [None]",
            "atmosComp [SulphurDioxide >= 100 | CarbonDioxide >= 28]",
            "# Forcing only volcanism:none"
          ]
        }
      ]
    },

    {
      "species": "Cucumisis",
      "query": [
        "# hit count: 4943",
        "   body [Rocky]",
        "regions [1,4,8,16,17,18,19,20,21,22,23,35,40]"
      ],
      "children": [
        {
          "useCommonChildren": true,
          "query": [
            "# hit count: 1631",
            "atmosType [CarbonDioxide]",
            "  gravity [0.04 ~ 0.587]",
            "     temp [191 ~ 371]",
            " pressure [0.001 ~ ]",
            "volcanism [None]",
            "atmosComp [CarbonDioxide >= 100 | SulphurDioxide >= 0.5]"
          ]
        },
        {
          "useCommonChildren": true,
          "query": [
            "# hit count: 42",
            "atmosType [CarbonDioxideRich]",
            "  gravity [0.447 ~ 0.559]",
            "     temp [217 ~ 246]",
            " pressure [0.0238 ~ ]",
            "volcanism [None]",
            "atmosComp [oxygen >= 70]"
          ]
        },
        {
          "useCommonChildren": true,
          "query": [
            "# hit count: 19",
            "atmosType [Oxygen]",
            "  gravity [0.402 ~ 0.584]",
            "     temp [200 ~ 245]",
            " pressure [0.028 ~ 0.0953]",
            "volcanism [None]",
            "atmosComp [SulphurDioxide >= 0.1]"
          ]
        },
        {
          "useCommonChildren": true,
          "query": [
            "# hit count: 3247",
            "atmosType [SulphurDioxide]",
            "  gravity [0.266 ~ 0.543]",
            "     temp [191 ~ 373]",
            "volcanism [None,Major Silicate Vapour Geysers,Metallic Magma,Minor Metallic Magma,Minor Rocky Magma,Minor Silicate Vapour Geysers,Minor Water Magma]",
            "atmosComp [SulphurDioxide >= 100 | CarbonDioxide >= 1.8]"
          ]
        }
      ]
    },

    {
      "species": "Excutitus",
      "query": [
        "# hit count: 10000",
        "   body [Rocky]",
        "regions [1,4,7,8,9,16,17,18,33,34,35]"
      ],
      "children": [
        {
          "useCommonChildren": true,
          "query": [
            "# hit count: 10000",
            "atmosType [CarbonDioxide]",
            "  gravity [0.042 ~ 0.474]",
            "     temp [165 ~ 190]",
            " pressure [0.0037 ~ ]",
            "volcanism [None]",
            "atmosComp [CarbonDioxide >= 100 | SulphurDioxide >= 0.99]"
          ]
        },
        {
          "useCommonChildren": true,
          "query": [
            "# hit count: 843",
            "atmosType [SulphurDioxide]",
            "  gravity [0.273 ~ 0.407]",
            "     temp [165 ~ 190]",
            " pressure [ ~ 0.0935]",
            "volcanism [None,Major Silicate Vapour Geysers,Metallic Magma,Minor Metallic Magma,Minor Silicate Vapour Geysers]",
            "atmosComp [SulphurDioxide >= 100 | CarbonDioxide >= 11]"
          ]
        }
      ]
    },

    {
      "species": "Frigus",
      "query": [
        "# hit count: 1336",
        "   body [Rocky]",
        "regions [3,7,15,30,32,33,34,36,38,39]"
      ],
      "children": [
        {
          "useCommonChildren": true,
          "query": [
            "# hit count: 457",
            "atmosType [CarbonDioxide]",
            "  gravity [0.043 ~ 0.541]",
            "     temp [191 ~ 368]",
            " pressure [0.0011 ~ ]",
            "volcanism [None]",
            "atmosComp [CarbonDioxide >= 100 | SulphurDioxide >= 0.9]"
          ]
        },
        {
          "useCommonChildren": true,
          "query": [
            "# hit count: 12",
            "atmosType [CarbonDioxideRich]",
            "  gravity [0.453 ~ 0.551]",
            "     temp [205 ~ 246]",
            " pressure [0.0376 ~ 0.0953]",
            "volcanism [None]",
            "atmosComp [SulphurDioxide >= 0.08]"
          ]
        },
        {
          "useCommonChildren": true,
          "query": [
            "# hit count: 863",
            "atmosType [SulphurDioxide]",
            "  gravity [0.293 ~ 0.536]",
            "     temp [191 ~ 371]",
            "volcanism [None,Major Silicate Vapour Geysers,Metallic Magma,Minor Metallic Magma]",
            "atmosComp [SulphurDioxide >= 100 | CarbonDioxide >= 2]"
          ]
        }
      ]
    },

    {
      "species": "Laminamus",
      "useCommonChildren": true,
      "query": [
        "# hit count: 5478",
        "atmosType [Ammonia]",
        "     body [Rocky]",
        "  gravity [ ~ 0.343]",
        "     temp [161 ~ 177]",
        " pressure [ ~ 0.0134]",
        "volcanism [None,Major Silicate Vapour Geysers]",
        "atmosComp [Ammonia >= 100 | SulphurDioxide >= 0.49]"
      ]
    },

    {
      "species": "Limaxus",
      "query": [
        "# hit count: 4012",
        "   body [Rocky]",
        "   temp [165 ~ 190]",
        "regions [9,10,11,12,24,25,26,28,42]"
      ],
      "children": [
        {
          "useCommonChildren": true,
          "query": [
            "# hit count: 3704",
            "atmosType [CarbonDioxide]",
            "  gravity [0.042 ~ 0.388]",
            " pressure [0.005 ~ ]",
            "volcanism [None]",
            "atmosComp [CarbonDioxide >= 100 | SulphurDioxide >= 0.99]"
          ]
        },
        {
          "useCommonChildren": true,
          "query": [
            "# hit count: 304",
            "atmosType [SulphurDioxide]",
            "  gravity [0.274 ~ 0.401]",
            " pressure [0.001 ~ 0.0939]",
            "volcanism [None,Minor Metallic Magma]",
            "atmosComp [SulphurDioxide >= 100 | CarbonDioxide >= 1.3]"
          ]
        }
      ]
    },

    {
      "species": "Paleas",
      "query": [
        "# hit count: 10000",
        "     body [Rocky]"
      ],
      "children": [
        {
          "useCommonChildren": true,
          "query": [
            "# hit count: 10000",
            "atmosType [Ammonia]",
            "  gravity [ ~ 0.345]",
            "     temp [158 ~ 177]",
            " pressure [ ~ 0.0134]",
            "volcanism [None,Major Silicate Vapour Geysers,Metallic Magma,Minor Metallic Magma,Minor Water Magma]",
            "atmosComp [Ammonia >= 100 | SulphurDioxide >= 0.5]"
          ]
        },
        {
          "useCommonChildren": true,
          "query": [
            "# hit count: 10000",
            "atmosType [CarbonDioxide]",
            "  gravity [0.041 ~ 0.578]",
            "     temp [165 ~ 419]",
            " pressure [0.0012 ~ ]",
            "volcanism [None]",
            "atmosComp [CarbonDioxide >= 100 | SulphurDioxide >= 0.5]"
          ]
        },
        {
          "useCommonChildren": true,
          "query": [
            "# hit count: 94",
            "atmosType [CarbonDioxideRich]",
            "  gravity [0.437 ~ 0.595]",
            "     temp [186 ~ 257]",
            " pressure [0.0152 ~ ]",
            "volcanism [None]",
            "atmosComp [Oxygen >= 63 | Nitrogen >= 50]"
          ]
        },
        {
          "useCommonChildren": true,
          "query": [
            "# hit count: 36",
            "atmosType [Oxygen]",
            "  gravity [0.398 ~ 0.579]",
            "     temp [169 ~ 246]",
            " pressure [0.023 ~ ]",
            "volcanism [None,Metallic Magma]",
            "atmosComp [SulphurDioxide >= 0.8]"
          ]
        },
        {
          "useCommonChildren": true,
          "query": [
            "# hit count: 1934",
            "atmosType [Water]",
            "  gravity [0.04 ~ 0.056]",
            "     temp [394 ~ 450]",
            " pressure [0.0555 ~ ]",
            "volcanism [None,Minor Water Magma]",
            "atmosComp [Water >= 100]"
          ]
        }
      ]
    },

    {
      "species": "Tectonicas",
      "query": [
        "# hit count: 10000",
        "body [HMC]"
      ],
      "children": [
        {
          "useCommonChildren": true,
          "query": [
            "# hit count: 10000",
            "atmosType [Ammonia]",
            "# hit count: 10000",
            "  gravity [0.046 ~ 0.375]",
            "     temp [165 ~ 177]",
            " pressure [ ~ 0.013]",
            "volcanism [None]",
            "atmosComp [Ammonia >= 100 | SulphurDioxide >= 0.6]"
          ]
        },
        {
          "useCommonChildren": true,
          "query": [
            "# hit count: 10000",
            "atmosType [CarbonDioxide]",
            "  gravity [0.046 ~ 0.61]",
            "     temp [165 ~ 430]",
            "volcanism [None,Major Rocky Magma]",
            "atmosComp [CarbonDioxide >= 100 | SulphurDioxide >= 0.6]"
          ]
        },
        {
          "useCommonChildren": true,
          "query": [
            "# hit count: 664",
            "atmosType [CarbonDioxideRich]",
            "  gravity [0.359 ~ 0.606]",
            "     temp [165 ~ 260]",
            " pressure [0.0073 ~ ]",
            "volcanism [None]",
            "atmosComp [Oxygen >= 57 | Argon >= 50 | SulphurDioxide >= 0.9]"
          ]
        },
        {
          "useCommonChildren": true,
          "query": [
            "# hit count: 317",
            "atmosType [Oxygen]",
            "  gravity [0.404 ~ 0.513]",
            "     temp [165 ~ 246]",
            " pressure [0.0214 ~ ]",
            "volcanism [None,Major Rocky Magma,Minor Metallic Magma,Minor Silicate Vapour Geysers]",
            "atmosComp [SulphurDioxide >= 0.8]"
          ]
        },
        {
          "useCommonChildren": true,
          "query": [
            "# hit count: 10000",
            "atmosType [SulphurDioxide]",
            "  gravity [0.29 ~ 0.611]",
            "     temp [165 ~ 450]",
            "volcanism [None,Major Rocky Magma,Major Silicate Vapour Geysers,Metallic Magma,Minor Metallic Magma,Minor Silicate Vapour Geysers,Rocky Magma]",
            "atmosComp [SulphurDioxide >= 100 | CarbonDioxide >= 0.7]"
          ]
        },
        {
          "useCommonChildren": true,
          "query": [
            "# hit count: 916",
            "atmosType [Water]",
            "  gravity [0.045 ~ 0.063]",
            "     temp [392 ~ 450]",
            " pressure [0.0525 ~ ]",
            "volcanism [None]",
            "atmosComp [Water >= 100]"
          ]
        }
      ]
    }

  ]
}
