{
  "genus": "Stratum",
  "commonChildren": [
    { "variant": "Emerald", "query": [ "  star [F,N]" ] },
    { "variant": "Lime", "query": [ "     star [K]" ] },
    { "variant": "Green", "query": [ "    star [M]" ] },
    { "variant": "Turquoise", "query": [ "star [L]" ] },
    { "variant": "Grey", "query": [ "     star [T]" ] },
    { "variant": "Amethyst", "query": [ " star [TTS]" ] },
    { "variant": "Teal", "query": [ "     star [Ae]" ] },
    { "variant": "Indigo", "query": [ "   star [Y]" ] },
    { "variant": "Red", "query": [ "      star [W]" ] },
    { "variant": "Mauve", "query": [ "    star [D]" ] }
  ],
  "children": [

    { 
      "species": "Araneamus",
      "variant": "Emerald",
      "query": [
        "     body [Rocky]",
        "atmosType [SulphurDioxide]",
        "  gravity [0.26 ~ 0.55]",
        "     temp [165 ~ 373]",
        " pressure [0.0009 ~ ]"
      ]
    },

    {
      "species": "Cucumisis",
      "query": [
        "     body [Rocky]",
        "regions [1,4,8,16,17,18,19,20,21,22,23,35,40]"
      ],
      "children": [
        {
          "useCommonChildren": true,
          "query": [
            "atmosType [CarbonDioxide]",
            "atmosComp [CarbonDioxide >= 50]",
            "  gravity [0.04 ~ 0.59]",
            "     temp [191 ~ 371]",
            "pressure [0.001 ~ ]"
          ]
        },
        {
          "useCommonChildren": true,
          "query": [
            "atmosType [CarbonDioxideRich]",
            "  gravity [0.45 ~ 0.56]",
            "     temp [217 ~ 246]",
            " pressure [0.023 ~ ]",
            "volcanism [None]"
          ]
        },
        {
          "useCommonChildren": true,
          "query": [
            "atmosType [Oxygen]",
            "atmosComp [Oxygen >= 100]",
            "  gravity [0.40 ~ 0.58]",
            "     temp [200 ~ 245]",
            " pressure [0.028 ~ ]"
          ]
        },
        {
          "useCommonChildren": true,
          "query": [
            "atmosType [SulphurDioxide]",
            "atmosComp [SulphurDioxide >= 50]",
            "  gravity [0.27 ~ 0.54]",
            "     temp [191 ~ 373]",
            " pressure [0.00099 ~ ]"
          ]
        }
      ]
    },

    { 
      "species": "Excutitus",
      "children": [
        {
          "useCommonChildren": true,
          "query": [
            "     body [Rocky]",
            "atmosType [CarbonDioxide]",
            "atmosComp [CarbonDioxide >= 50]",
            "  gravity [0.04 ~ 0.47]",
            "     temp [165 ~ 190]",
            " pressure [0.0037 ~ ]",
            "volcanism [None]",
            "  regions [1,4,7,8,9,16,17,18,33,34,35]"
          ]
        },
        {
          "useCommonChildren": true,
          "query": [
            "     body [Rocky]",
            "atmosType [ArgonRich]",
            "  gravity [0.27 ~ 0.30]",
            "     temp [80 ~ 90]",
            " pressure [0.03 ~ 0.05]",
            "volcanism [None]"
          ]
        },
        { 
          "useCommonChildren": true,
          "query": [
            "     body [Rocky]",
            "atmosType [SulphurDioxide]",
            "atmosComp [SulphurDioxide >= 50]",
            "  gravity [0.27 ~ 0.41]",
            "     temp [165 ~ 190]",
            " pressure [0.00099 ~ 0.094]",
            "volcanism [None]",
            "  regions [1,4,7,8,9,16,17,18,33,34,35]"
          ]
        }
      ]
    },

    { 
      "species": "Frigus",
      "query": [
        "body [Rocky]"
      ],
      "children": [
        {
          "useCommonChildren": true,
          "query": [
            " atmosType [SulphurDioxide]",
            "atmosComp [SulphurDioxide >= 50.24]",
            "   gravity [0.04 ~ 0.54]",
            "      temp [191 ~ 377]",
            "  pressure [0.001 ~ 0.094]",
            " volcanism [None]",
            "regions [3,7,15,30,32,33,34,36,38,39]"
          ]
        },
        { 
          "useCommonChildren": true,
          "query": [
            "atmosType [CarbonDioxide]",
            "atmosComp [CarbonDioxide >= 50]",
            "  gravity [0.45 ~ 0.55]",
            "     temp [205 ~ 246]",
            " pressure [0.037 ~ 0.096]",
            "volcanism [None]",
            "  regions [3,7,15,30,32,33,34,36,38,39]"
          ]
        },
        { 
          "useCommonChildren": true,
          "query": [
            "atmosType [CarbonDioxideRich]",
            "  gravity [0.45 ~ 0.55]",
            "     temp [205 ~ 246]",
            " pressure [0.037 ~ 0.096]",
            "volcanism [None]",
            "  regions [3,7,15,30,32,33,34,36,38,39]"
          ]
        },
        { 
          "useCommonChildren": true,
          "query": [
            "atmosType [Oxygen]",
            "atmosComp [Oxygen >= 99.46]",
            "  gravity [0.41 ~ 0.45]",
            "     temp [207 ~ 237]",
            " pressure [0.026 ~ 0.096]",
            "  regions [3,7,15,30,32,33,34,36,38,39]"
          ]
        }
      ]
    },

    { 
      "species": "Laminamus",
      "children": [
        {
          "useCommonChildren": true,
          "query": [
            "     body [Rocky]",
            "atmosType [Ammonia]",
            "atmosComp [Ammonia >= 76.91]",
            "  gravity [0.04 ~ 0.34]",
            "     temp [161 ~ 177]",
            " pressure [0.0009 ~ 0.0134]",
            "  regions [1,4,7,8,9,16,17,18,33,34,35]"
          ]
        }
      ]
    },

    { 
      "species": "Limaxus",
      "children": [
        {
          "useCommonChildren": true,
          "query": [
            "     body [Rocky]",
            "atmosType [CarbonDioxide]",
            "atmosComp [CarbonDioxide >= 60]",
            "  gravity [0.04 ~ 0.39]",
            "     temp [165 ~ 190]",
            " pressure [0.005 ~ ]",
            "  regions [9,10,11,12,16,24,25,26,28,42]"
          ]
        },
        { 
          "useCommonChildren": true,
          "query": [
            "     body [Rocky]",
            "atmosType [Oxygen]",
            "atmosComp [Oxygen >= 100]",
            "  gravity [0.04 ~ 0.39]",
            "     temp [165 ~ 190]",
            " pressure [0.005 ~ ]",
            "  regions [9,10,11,12,16,24,25,26,28,42]"
          ]
        },
        { 
          "useCommonChildren": true,
          "query": [
            "     body [Rocky]",
            "atmosType [SulphurDioxide]",
            "atmosComp [SulphurDioxide >= 50]",
            "  gravity [0.27 ~ 0.40]",
            "     temp [165 ~ 190]",
            " pressure [0.001 ~ 0.094]",
            "  regions [9,10,11,12,16,24,25,26,28,42]"
          ]
        }
      ]
    },

    { 
      "species": "Paleas",
      "children": [
        {
          "useCommonChildren": true,
          "query": [
            "     body [Rocky]",
            "atmosType [Ammonia]",
            "atmosComp [Ammonia >= 74.36]",
            "  gravity [0.04 ~ 0.34]",
            "     temp [158 ~ 177]",
            " pressure [0.0009 ~ 0.0134]"
          ]
        },
        { 
          "useCommonChildren": true,
          "query": [
            "     body [Rocky]",
            "atmosType [CarbonDioxide]",
            "atmosComp [CarbonDioxide >= 50]",
            "  gravity [0.04 ~ 0.58]",
            "     temp [165 ~ 419]",
            " pressure [0.001 ~ ]",
            "volcanism [None]"
          ]
        },
        { 
          "useCommonChildren": true,
          "query": [
            "     body [Rocky]",
            "atmosType [CarbonDioxideRich]",
            "  gravity [0.44 ~ 0.59]",
            "     temp [186 ~ 257]",
            " pressure [0.015 ~ ]",
            "volcanism [None]"
          ]
        },
        { 
          "useCommonChildren": true,
          "query": [
            "     body [Rocky]",
            "atmosType [Oxygen]",
            "atmosComp [Oxygen >= 69.5]",
            "  gravity [0.40 ~ 0.58]",
            "     temp [169 ~ 246]",
            " pressure [0.023 ~ ]"
          ]
        },
        { 
          "useCommonChildren": true,
          "query": [
            "     body [Rocky]",
            "atmosType [Water]",
            "atmosComp [Water >= 100]",
            "  gravity [0.04 ~ 0.06]",
            "     temp [394 ~ 450]",
            " pressure [0.055 ~ ]"
          ]
        }
      ]
    },

    {
      "species": "Tectonicas",
      "query": [
        "body [HMC]"
      ],
      "children": [
        {
          "useCommonChildren": true,
          "query": [
            "atmosType [Ammonia]",
            "atmosComp [Ammonia >= 100]",
            "  gravity [0.05 ~ 0.37]",
            "     temp [165 ~ 177]",
            " pressure [0.0009 ~ 0.013]"
          ]
        },
        {
          "useCommonChildren": true,
          "query": [
            "atmosType [Argon]",
            "atmosComp [Argon >= 47.25]",
            "  gravity [0.50 ~ 0.52]",
            "     temp [173 ~ 182]",
            " pressure [0.073 ~ 0.09]"
          ]
        },
        {
          "useCommonChildren": true,
          "query": [
            "atmosType [ArgonRich]",
            "  gravity [0.49 ~ 0.56]",
            "     temp [166 ~ 232]",
            "pressure [0.003 ~ 0.089]"
          ]
        },
        {
        "useCommonChildren": true,
        "query": [
            "atmosType [CarbonDioxide]",
            "atmosComp [CarbonDioxide >= 50]",
            "  gravity [0.05 ~ 0.61]",
            "     temp [165 ~ 430]",
            " pressure [0.0009 ~ ]"
          ]
        },
        {
          "useCommonChildren": true,
          "query": [
            "atmosType [CarbonDioxideRich]",
            "  gravity [0.36 ~ 0.61]",
            "     temp [165 ~ 260]",
            " pressure [0.007 ~ ]"
          ]
        },
        {
          "useCommonChildren": true,
          "query": [
            "atmosType [Oxygen]",
            "atmosComp [Oxygen >= 79.56]",
            "  gravity [0.50 ~ 0.51]",
            "     temp [165 ~ 246]",
            " pressure [0.021 ~ ]"
          ]
        },
        {
          "useCommonChildren": true,
          "query": [
            "atmosType [SulphurDioxide]",
            "atmosComp [SulphurDioxide >= 50]",
            "  gravity [0.29 ~ 0.61]",
            "     temp [165 ~ 450]",
            " pressure [0.0009 ~ ]"
          ]
        },
        {
          "useCommonChildren": true,
          "query": [
            "atmosType [Water]",
            "atmosComp [Water >= 100]",
            "  gravity [0.04 ~ 0.063]",
            "     temp [392 ~ 450]",
            " pressure [0.052 ~ ]",
            "volcanism [None]"
          ]
        }
      ]
    }

  ]
}
