{
  "genus": "Tubus",
  "commonChildren": [
    { "variant": "Green", "query": [ "    star [O]" ] },
    { "variant": "Emerald", "query": [ "  star [B]" ] },
    { "variant": "Indigo", "query": [ "   star [A]" ] },
    { "variant": "Grey", "query": [ "     star [F]" ] },
    { "variant": "Red", "query": [ "      star [G]" ] },
    { "variant": "Maroon", "query": [ "   star [K]" ] },
    { "variant": "Teal", "query": [ "     star [M]" ] },
    { "variant": "Turquoise", "query": [ "star [L]" ] },
    { "variant": "Mauve", "query": [ "    star [T]" ] },
    { "variant": "Ocher", "query": [ "    star [TTS]" ] },
    { "variant": "Lime", "query": [ "     star [W]" ] },
    { "variant": "Yellow", "query": [ "   star [D]" ] },
    { "variant": "Amethyst", "query": [ " star [N]" ] }
  ],
  "children": [

    {
      "species": "Cavas",
      "useCommonChildren": true,
      "query": [
        "# hit count: 10000",
        "atmosType [CarbonDioxide]",
        "     body [Rocky]",
        "  gravity [0.041 ~ 0.153]",
        "     temp [160 ~ 197]",
        " pressure [0.0032 ~ ]",
        "volcanism [None]",
        "atmosComp [CarbonDioxide >= 100 | SulphurDioxide >= 0.99]",
        "  regions [1,2,4,5,8,9,10,11,12,16,17,24,25,26,28,33,34,42]"
      ]
    },

    {
      "species": "Compagibus",
      "useCommonChildren": true,
      "query": [
        "# hit count: 10000",
        "atmosType [CarbonDioxide]",
        "     body [Rocky]",
        "  gravity [0.04 ~ 0.16]",
        "     temp [150 ~ 197]",
        " pressure [0.003 ~ ]",
        "volcanism [None]",
        "atmosComp [CarbonDioxide >= 100 | SulphurDioxide >= 0.99]",
        "  regions [1,2,4,5,8,8,9,16,17,17,18,19,20,21,22,23,33,34,35,40]"
      ]
    },

    {
      "species": "Conifer",
      "useCommonChildren": true,
      "query": [
        "# hit count: 8876",
        "atmosType [CarbonDioxide]",
        "     body [Rocky]",
        "  gravity [0.041 ~ 0.152]",
        "     temp [160 ~ 196]",
        " pressure [0.0031 ~ ]",
        "volcanism [None]",
        "atmosComp [CarbonDioxide >= 100 | SulphurDioxide >= 0.99]",
        "  regions [1,3,7,15,30,32,33,34,36,38,39]"
      ]
    },

    {
      "species": "Rosarium",
      "useCommonChildren": true,
      "query": [
        "# hit count: 9787",
        "atmosType [Ammonia]",
        "     body [Rocky]",
        "  gravity [ ~ 0.164]",
        "     temp [160 ~ 177]",
        " pressure [ ~ 0.0134]",
        "atmosComp [Ammonia >= 100]",
        "# More volcanism is likely but only on certain variants?"
      ]
    },

    {
      "species": "Sororibus",
      "query": [
        "# hit count: 5615",
        "     body [HMC]",
        "  gravity [0.045 ~ 0.153]",
        "volcanism [None]"
      ],
      "children": [
        {
          "useCommonChildren": true,
          "query": [
            "# hit count: 159",
            "atmosType [Ammonia]",
            "     temp [160 ~ 177]",
            " pressure [ ~ 0.013]",
            "atmosComp [Ammonia >= 100]"
          ]
        },
        {
          "useCommonChildren": true,
          "query": [
            "# hit count: 5456",
            "atmosType [CarbonDioxide]",
            "     temp [160 ~ 194]",
            " pressure [0.0028 ~ ]",
            "atmosComp [CarbonDioxide >= 100 | SulphurDioxide >= 0.99]"
          ]
        }
      ]
    }

  ]
}

