{
  "genus": "Tussock",
  "commonChildren": [
    { "variant": "Yellow", "query": [ " star [F,N]" ] },
    { "variant": "Lime", "query": [ "   star [G]" ] },
    { "variant": "Green", "query": [ "  star [K]" ] },
    { "variant": "Emerald", "query": [ "star [M]" ] },
    { "variant": "Sage", "query": [ "   star [L]" ] },
    { "variant": "Teal", "query": [ "   star [T]" ] },
    { "variant": "Red", "query": [ "    star [Y]" ] },
    { "variant": "Orange", "query": [ " star [W]" ] },
    { "variant": "Maroon", "query": [ " star [D]" ] }
  ],
  "children": [

    {
      "species": "Albata",
      "useCommonChildren": true,
      "query": [
        "     body [HMC,Rocky]",
        "atmosType [CarbonDioxide]",
        "atmosComp [CarbonDioxide >= 97.5]",
        "  gravity [0.04 ~ 0.28]",
        "     temp [172 ~ 190]",
        " pressure [0.016 ~ ]",
        "volcanism [None]",
        "  regions [3,7,8,15,16,17,18,19,20,21,22,23,30,32,33,34,35,36,38,39,40]"
      ]
    },

    {
      "species": "Capillum",
      "children": [
        {
          "useCommonChildren": true,
          "query": [
            "     body [RockyIce]",
            "atmosType [Argon]",
            "atmosComp [Argon >= 59.7]",
            "  gravity [0.22 ~ 0.28]",
            "     temp [80 ~ 129]",
            " pressure [0.0009 ~ ]"
          ]
        },
        {
          "useCommonChildren": true,
          "query": [
              "     body [Rocky,RockyIce]",
              "atmosType [Methane]",
              "atmosComp [Methane >= 100]",
              "  gravity [0.03 ~ 0.28]",
              "     temp [90 ~ 109]",
              " pressure [0.0014 ~ ]"
          ]
        }
      ]
    },

    {
      "species": "Caputus",
      "useCommonChildren": true,
      "query": [
          "     body [HMC,Rocky]",
          "atmosType [CarbonDioxide]",
          "atmosComp [CarbonDioxide >= 97.5]",
          "  gravity [0.04 ~ 0.30]",
          "     temp [181 ~ 191]",
          " pressure [0.027 ~ ]",
          "volcanism [None]",
          "  regions [3,7,8,15,16,17,18,19,20,21,22,23,30,32,33,34,35,36,38,39,40]"
      ]
    },

    {
      "species": "Catena",
      "useCommonChildren": true,
      "query": [
          "     body [HMC,Rocky]",
          "atmosType [Ammonia]",
          "atmosComp [Ammonia >= 100]",
          "  gravity [0.04 ~ 0.28]",
          "     temp [152 ~ 177]",
          " pressure [0.0009 ~ 0.0134]",
          "  regions [9,10,11,12,16,24,25,26,28,42]"
      ]
    },

    {
      "species": "Cultro",
      "useCommonChildren": true,
      "query": [
          "     body [HMC,Rocky]",
          "atmosType [Ammonia]",
          "atmosComp [Ammonia >= 100]",
          "  gravity [0.04 ~ 0.28]",
          "     temp [152 ~ 177]",
          "  regions [1,2,4,7,8,9,16,17,18,33,34,35]"
      ]
    },

    {
      "species": "Divisa",
      "useCommonChildren": true,
      "query": [
          "     body [HMC,Rocky]",
          "atmosType [Ammonia]",
          "atmosComp [Ammonia >= 100]",
          "  gravity [0.04 ~ 0.28]",
          "     temp [152 ~ 177]",
          " pressure [0.0009 ~ 0.071]",
          "  regions [3,7,15,30,32,33,34,36,38,39]"
      ]
    },

    {
      "species": "Ignis",
      "useCommonChildren": true,
      "query": [
          "     body [HMC,Rocky]",
          "atmosType [CarbonDioxide]",
          "atmosComp [CarbonDioxide >= 97.5]",
          "  gravity [0.04 ~ 0.20]",
          "     temp [160 ~ 170]",
          " pressure [0.0028 ~ .053]",
          "volcanism [None]",
          "  regions [3,7,8,15,16,17,18,19,20,21,22,23,30,32,33,34,35,36,38,39,40]"
      ]
    },

    {
      "species": "Pennata",
      "useCommonChildren": true,
      "query": [
          "     body [HMC,Rocky]",
          "atmosType [CarbonDioxide]",
          "atmosComp [CarbonDioxide >= 97.5]",
          "  gravity [0.04 ~ 0.10]",
          "     temp [145 ~ 154]",
          " pressure [0.0028 ~ 0.0113]",
          "volcanism [None]",
          "  regions [3,7,8,15,16,17,18,19,20,21,22,23,30,32,33,34,35,36,38,39,40]"
      ]
    },

    {
      "species": "Pennatis",
      "useCommonChildren": true,
      "query": [
          "     body [HMC,Rocky]",
          "atmosType [CarbonDioxide]",
          "atmosComp [CarbonDioxide >= 97.5]",
          "  gravity [0.04 ~ 0.28]",
          "     temp [147 ~ 196]",
          " pressure [0.0029 ~ ]",
          "volcanism [None]",
          "  regions [1,2,5,6,13,14,27,29,31,37,41]"
      ]
    },

    {
      "species": "Propagito",
      "useCommonChildren": true,
      "query": [
          "     body [HMC,Rocky]",
          "atmosType [CarbonDioxide]",
          "atmosComp [CarbonDioxide >= 97.5]",
          "  gravity [0.04 ~ 0.28]",
          "     temp [145 ~ 197]",
          " pressure [0.0029 ~ ]",
          "volcanism [None]",
          "  regions [1,4,9,10,11,12,16,24,25,26,28,42]"
      ]
    },

    {
      "species": "Serrati",
      "useCommonChildren": true,
      "query": [
          "     body [HMC,Rocky]",
          "atmosType [CarbonDioxide]",
          "atmosComp [CarbonDioxide >= 97.5]",
          "  gravity [0.04 ~ 0.24]",
          "     temp [171 ~ 178]",
          " pressure [0.0106 ~ 0.0704]",
          "volcanism [None]",
          "  regions [3,7,8,15,16,17,18,19,20,21,22,23,30,32,33,34,35,36,38,39,40]"
      ]
    },

    {
      "species": "Stigmasis",
      "useCommonChildren": true,
      "query": [
          "     body [HMC,Rocky]",
          "atmosType [SulphurDioxide]",
          "atmosComp [SulphurDioxide >= 100]",
          "  gravity [0.04 ~ 0.28]",
          "     temp [132 ~ 207]",
          " pressure [0.0009 ~ 0.022]"
      ]
    },

    {
      "species": "Triticum",
      "useCommonChildren": true,
      "query": [
          "     body [HMC,Rocky]",
          "atmosType [CarbonDioxide]",
          "atmosComp [CarbonDioxide >= 97.5]",
          "  gravity [0.04 ~ 0.28]",
          "volcanism [None]",
          "     temp [191 ~ 196]",
          " pressure [0.058 ~ ]",
          "  regions [3,7,8,15,16,17,18,19,20,21,22,23,30,32,33,34,35,36,38,39,40]"
      ]
    },

    {
      "species": "Ventusa",
      "useCommonChildren": true,
      "query": [
          "     body [HMC,Rocky]",
          "atmosType [CarbonDioxide]",
          "atmosComp [CarbonDioxide >= 97.5]",
          "  gravity [0.04 ~ 0.17]",
          "volcanism [None]",
          "     temp [155 ~ 188]",
          " pressure [0.0029 ~ 0.048]",
          "  regions [3,7,8,15,16,17,18,19,20,21,22,23,30,32,33,34,35,36,38,39,40]"
      ]
    },

    {
      "species": "Virgam",
      "useCommonChildren": true,
      "query": [
          "     body [HMC,Rocky]",
          "atmosType [Water]",
          "atmosComp [Water >= 100]",
          "  gravity [0.04 ~ 0.07]",
          "     temp [390 ~ 450]",
          " pressure [0.050 ~ ]",
          "volcanism [None,Minor Water Magma]"
      ]
    }
  ]
}
