{
  "sid": "GR158",
  "idx": 1,
  "sa": 0,
  "bi": 0,
  "sh": 0,
  "t": "Alpha",
  "rh": 0,
  "ll": null,
  "pa": null,
  "pp": null,
  "pe": null,
  "og": "BCDEHIJKLMNO",
  "ao": [
    "B09-to,ur-C4-",
    "B12-to,ur-C4-",
    "C03-to,ca-C3-",
    "C13-to,re-C1-",
    "D03-or,ur-T4-",
    "D13-or,to-T6-",
    "E07-ca,to-H6-",
    "H05-ca-H1-",
    "I07-ur,ca-B3-",
    "I10-ur,ta-B4-",
    "J07-ca,ca-H2-",
    "K06-or,or-T2-",
    "K07-or,ca-T3-",
    "L07-ca,to-H6-",
    "M14-ta,ta-L6-",
    "M18-ta,ta-L2-",
    "M22-ta,ta-L6-",
    "N07-ca,to-H6-",
    "O12-or,to-T6-",
    "O20-or,to-T6-"
  ]
}