{
  "sid": "GR157",
  "idx": 2,
  "sh": -1,
  "t": "Gamma",
  "rh": -1,
  "og": "ABCDFGHLMNOQRS",
  "ao": [
    "A04-ur,to-B18-",
    "A06-ur,ta-B16-",
    "B04-ur,to-B18-",
    "B06-ur,ta-B16-",
    "C08-to,or-C19-",
    "C15-to,ca-C16-",
    "D15-ta-L15-",
    "F04-or,or-T15-",
    "F10-or-T14-",
    "G07-or,re-T20-",
    "H01-ta,re-L21-",
    "H02-ta-L15-",
    "H10-ta,ta-L16-",
    "H32-ta,re-L21-",
    "H49-ta,ca-L17-",
    "L08-or,ta-T18-",
    "L14-or,re-T20-",
    "M08-to,ca-C16-",
    "M14-to-C14-",
    "N01-or-T14-",
    "N07-or,ca-T16-",
    "O07-ca,ca-H18-",
    "Q08-ca,ca-H18-",
    "R07-to,re-C20-",
    "R13-to,ur-C17-",
    "S07-ca,ta-H20-"
  ]
}