{
  "sid": "GR157",
  "idx": 2,
  "sh": 190,
  "t": "Gamma",
  "rh": 230,
  "ll": {
    "lat": -73.765099,
    "long": -30.819651
  },
  "pa": "p10,p14,p17,p18,p20,p23,p28,p3,p30,p33,p35,p36,p37,p40,p41,p42,p43,t1,t4,t5,t7",
  "pp": "p11,p12,p13,p15,p16,p19,p2,p21,p22,p24,p25,p26,p27,p29,p31,p32,p34,p38,p39,p4,p5,p6,p7,p8,p9,t2,t3,t6,t8,t9",
  "pe": "p1",
  "og": "ABCDFGHLMNOQRS",
  "ao": [
    "A04-ur,to-B18-",
    "A06-ur,ta-B16-",
    "B04-ur,to-B18-",
    "B06-ur,ta-B16-",
    "C08-to,or-C19-",
    "C15-to,ca-C16-",
    "D15-ta-L15-",
    "F04-or,or-T15-",
    "F10-or-T14-",
    "G07-or,re-T20-",
    "H01-ta,re-L21-",
    "H02-ta-L15-",
    "H10-ta,ta-L16-",
    "H32-ta,re-L21-",
    "H49-ta,ca-L17-",
    "L08-or,ta-T18-",
    "L14-or,re-T20-",
    "M08-to,ca-C16-",
    "M14-to-C14-",
    "N01-or-T14-",
    "N07-or,ca-T16-",
    "O07-ca,ca-H18-",
    "Q08-ca,ca-H18-",
    "R07-to,re-C20-",
    "R13-to,ur-C17-",
    "S07-ca,ta-H20-"
  ],
  "rth": "t6:230"
}