{
  "sid": "GR158",
  "idx": 1,
  "sh": 245,
  "t": "Alpha",
  "rh": 10,
  "ll": {
    "lat": -41.678974,
    "long": -122.354286
  },
  "pa": "p1,p14,p18,p20,p22,p23,p25,p28,p3,p30,p32,p33,p35,p36,p38,p39,p4,p40,p42,p5,p6,p8,t1,t12,t2,t4,t5,t7",
  "pp": "p10,p11,p12,p13,p15,p16,p17,p19,p2,p21,p24,p26,p27,p29,p31,p34,p37,p7,p9,t10,t11,t3,t6,t8,t9",
  "pe": "p41",
  "og": "BCDEHIJKLMNO",
  "ao": [
    "B09-to,ur-C4-",
    "B12-to,ur-C4-",
    "C03-to,ca-C3-",
    "C13-to,re-C1-",
    "D03-or,ur-T4-",
    "D13-or,to-T6-",
    "E07-ca,to-H6-",
    "H05-ca-H1-",
    "I07-ur,ca-B3-",
    "I10-ur,ta-B4-",
    "J07-ca,ca-H2-",
    "K06-or,or-T2-",
    "K07-or,ca-T3-",
    "L07-ca,to-H6-",
    "M14-ta,ta-L6-",
    "M18-ta,ta-L2-",
    "M22-ta,ta-L6-",
    "N07-ca,to-H6-",
    "O12-or,to-T6-",
    "O20-or,to-T6-"
  ],
  "rth": "t6:10"
}