{
  "sid": "GR228",
  "idx": 2,
  "sh": 117,
  "t": "Alpha",
  "rh": 239,
  "ll": {
    "lat": -84.528687,
    "long": -57.096035
  },
  "pa": "p1,p11,p14,p15,p16,p17,p18,p2,p21,p22,p23,p24,p27,p28,p29,p30,p31,p32,p35,p36,p37,p38,p39,p4,p40,p41,p42,p7,p8,p9,t10,t12,t5,t7,t9",
  "pp": "p10,p12,p13,p19,p20,p25,p26,p3,p33,p34,p5,p6,t1,t11,t2,t3,t4,t6,t8",
  "og": "ABGIJKMOQ",
  "ao": [
    "A05-ur,re-B1-",
    "A08-ur,ta-B4-",
    "A17-or-T1-",
    "B01-to,ca-C3-",
    "B15-to,ur-C4-",
    "G02-ca,ur-H3-",
    "I04-ur,re-B1-",
    "I08-ur,ur-B2-",
    "J05-ca,ta-H4-",
    "K08-or,ca-T3-",
    "K21-to,or-C6-",
    "M01-ta-L1-",
    "M04-ta,ur-L4-",
    "M14-ta,ta-L6-",
    "O01-or-T1-",
    "O07-or-T1-",
    "Q13-ta,ta-L2-",
    "Q18-ta,re-L7-",
    "Q27-ta,re-L7-"
  ],
  "rth": "t1:239,t2:239,t3:239,t4:239,t6:239,t8:239,t11:239"
}