{
  "sid": "GR440",
  "idx": 1,
  "sh": -1,
  "t": "Gamma",
  "rh": -1,
  "ll": {
    "lat": -49.324352,
    "long": 102.170715
  },
  "og": "AFGHOPR",
  "ao": [
    "A03-ur,re-B19-",
    "A25-ur,ca-B15-",
    "F12-or,ur-T17-",
    "F13-or,ca-T16-",
    "G05-or,ta-T18-",
    "H01-ta,re-L21-",
    "H02-ta-L15-",
    "H24-ta,ur-L18-",
    "H33-ta,to-L20-",
    "H37-ta,ta-L16-",
    "O02-ca,ta-H20-",
    "P03-to,re-C20-",
    "P25-to,ca-C16-",
    "R02-to,to-C15-",
    "R18-ca,to-H17-"
  ]
}