{
  "sid": "GR510",
  "idx": 2,
  "sh": 287,
  "t": "Alpha",
  "rh": 49,
  "ll": {
    "lat": -57.087318,
    "long": -175.252518
  },
  "pa": "p1,p11,p12,p14,p17,p18,p22,p24,p29,p31,p33,p34,p35,p36,p37,p38,p39,p4,p40,p41,p42,p6,p7,p8,p9,t12,t3,t5,t6,t7",
  "pp": "p10,p13,p15,p16,p19,p2,p20,p21,p23,p25,p26,p27,p28,p3,p30,p32,p5,t1,t10,t11,t2,t4,t8,t9",
  "og": "BDEGJKLMNOP",
  "ao": [
    "B07-to,or-C6-",
    "B20-to,to-C2-",
    "D08-or,ta-T5-",
    "D12-to,ta-C5-",
    "E08-ca,ca-H2-",
    "G01-ca,ca-H2-",
    "J07-ca,ca-H2-",
    "K11-ca,or-H5-",
    "K12-ca,ta-H4-",
    "L08-ca,ca-H2-",
    "M02-ta,ta-L2-",
    "M11-ta,ca-L3-",
    "M21-ta,or-L5-",
    "N08-ca,ca-H2-",
    "O15-or,or-T2-",
    "O17-or,ur-T4-",
    "P11-or,or-T2-",
    "P12-or-T1-"
  ],
  "rth": "t1:49,t2:49,t4:49,t8:49,t9:49,t10:49,t11:49"
}