{
  "sid": "GR247",
  "idx": 1,
  "sh": 121,
  "t": "Alpha",
  "rh": 243,
  "ll": {
    "lat": -42.967045,
    "long": 14.075525
  },
  "pa": "p1,p11,p12,p14,p17,p19,p2,p22,p23,p26,p27,p3,p30,p31,p32,p33,p34,p37,p38,p39,p4,p41,p42,p6,p8,p9,t1,t11,t12,t4,t7,t9",
  "pp": "p10,p15,p16,p18,p20,p21,p24,p25,p28,p29,p35,p36,p5,p7,t10,t2,t3,t5,t6,t8",
  "pe": "p13,p40",
  "og": "BCFGKNOPQ",
  "ao": [
    "B02-to,to-C2-",
    "B16-to,ca-C3-",
    "C01-to,ur-C4-",
    "C12-to,or-C6-",
    "F14-ur,ca-B3-",
    "F16-ur,ta-B4-",
    "G03-ca,or-H5-",
    "K14-ca,or-H5-",
    "K16-ca,ta-H4-",
    "N06-ca,re-H7-",
    "O08-or,or-T2-",
    "O19-or,ta-T5-",
    "P08-or,ur-T4-",
    "P09-or,ur-T4-",
    "Q05-ta,ur-L4-",
    "Q15-ta,ur-L4-",
    "Q18-ta,re-L7-"
  ],
  "rth": "t2:243,t3:243,t5:243,t6:243,t8:243,t10:243"
}