{
  "sid": "GR252",
  "idx": 1,
  "sh": 175,
  "t": "Gamma",
  "rh": 205,
  "ll": {
    "lat": -19.572639,
    "long": -19.972872
  },
  "pa": "p13,p15,p17,p19,p2,p23,p27,p28,p3,p30,p31,p33,p34,p35,p37,p38,p41,p42,p43,p5,t3,t4,t7,t8",
  "pp": "p10,p11,p12,p14,p16,p18,p20,p21,p22,p24,p25,p26,p29,p32,p36,p39,p4,p40,p6,p7,p8,p9,t1,t2,t5,t6,t9",
  "pe": "p1",
  "og": "ABCFHKMOPS",
  "ao": [
    "A03-ur,re-B19-",
    "A16-ur,ca-B15-",
    "B03-ur,re-B19-",
    "B16-ur,ca-B15-",
    "C05-to-C14-",
    "C13-to,re-C20-",
    "F02-or,ur-T17-",
    "F03-or,ca-T16-",
    "H08-ta,ur-L18-",
    "H15-ta,or-L19-",
    "H20-ta-L15-",
    "H50-ta,re-L21-",
    "H54-ta,ca-L17-",
    "K03-or,or-T15-",
    "K07-or,ca-T16-",
    "M07-to,or-C19-",
    "M12-to,to-C15-",
    "O01-ca,ur-H19-",
    "P03-to,re-C20-",
    "P16-to,ca-C16-",
    "S04-ca,to-H17-"
  ],
  "rth": "t1:205,t2:205,t5:69,t6:218,t9:205"
}