{
  "sid": "GR511",
  "idx": 3,
  "sh": 19,
  "t": "Gamma",
  "rh": 49,
  "ll": {
    "lat": -15.693546,
    "long": 152.692276
  },
  "pa": "p13,p15,p18,p19,p2,p20,p26,p28,p29,p30,p31,p33,p34,p36,p38,p39,p43,t3,t5,t6,t9",
  "pp": "p10,p11,p12,p14,p16,p17,p21,p22,p23,p24,p25,p27,p3,p32,p35,p37,p4,p40,p41,p42,p5,p6,p7,p8,p9,t1,t2,t4,t7,t8",
  "pe": "p1",
  "og": "AGHLORS",
  "ao": [
    "A12-ur,re-B19-",
    "A19-ur,ur-B14-",
    "G03-or,re-T20-",
    "H35-ta,ur-L18-",
    "H36-ta,ca-L17-",
    "H52-ta,or-L19-",
    "H53-ta,ur-L18-",
    "H56-ta-L15-",
    "L03-or,ta-T18-",
    "L08-or,ta-T18-",
    "O07-ca,ca-H18-",
    "R08-ca,ta-H20-",
    "R15-to,or-C19-",
    "S05-ca,ur-H19-"
  ],
  "rth": "t1:49,t2:49,t4:49,t7:49,t8:49"
}