{
  "sid": "GR510",
  "idx": 2,
  "sh": -1,
  "t": "Alpha",
  "rh": -1,
  "ll": null,
  "pa": null,
  "pp": null,
  "pe": null,
  "og": "BDEGJKLMNOP",
  "ao": [
    "B07-to,or-C6-",
    "B20-to,to-C2-",
    "D08-or,ta-T5-",
    "D12-to,ta-C5-",
    "E08-ca,ca-H2-",
    "G01-ca,ca-H2-",
    "J07-ca,ca-H2-",
    "K11-ca,or-H5-",
    "K12-ca,ta-H4-",
    "L08-ca,ca-H2-",
    "M02-ta,ta-L2-",
    "M11-ta,ca-L3-",
    "M21-ta,or-L5-",
    "N08-ca,ca-H2-",
    "O15-or,or-T2-",
    "O17-or,ur-T4-",
    "P11-or,or-T2-",
    "P12-or-T1-"
  ]
}