{
  "sid": "GR254",
  "idx": 3,
  "sh": 303,
  "t": "Alpha",
  "rh": 65,
  "ll": {
    "lat": -45.642773,
    "long": 110.194397
  },
  "pa": "p1,p12,p13,p14,p16,p17,p18,p20,p21,p22,p24,p25,p27,p29,p3,p30,p31,p33,p34,p36,p37,p38,p4,p40,p41,p42,p5,p6,p8,t1,t10,t11,t12",
  "pp": "p10,p11,p15,p19,p2,p23,p26,p28,p32,p35,p39,p7,p9,t2,t3,t4,t5,t6,t7,t8,t9",
  "og": "ABCEFHIJNO",
  "ao": [
    "A11-to,ca-C3-",
    "A18-or,or-T2-",
    "A19-or,ca-T3-",
    "B05-to,to-C2-",
    "B15-to,ur-C4-",
    "C01-to,ur-C4-",
    "C13-to,re-C1-",
    "E02-ca,ta-H4-",
    "F04-ur,re-B1-",
    "F15-ur,ta-B4-",
    "H04-ca,ca-H2-",
    "I04-ur,re-B1-",
    "I14-ur,or-B5-",
    "J04-ca,to-H6-",
    "N02-ca,ta-H4-",
    "O06-or,to-T6-",
    "O19-or,ta-T5-"
  ],
  "rth": "t2:65,t3:65,t4:64,t5:65,t6:65,t7:65,t8:65,t9:65"
}