{
  "sid": "GR227",
  "idx": 1,
  "sh": 220,
  "t": "Gamma",
  "rh": 250,
  "ll": {
    "lat": 45.787544,
    "long": 60.897354
  },
  "pa": "p10,p13,p14,p15,p17,p18,p19,p23,p25,p26,p28,p3,p30,p34,p35,p37,p38,p39,p40,p42,p43,p5,t2,t3,t6,t7,t8",
  "pp": "p1,p11,p12,p16,p2,p20,p21,p22,p24,p27,p29,p31,p32,p33,p36,p4,p41,p6,p7,p8,p9,t1,t4,t5,t9",
  "og": "CEHIJLMNOPQ",
  "ao": [
    "C05-to-C14-",
    "C09-to,ur-C17-",
    "E01-ca,ur-H19-",
    "H01-ta,re-L21-",
    "H14-ta,to-L20-",
    "H31-ta,ta-L16-",
    "H42-ta,ur-L18-",
    "H44-ta,to-L20-",
    "I08-ur,ca-B15-",
    "I09-ur,ta-B16-",
    "J08-ca,to-H17-",
    "L05-or,re-T20-",
    "L09-or,to-T19-",
    "M06-to,or-C19-",
    "M09-to,ca-C16-",
    "N06-or,or-T15-",
    "N10-or-T14-",
    "O01-ca,ur-H19-",
    "P15-to,ur-C17-",
    "P17-to,to-C15-",
    "Q01-ca,ur-H19-"
  ],
  "rth": "t1:250,t4:250,t5:250,t9:250"
}