{
  "sid": "GR231",
  "idx": 2,
  "sh": 108,
  "t": "Gamma",
  "rh": 138,
  "ll": {
    "lat": -36.860264,
    "long": 56.678776
  },
  "pa": "p10,p13,p14,p19,p20,p23,p25,p27,p3,p33,p34,p36,p38,p42,p43,p9,t1,t6,t8,t9",
  "pp": "p1,p11,p12,p15,p16,p17,p18,p2,p21,p22,p24,p28,p29,p30,p31,p32,p35,p37,p39,p4,p41,p5,p6,p7,p8,t2,t3,t4,t5,t7",
  "pe": "p26,p40",
  "og": "ACEGKNPR",
  "ao": [
    "A07-ur,ca-B15-",
    "A17-ur,ur-B14-",
    "C05-to-C14-",
    "C10-to,to-C15-",
    "E01-ca,ur-H19-",
    "G09-or,ta-T18-",
    "K06-or,ur-T17-",
    "K07-or,ca-T16-",
    "N05-or-T14-",
    "N10-or-T14-",
    "P07-to,ca-C16-",
    "P17-to,to-C15-",
    "R05-to,ta-C18-",
    "R20-to,to-C15-"
  ],
  "rth": "t2:138,t3:138,t4:138,t5:138,t7:138"
}