{
  "sid": "GR232",
  "idx": 1,
  "sh": 89,
  "t": "Beta",
  "rh": 209,
  "ll": {
    "lat": -62.536331,
    "long": 12.74488
  },
  "pa": "p1,p11,p14,p15,p16,p18,p19,p2,p20,p21,p22,p23,p25,p27,p28,p30,p32,p33,p36,p37,p38,p40,p5,p6,p7,p8,t2,t5,t6,t8",
  "pp": "p10,p12,p13,p17,p24,p26,p29,p3,p31,p34,p35,p39,p4,p41,p42,p9,t1,t3,t4,t7",
  "og": "CDEFJMRT",
  "ao": [
    "C09-ta,or-L12-",
    "C22-ta,ur-L11-",
    "D11-ca,re-H10-",
    "E24-ta,to-L13-",
    "E27-ur,ur-B8-",
    "F08-ca,re-H16-",
    "J07-or,ur-T10-",
    "M01-or-T7-",
    "R24-ur,or-B11-",
    "R27-ca,re-H16-",
    "T06-ca,ta-H11-",
    "T18-ca,ta-H11-"
  ],
  "rth": "t1:209,t3:209,t4:209,t7:209"
}