{
  "sid": "GR230",
  "idx": 3,
  "sh": 164,
  "t": "Gamma",
  "rh": 194,
  "ll": {
    "lat": -36.770222,
    "long": 56.723873
  },
  "pa": "p1,p10,p13,p14,p15,p17,p19,p20,p25,p27,p28,p3,p30,p33,p34,p35,p37,p38,p40,p41,p43,t3,t6,t8",
  "pp": "p11,p12,p16,p18,p2,p21,p22,p23,p24,p26,p29,p31,p32,p36,p39,p4,p42,p5,p6,p7,p8,p9,t1,t2,t4,t5,t7,t9",
  "og": "BGJKLOPRS",
  "ao": [
    "B17-ur,ur-B14-",
    "B19-ur,to-B18-",
    "G09-or,ta-T18-",
    "J08-ca,to-H17-",
    "K06-or,ur-T17-",
    "K08-or,or-T15-",
    "L05-or,re-T20-",
    "L08-or,ta-T18-",
    "O01-ca,ur-H19-",
    "P17-to,to-C15-",
    "R06-to,or-C19-",
    "R19-to-C14-",
    "S04-ca,to-H17-"
  ],
  "rth": "t1:194,t2:194,t4:194,t5:194,t7:194,t9:194"
}