{
  "sid": "GR471",
  "idx": 1,
  "sh": 0,
  "t": "Alpha",
  "rh": 0,
  "ll": null,
  "pa": null,
  "pp": null,
  "pe": null,
  "og": "EGHILMNPQ",
  "ao": [
    "E06-ca,re-H7-",
    "G03-ca,or-H5-",
    "H03-ca,ur-H3-",
    "I11-ur,ta-B4-",
    "I12-ur,to-B6-",
    "L06-ca,re-H7-",
    "M01-ta-L1-",
    "M03-ta,ca-L3-",
    "M11-ta,ca-L3-",
    "N06-ca,re-H7-",
    "P08-or,ur-T4-",
    "P11-or,or-T2-",
    "Q06-ta,or-L5-",
    "Q14-ta,ca-L3-",
    "Q18-ta,re-L7-"
  ]
}