{
  "sid": "GR471",
  "idx": 1,
  "sh": 295,
  "t": "Alpha",
  "rh": 57,
  "ll": {
    "lat": -18.521685,
    "long": -116.104843
  },
  "pa": "p1,p10,p14,p15,p16,p18,p19,p20,p22,p23,p3,p30,p31,p33,p34,p35,p36,p37,p38,p39,p4,p41,p5,p6,p7,p8,p9,t10,t12,t3,t4,t5",
  "pp": "p11,p12,p13,p17,p2,p21,p24,p25,p26,p27,p28,p29,p32,t1,t11,t2,t6,t7,t8,t9",
  "pe": "p40,p42",
  "og": "EGHILMNPQ",
  "ao": [
    "E06-ca,re-H7-",
    "G03-ca,or-H5-",
    "H03-ca,ur-H3-",
    "I11-ur,ta-B4-",
    "I12-ur,to-B6-",
    "L06-ca,re-H7-",
    "M01-ta-L1-",
    "M03-ta,ca-L3-",
    "M11-ta,ca-L3-",
    "N06-ca,re-H7-",
    "P08-or,ur-T4-",
    "P11-or,or-T2-",
    "Q06-ta,or-L5-",
    "Q14-ta,ca-L3-",
    "Q18-ta,re-L7-"
  ],
  "rth": "t1:57,t2:57,t6:57,t7:57,t8:57,t9:57,t11:57"
}