{
  "sid": "GR248",
  "idx": 3,
  "sh": 123,
  "t": "Alpha",
  "rh": 245,
  "ll": {
    "lat": 4.284379,
    "long": -56.495178
  },
  "pa": "p1,p10,p11,p12,p14,p15,p19,p2,p20,p22,p29,p3,p30,p31,p32,p34,p35,p36,p37,p39,p40,p41,p42,p6,p8,p9,t11,t12,t3,t4,t7,t8",
  "pp": "p13,p16,p17,p18,p21,p23,p24,p25,p26,p27,p28,p33,p4,p5,p7,t1,t10,t2,t5,t6,t9",
  "pe": "p38",
  "og": "BDEFJLNPQ",
  "ao": [
    "B16-to,ca-C3-",
    "B19-to,ca-C3-",
    "D03-or,ur-T4-",
    "D12-to,ta-C5-",
    "E06-ca,re-H7-",
    "F16-ur,ta-B4-",
    "F20-ur,or-B5-",
    "J05-ca,ta-H4-",
    "L06-ca,re-H7-",
    "N06-ca,re-H7-",
    "P06-or,ca-T3-",
    "P08-or,ur-T4-",
    "Q01-ta,ta-L2-",
    "Q17-ta,ta-L6-",
    "Q18-ta,re-L7-"
  ],
  "rth": "t1:245,t2:245,t5:245,t6:245,t9:245,t10:245"
}