{
  "sid": "GR227",
  "idx": 1,
  "sh": 0,
  "t": "Gamma",
  "rh": 0,
  "ll": null,
  "pa": null,
  "pp": null,
  "pe": null,
  "og": "CEHIJLMNOPQ",
  "ao": [
    "C05-to-C14-",
    "C09-to,ur-C17-",
    "E01-ca,ur-H19-",
    "H01-ta,re-L21-",
    "H14-ta,to-L20-",
    "H31-ta,ta-L16-",
    "H42-ta,ur-L18-",
    "H44-ta,to-L20-",
    "I08-ur,ca-B15-",
    "I09-ur,ta-B16-",
    "J08-ca,to-H17-",
    "L05-or,re-T20-",
    "L09-or,to-T19-",
    "M06-to,or-C19-",
    "M09-to,ca-C16-",
    "N06-or,or-T15-",
    "N10-or-T14-",
    "O01-ca,ur-H19-",
    "P15-to,ur-C17-",
    "P17-to,to-C15-",
    "Q01-ca,ur-H19-"
  ]
}