{
  "sid": "GR440",
  "idx": 1,
  "sh": 23,
  "t": "Gamma",
  "rh": 53,
  "ll": {
    "lat": -49.324352,
    "long": 102.170715
  },
  "pa": "p10,p12,p13,p14,p18,p2,p20,p23,p26,p27,p28,p30,p33,p35,p37,p39,p42,p43,p5,p9,t1,t3,t5,t8,t9",
  "pp": "p11,p15,p16,p17,p19,p21,p22,p24,p25,p29,p3,p31,p32,p34,p36,p38,p4,p40,p41,p6,p7,p8,t2,t4,t6,t7",
  "pe": "p1",
  "og": "AFGHOPR",
  "ao": [
    "A03-ur,re-B19-",
    "A25-ur,ca-B15-",
    "F12-or,ur-T17-",
    "F13-or,ca-T16-",
    "G05-or,ta-T18-",
    "H01-ta,re-L21-",
    "H02-ta-L15-",
    "H24-ta,ur-L18-",
    "H33-ta,to-L20-",
    "H37-ta,ta-L16-",
    "O02-ca,ta-H20-",
    "P03-to,re-C20-",
    "P25-to,ca-C16-",
    "R02-to,to-C15-",
    "R18-ca,to-H17-"
  ],
  "rth": "t2:53,t4:53,t6:66,t7:53"
}