{
  "sid": "GR229",
  "idx": 3,
  "sh": -1,
  "t": "Gamma",
  "rh": -1,
  "ll": {
    "lat": -31.026537,
    "long": -170.156403
  },
  "og": "DFJKLMPRS",
  "ao": [
    "D13-ta,to-L20-",
    "F02-or,ur-T17-",
    "F14-or,or-T15-",
    "J08-ca,to-H17-",
    "K07-or,ca-T16-",
    "K14-or-T14-",
    "L05-or,re-T20-",
    "L09-or,to-T19-",
    "M07-to,or-C19-",
    "M09-to,ca-C16-",
    "P16-to,ca-C16-",
    "P23-to,ta-C18-",
    "R19-to-C14-",
    "R21-to,ca-C16-",
    "S04-ca,to-H17-"
  ]
}