{
  "sid": "GR249",
  "idx": 2,
  "sh": 126,
  "t": "Beta",
  "rh": 246,
  "ll": {
    "lat": -18.59511,
    "long": -5.775413
  },
  "pa": "p14,p15,p16,p17,p18,p2,p25,p28,p29,p3,p32,p33,p34,p36,p38,p4,p40,p41,p42,p5,p7,t2,t3,t8",
  "pp": "p1,p10,p11,p12,p13,p19,p20,p21,p22,p23,p24,p26,p27,p30,p31,p35,p37,p39,p6,p8,p9,t1,t4,t5,t6,t7",
  "og": "DELQU",
  "ao": [
    "D05-ca,ta-H11-",
    "E08-ur,to-B12-",
    "E12-to,ca-C9-",
    "L06-or,re-T13-",
    "Q04-or,ca-T9-",
    "U22-ur,to-B12-",
    "U23-ur,or-B11-",
    "U30-ur,ur-B8-"
  ],
  "rth": "t1:246,t4:246,t5:246,t6:246,t7:246"
}