{
  "sid": "GR229",
  "idx": 3,
  "sh": 354,
  "t": "Gamma",
  "rh": 24,
  "ll": {
    "lat": -31.026537,
    "long": -170.156403
  },
  "pa": "p10,p12,p13,p14,p15,p2,p20,p27,p28,p3,p30,p31,p33,p34,p36,p38,p39,p41,p43,p5,t2,t5,t6,t7",
  "pp": "p11,p16,p17,p18,p19,p21,p22,p23,p24,p25,p26,p29,p32,p35,p37,p4,p40,p42,p6,p7,p8,p9,t1,t3,t4,t8,t9",
  "pe": "p1",
  "og": "DFJKLMPRS",
  "ao": [
    "D13-ta,to-L20-",
    "F02-or,ur-T17-",
    "F14-or,or-T15-",
    "J08-ca,to-H17-",
    "K07-or,ca-T16-",
    "K14-or-T14-",
    "L05-or,re-T20-",
    "L09-or,to-T19-",
    "M07-to,or-C19-",
    "M09-to,ca-C16-",
    "P16-to,ca-C16-",
    "P23-to,ta-C18-",
    "R19-to-C14-",
    "R21-to,ca-C16-",
    "S04-ca,to-H17-"
  ],
  "rth": "t1:24,t3:24,t4:24,t8:24,t9:24"
}