{
  "sid": "GR253",
  "idx": 2,
  "sh": 188,
  "t": "Gamma",
  "rh": 218,
  "ll": {
    "lat": -3.39111,
    "long": 81.704292
  },
  "pa": "p10,p13,p14,p15,p17,p19,p2,p20,p23,p24,p25,p26,p29,p31,p33,p34,p36,p37,p39,p40,t6,t7,t9",
  "pp": "p1,p11,p12,p16,p18,p21,p22,p27,p28,p3,p30,p32,p35,p38,p4,p41,p42,p43,p5,p6,p7,p8,p9,t1,t2,t3,t4,t5,t8",
  "og": "BCFGHILRS",
  "ao": [
    "B06-ur,ta-B16-",
    "B23-ur,or-B17-",
    "C04-to,ur-C17-",
    "C09-to,ur-C17-",
    "F04-or,or-T15-",
    "F14-or,or-T15-",
    "G07-or,re-T20-",
    "H13-ta,re-L21-",
    "H15-ta,or-L19-",
    "H28-ta,ur-L18-",
    "H32-ta,re-L21-",
    "H49-ta,ca-L17-",
    "I04-ur,to-B18-",
    "I15-ur,to-B18-",
    "L04-or,to-T19-",
    "L09-or,to-T19-",
    "R07-to,re-C20-",
    "R25-to,re-C20-",
    "S07-ca,ta-H20-"
  ],
  "rth": "t1:218,t2:218,t3:218,t4:218,t5:218,t8:218"
}