{
  "sid": "GR252",
  "idx": 1,
  "sh": 0,
  "t": "Gamma",
  "rh": 0,
  "ll": null,
  "pa": null,
  "pp": null,
  "pe": null,
  "og": "ABCFHKMOPS",
  "ao": [
    "A03-ur,re-B19-",
    "A16-ur,ca-B15-",
    "B03-ur,re-B19-",
    "B16-ur,ca-B15-",
    "C05-to-C14-",
    "C13-to,re-C20-",
    "F02-or,ur-T17-",
    "F03-or,ca-T16-",
    "H08-ta,ur-L18-",
    "H15-ta,or-L19-",
    "H20-ta-L15-",
    "H50-ta,re-L21-",
    "H54-ta,ca-L17-",
    "K03-or,or-T15-",
    "K07-or,ca-T16-",
    "M07-to,or-C19-",
    "M12-to,to-C15-",
    "O01-ca,ur-H19-",
    "P03-to,re-C20-",
    "P16-to,ca-C16-",
    "S04-ca,to-H17-"
  ]
}