{
  "sid": "GR254",
  "idx": 3,
  "sh": -1,
  "t": "Alpha",
  "rh": -1,
  "ll": null,
  "pa": null,
  "pp": null,
  "pe": null,
  "og": "ABCEFHIJNO",
  "ao": [
    "A11-to,ca-C3-",
    "A18-or,or-T2-",
    "A19-or,ca-T3-",
    "B05-to,to-C2-",
    "B15-to,ur-C4-",
    "C01-to,ur-C4-",
    "C13-to,re-C1-",
    "E02-ca,ta-H4-",
    "F04-ur,re-B1-",
    "F15-ur,ta-B4-",
    "H04-ca,ca-H2-",
    "I04-ur,re-B1-",
    "I14-ur,or-B5-",
    "J04-ca,to-H6-",
    "N02-ca,ta-H4-",
    "O06-or,to-T6-",
    "O19-or,ta-T5-"
  ]
}