{
  "sid": "GR356",
  "idx": 2,
  "sh": -1,
  "t": "Alpha",
  "rh": -1,
  "ll": null,
  "pa": null,
  "pp": null,
  "pe": null,
  "og": "ABDEFGHIKLP",
  "ao": [
    "A09-to,re-C1-",
    "A13-ca-H1-",
    "A16-ca,ta-H4-",
    "B03-to,re-C1-",
    "B05-to,to-C2-",
    "D04-or,ca-T3-",
    "D11-or,to-C6-",
    "E08-ca,ca-H2-",
    "F01-ur,re-B1-",
    "F22-ur,or-B5-",
    "G01-ca,ca-H2-",
    "H04-ca,ca-H2-",
    "I01-ur,re-B1-",
    "I14-ur,or-B5-",
    "K01-or-T1-",
    "K22-to,or-C6-",
    "L08-ca,ca-H2-",
    "P09-or,ur-T4-",
    "P13-or-T1-"
  ]
}