{
  "sid": "GR203",
  "idx": 1,
  "sh": 277,
  "t": "Beta",
  "rh": 30,
  "ll": {
    "lat": 3.818022,
    "long": -155.793762
  },
  "pa": "p1,p10,p11,p13,p14,p15,p16,p18,p19,p21,p23,p26,p28,p29,p3,p31,p32,p33,p34,p35,p36,p38,p39,p42,p5,p6,p7,p8,t3,t5,t6",
  "pp": "p12,p17,p2,p20,p22,p24,p25,p27,p30,p37,p4,p40,p41,p9,t1,t2,t4,t7,t8",
  "og": "ABCFL",
  "ao": [
    "A02-ca,to-H15-",
    "B04-or,ca-T9-",
    "C16-ta,ta-L9-",
    "C17-ta-L8-",
    "F05-ca,re-H14-",
    "L05-or,re-T12-"
  ],
  "rth": "t4:30"
}