{
  "sid": "GR199",
  "idx": 2,
  "sh": 7,
  "t": "Alpha",
  "rh": 130,
  "ll": {
    "lat": -25.325195,
    "long": 51.852501
  },
  "pa": "p1,p10,p11,p12,p13,p14,p15,p16,p2,p21,p23,p24,p25,p26,p29,p3,p31,p32,p33,p34,p37,p39,p40,p41,p42,p5,p6,p8,t10,t12,t4,t5,t6",
  "pp": "p17,p18,p19,p20,p22,p27,p28,p30,p35,p4,p7,p9,t1,t11,t2,t3,t7,t8,t9",
  "pe": "p36,p38",
  "og": "ABEFIJKLMNO",
  "ao": [
    "A01-ta-L1-",
    "A15-ca,ur-H3-",
    "A16-ca,ta-H4-",
    "B03-to,re-C1-",
    "B07-to,or-C6-",
    "E08-ca,ca-H2-",
    "F01-ur,re-B1-",
    "F11-ur,ur-B2-",
    "I06-ur,ca-B3-",
    "I11-ur,ta-B4-",
    "J07-ca,ca-H2-",
    "K01-or-T1-",
    "K11-ca,or-H5-",
    "L08-ca,ca-H2-",
    "M17-ta-L1-",
    "M21-ta,or-L5-",
    "M24-ta,re-L7-",
    "N08-ca,ca-H2-",
    "O11-or,ta-T5-",
    "O17-or,ur-T4-"
  ],
  "rth": "t3:130"
}