{
  "sid": "GR564",
  "idx": 3,
  "sh": 79,
  "t": "Beta",
  "rh": 199,
  "ll": {
    "lat": 1.102381,
    "long": 23.250006
  },
  "pa": "p1,p11,p16,p17,p18,p19,p2,p20,p22,p23,p24,p25,p26,p27,p28,p29,p31,p33,p34,p35,p36,p38,p39,p42,p8,t3,t7",
  "pp": "p10,p12,p13,p14,p15,p21,p3,p30,p32,p37,p4,p40,p41,p5,p6,p7,p9,t1,t2,t4,t5,t6,t8",
  "og": "FJNPR",
  "ao": [
    "F02-ca,ta-H11-",
    "J03-or,or-T8-",
    "N16-ta,to-L13-",
    "N23-ta,re-L14-",
    "P09-to,or-C12-",
    "P19-to-C7-",
    "R16-ur,to-B12-",
    "R22-to,ur-C10-"
  ],
  "rth": "t1:199,t2:199,t4:199,t5:199,t6:199,t8:199"
}