{
  "sid": "GR443",
  "idx": 3,
  "sh": 225,
  "t": "Beta",
  "rh": 345,
  "ll": {
    "lat": 46.848812,
    "long": 133.082993
  },
  "pa": "p1,p11,p14,p16,p18,p19,p20,p21,p23,p25,p26,p30,p31,p32,p33,p34,p35,p36,p37,p38,p40,p41,p42,p5,p6,p7,t1,t2",
  "pp": "p10,p12,p13,p15,p17,p2,p22,p24,p27,p28,p29,p3,p39,p4,p8,p9,t3,t4,t5,t6,t7,t8",
  "og": "ABILPQU",
  "ao": [
    "A05-ca,to-H13-",
    "B02-or,or-T8-",
    "I10-ca-H8-",
    "L02-or,ur-T10-",
    "P04-to,ca-C9-",
    "P08-to,re-C13-",
    "Q03-or,ca-T9-",
    "U08-ur,ta-B10-",
    "U10-ur,ca-B9-",
    "U26-ur,ta-B10-"
  ],
  "rth": "t3:345,t4:345,t5:345,t6:345,t7:345,t8:345"
}