{
  "sid": "GR197",
  "idx": 1,
  "sh": 0,
  "t": "Alpha",
  "rh": 0,
  "ll": null,
  "pa": null,
  "pp": null,
  "pe": null,
  "og": "BCDEFGHIMNOP",
  "ao": [
    "B05-to,to-C2-",
    "B09-to,ur-C4-",
    "C01-to,ur-C4-",
    "C13-to,re-C1-",
    "D01-or,to-C6-",
    "D13-or,to-T6-",
    "E09-ca-H1-",
    "F07-ur,ur-B2-",
    "F15-ur,ta-B4-",
    "G01-ca,ca-H2-",
    "H05-ca-H1-",
    "I07-ur,ca-B3-",
    "I14-ur,or-B5-",
    "M07-ta,re-L7-",
    "M20-ta,ur-L4-",
    "M22-ta,ta-L6-",
    "N09-ca-H1-",
    "O19-or,ta-T5-",
    "O20-or,to-T6-",
    "P01-or,to-T6-",
    "P09-or,ur-T4-"
  ]
}