{
  "sid": "GR197",
  "idx": 1,
  "sh": 213,
  "t": "Alpha",
  "rh": 334,
  "ll": {
    "lat": 43.018757,
    "long": 124.163002
  },
  "pa": "p1,p10,p12,p14,p17,p18,p2,p20,p22,p23,p24,p25,p26,p28,p29,p3,p31,p33,p35,p36,p37,p38,p39,p4,p41,p5,p6,p7,p8,t11,t12,t2,t3,t5,t7",
  "pp": "p11,p13,p15,p16,p19,p21,p27,p30,p32,p34,p9,t1,t10,t4,t6,t8,t9",
  "pe": "p40,p42",
  "og": "BCDEFGHIMNOP",
  "ao": [
    "B05-to,to-C2-",
    "B09-to,ur-C4-",
    "C01-to,ur-C4-",
    "C13-to,re-C1-",
    "D01-to,or-C6-",
    "D13-or,to-T6-",
    "E09-ca-H1-",
    "F07-ur,ur-B2-",
    "F15-ur,ta-B4-",
    "G01-ca,ca-H2-",
    "H05-ca-H1-",
    "I07-ur,ca-B3-",
    "I14-ur,or-B5-",
    "M07-ta,re-L7-",
    "M20-ta,ur-L4-",
    "M22-ta,ta-L6-",
    "N09-ca-H1-",
    "O19-or,ta-T5-",
    "O20-or,to-T6-",
    "P01-or,to-T6-",
    "P09-or,ur-T4-"
  ],
  "rth": "t4:334"
}