{
  "sid": "GR204",
  "idx": 3,
  "sh": -1,
  "t": "Gamma",
  "rh": -1,
  "ll": null,
  "pa": null,
  "pp": null,
  "pe": null,
  "og": "BEGHIKLMNOPQRS",
  "ao": [
    "B09-ur-B13-",
    "B21-ur,re-B19-",
    "E09-ca,to-H17-",
    "G12-or,re-T20-",
    "H25-ta,or-L19-",
    "H28-ta,ur-L18-",
    "H44-ta,to-L20-",
    "H52-ta,or-L19-",
    "H55-ta,ta-L16-",
    "I06-ur-B13-",
    "I17-ur,ta-B16-",
    "K05-or,re-T20-",
    "K13-or,or-T15-",
    "L12-or,ta-T18-",
    "L14-or,re-T20-",
    "M05-to-C14-",
    "M10-to,ta-C18-",
    "N01-or-T14-",
    "N03-or,ca-T16-",
    "O06-ca,or-H21-",
    "P09-to-C14-",
    "P21-to,re-C20-",
    "Q09-ca,to-H17-",
    "R09-ca,ur-H19-",
    "R12-to,ca-C16-",
    "S06-ca,ur-H19-"
  ]
}