{
  "sid": "GR147",
  "idx": 2,
  "sh": 140,
  "t": "Gamma",
  "rh": 170,
  "ll": {
    "lat": 3.924921,
    "long": -20.103666
  },
  "pa": "p1,p15,p19,p2,p20,p23,p25,p26,p28,p29,p30,p31,p35,p37,p38,p39,p41,p9,t4,t8,t9",
  "pp": "p10,p11,p12,p13,p14,p16,p17,p18,p21,p22,p24,p27,p3,p32,p33,p34,p36,p4,p40,p42,p43,p5,p6,p7,p8,t1,t2,t3,t5,t6,t7",
  "og": "ADEFGKMPQRS",
  "ao": [
    "A02-ur-B13-",
    "A09-ur-B13-",
    "D14-ta-L15-",
    "E07-ca,to-H17-",
    "F05-or-T14-",
    "F08-or,ca-T16-",
    "G03-or,re-T20-",
    "K05-or,re-T20-",
    "K08-or,or-T15-",
    "M03-to,ur-C17-",
    "M10-to,ta-C18-",
    "P09-to-C14-",
    "Q07-ca,ta-H20-",
    "R03-to,ca-C16-",
    "R24-to,or-C19-",
    "S05-ca,ur-H19-"
  ],
  "rth": "t1:170"
}