{
  "sid": "GR356",
  "idx": 2,
  "sh": 254,
  "t": "Alpha",
  "rh": 15,
  "ll": {
    "lat": -2.4535,
    "long": -140.340057
  },
  "pa": "p1,p11,p13,p14,p17,p18,p2,p20,p22,p23,p24,p25,p27,p29,p31,p34,p35,p36,p37,p38,p39,p4,p40,p41,p42,p5,p6,p7,p8,t12,t2,t4,t6",
  "pp": "p10,p12,p15,p16,p19,p21,p26,p28,p3,p30,p32,p33,p9,t1,t10,t11,t3,t5,t7,t8,t9",
  "og": "ABDEFGHIKLP",
  "ao": [
    "A09-to,re-C1-",
    "A13-ca-H1-",
    "A16-ca,ta-H4-",
    "B03-to,re-C1-",
    "B05-to,to-C2-",
    "D04-or,ca-T3-",
    "D11-to,or-C6-",
    "E08-ca,ca-H2-",
    "F01-ur,re-B1-",
    "F22-ur,or-B5-",
    "G01-ca,ca-H2-",
    "H04-ca,ca-H2-",
    "I01-ur,re-B1-",
    "I14-ur,or-B5-",
    "K01-or-T1-",
    "K22-to,or-C6-",
    "L08-ca,ca-H2-",
    "P09-or,ur-T4-",
    "P13-or-T1-"
  ],
  "rth": "t8:15"
}