{
  "sid": "GR241",
  "idx": 1,
  "sh": 117,
  "t": "Alpha",
  "rh": 240,
  "ll": {
    "lat": 18.360733,
    "long": 51.984032
  },
  "pa": "p1,p11,p14,p16,p18,p2,p20,p22,p23,p25,p26,p27,p29,p3,p31,p33,p34,p36,p37,p39,p4,p40,p41,p5,p6,p8,t11,t12,t3,t4,t7,t8",
  "pp": "p10,p12,p13,p15,p17,p19,p21,p24,p28,p30,p32,p35,p7,p9,t1,t10,t2,t5,t6,t9",
  "pe": "p38,p42",
  "og": "ABCDFGILMO",
  "ao": [
    "A02-ta-L1-",
    "A12-to,ur-C4-",
    "A14-ca,ca-H2-",
    "B02-to,to-C2-",
    "B06-to,re-C1-",
    "C01-to,ur-C4-",
    "C04-to,ca-C3-",
    "D01-to,or-C6-",
    "D04-or,ca-T3-",
    "F14-ur,ca-B3-",
    "F19-ur,or-B5-",
    "G02-ca,ur-H3-",
    "I18-ur,to-B6-",
    "I19-ur,or-B5-",
    "L04-ca,re-H7-",
    "M11-ta,ca-L3-",
    "M18-ta,ta-L2-",
    "M19-ta,ca-L3-",
    "O04-or,ur-T4-",
    "O10-or,ur-T4-"
  ],
  "rth": "t5:240"
}