{
  "sid": "GR199",
  "idx": 2,
  "sh": 0,
  "t": "Alpha",
  "rh": 0,
  "ll": null,
  "pa": null,
  "pp": null,
  "pe": null,
  "og": "ABEFIJKLMNO",
  "ao": [
    "A01-ta-L1-",
    "A15-ca,ur-H3-",
    "A16-ca,ta-H4-",
    "B03-to,re-C1-",
    "B07-to,or-C6-",
    "E08-ca,ca-H2-",
    "F01-ur,re-B1-",
    "F11-ur,ur-B2-",
    "I06-ur,ca-B3-",
    "I11-ur,ta-B4-",
    "J07-ca,ca-H2-",
    "K01-or-T1-",
    "K11-ca,or-H5-",
    "L08-ca,ca-H2-",
    "M17-ta-L1-",
    "M21-ta,or-L5-",
    "M24-ta,re-L7-",
    "N08-ca,ca-H2-",
    "O11-or,ta-T5-",
    "O17-or,ur-T4-"
  ]
}