{
  "sid": "GR563",
  "idx": 2,
  "sh": 134,
  "t": "Beta",
  "rh": 254,
  "ll": {
    "lat": -42.470127,
    "long": -85.648514
  },
  "pa": "p1,p11,p13,p14,p15,p16,p17,p18,p2,p20,p21,p22,p23,p24,p28,p29,p3,p31,p32,p33,p34,p35,p36,p38,p40,p8,p9,t4,t6",
  "pp": "p10,p12,p19,p25,p26,p27,p30,p37,p39,p4,p41,p42,p5,p6,p7,t1,t2,t3,t5,t7,t8",
  "og": "CDEHIMOT",
  "ao": [
    "C16-ta,ta-L9-",
    "C25-ta-L8-",
    "D12-ca-H8-",
    "E04-or,ur-T10-",
    "E05-or,ta-T11-",
    "H09-or,or-T8-",
    "I12-ta-L8-",
    "M02-or-T7-",
    "O02-or,re-T13-",
    "T09-ca,re-H14-",
    "T14-ca,to-H15-"
  ],
  "rth": "t1:254,t2:254,t3:254,t7:254,t8:254"
}