{
  "sid": "GR242",
  "idx": 2,
  "sh": 215,
  "t": "Alpha",
  "rh": 338,
  "ll": {
    "lat": 26.233351,
    "long": 146.05838
  },
  "pa": "p1,p10,p11,p12,p14,p16,p18,p20,p21,p24,p27,p3,p30,p31,p32,p34,p35,p36,p37,p38,p39,p40,p41,p42,p7,p8,p9,t11,t12,t7,t8,t9",
  "pp": "p13,p15,p17,p19,p2,p23,p25,p26,p28,p29,p33,p5,p6,t1,t10,t2,t3,t4,t5,t6",
  "pe": "p22,p4",
  "og": "BDEHIJMOPQ",
  "ao": [
    "B01-to,ca-C3-",
    "B06-to,re-C1-",
    "D01-to,or-C6-",
    "D06-to,or-C6-",
    "E04-ca,re-H7-",
    "H04-ca,ca-H2-",
    "I19-ur,or-B5-",
    "I20-ur,to-B6-",
    "J03-ca,ur-H3-",
    "M04-ta,ur-L4-",
    "M11-ta,ca-L3-",
    "M22-ta,ta-L6-",
    "O04-or,ur-T4-",
    "O07-or-T1-",
    "P05-or,ta-T5-",
    "P07-or,ca-T3-",
    "Q03-ta,ca-L3-",
    "Q14-ta,ca-L3-",
    "Q27-ta,re-L7-"
  ],
  "rth": "t5:338"
}