{
  "sid": "GR441",
  "idx": 1,
  "sh": 303,
  "t": "Alpha",
  "rh": 65,
  "ll": {
    "lat": 27.164045,
    "long": 135.94957
  },
  "pa": "p1,p14,p15,p17,p18,p2,p22,p23,p24,p26,p29,p31,p32,p33,p34,p36,p37,p38,p39,p4,p40,p41,p5,p6,p7,p8,p9,t12,t5,t7,t9",
  "pp": "p10,p11,p12,p13,p16,p19,p20,p21,p25,p27,p28,p3,p30,p35,p42,t1,t10,t11,t2,t3,t4,t6,t8",
  "og": "ABDFHIMNO",
  "ao": [
    "A07-ur,ca-B3-",
    "A17-or-T1-",
    "A20-or,ur-T4-",
    "B09-to,ur-C4-",
    "B19-to,ca-C3-",
    "D06-to,or-C6-",
    "D13-or,to-T6-",
    "F07-ur,ur-B2-",
    "F08-ur,ur-B2-",
    "H03-ca,ur-H3-",
    "I07-ur,ca-B3-",
    "I20-ur,to-B6-",
    "M05-ta,or-L5-",
    "M14-ta,ta-L6-",
    "M22-ta,ta-L6-",
    "N05-ca,to-H6-",
    "O07-or-T1-",
    "O20-or,to-T6-"
  ],
  "rth": "t1:65,t2:65,t3:65,t4:65,t6:65,t8:65,t10:65,t11:65"
}