{
  "sid": "GR442",
  "idx": 2,
  "sh": -1,
  "t": "Alpha",
  "rh": -1,
  "ll": null,
  "pa": null,
  "pp": null,
  "pe": null,
  "og": "ABCDEHIKMNPQ",
  "ao": [
    "A03-ta,ta-L6-",
    "A05-ur,re-B1-",
    "A19-or,ca-T3-",
    "B15-to,ur-C4-",
    "B16-to,ca-C3-",
    "C12-to,or-C6-",
    "C13-to,re-C1-",
    "D12-to,ta-C5-",
    "D13-or,to-T6-",
    "E09-ca-H1-",
    "H05-ca-H1-",
    "I04-ur,re-B1-",
    "I12-ur,to-B6-",
    "K04-or-T1-",
    "K16-ca,ta-H4-",
    "M01-ta-L1-",
    "M06-ta,ta-L6-",
    "M09-ta-L1-",
    "N09-ca-H1-",
    "P08-or,ur-T4-",
    "P10-or,or-T2-",
    "Q07-ta,ta-L6-",
    "Q13-ta,ta-L2-",
    "Q18-ta,re-L7-"
  ]
}