{
  "sid": "GR169",
  "idx": 1,
  "sh": 5,
  "t": "Gamma",
  "rh": 1,
  "ll": {
    "lat": -41.569309,
    "long": -134.046951
  },
  "pa": "p1,p12,p13,p14,p17,p25,p26,p27,p28,p3,p30,p31,p33,p34,p36,p38,p41,p42,p43,p8,p9,t1,t2,t5,t7,t9",
  "pp": "p10,p11,p15,p16,p18,p19,p2,p20,p21,p22,p23,p24,p29,p32,p35,p37,p39,p4,p40,p5,p6,p7,t3,t4,t6,t8",
  "og": "ABCGIJLMOQRS",
  "ao": [
    "A03-ur,re-B19-",
    "A07-ur,ca-B15-",
    "B03-ur,re-B19-",
    "B07-ur,ca-B15-",
    "C05-to-C14-",
    "C13-to,re-C20-",
    "G14-or,ta-T18-",
    "I14-ur,re-B19-",
    "I18-ur,ca-B15-",
    "J08-ca,to-H17-",
    "L05-or,re-T20-",
    "L12-or,ta-T18-",
    "M05-to-C14-",
    "M07-to,or-C19-",
    "O01-ca,ur-H19-",
    "Q06-ca,ca-H18-",
    "R05-to,ta-C18-",
    "R18-ca,to-H17-",
    "S02-ca,ca-H18-"
  ],
  "rth": "t4:1"
}