{
  "sid": "GR202",
  "idx": 2,
  "sh": 24,
  "t": "Alpha",
  "rh": 146,
  "ll": {
    "lat": 40.178669,
    "long": -50.611942
  },
  "pa": "p1,p10,p11,p12,p13,p14,p15,p2,p20,p21,p22,p24,p25,p26,p27,p29,p3,p30,p31,p32,p33,p34,p36,p37,p38,p4,p40,p41,p42,p5,p8,t10,t12,t2,t3",
  "pp": "p16,p17,p18,p19,p23,p28,p35,p39,p6,p7,p9,t1,t11,t4,t5,t6,t7,t8,t9",
  "og": "ABGHIJLMNOQ",
  "ao": [
    "A01-ta-L1-",
    "A16-ca,ta-H4-",
    "A17-or-T1-",
    "B12-to,ur-C4-",
    "B14-to,ta-C5-",
    "G01-ca,ca-H2-",
    "H05-ca-H1-",
    "I03-ur,re-B1-",
    "I10-ur,ta-B4-",
    "J07-ca,ca-H2-",
    "L07-ca,to-H6-",
    "M14-ta,ta-L6-",
    "M17-ta-L1-",
    "M24-ta,re-L7-",
    "N07-ca,to-H6-",
    "O05-or,ta-T5-",
    "O12-or,to-T6-",
    "Q04-ta,ca-L3-",
    "Q10-ta,or-L5-",
    "Q21-ta,ta-L2-"
  ],
  "rth": "t6:146"
}