{
  "sid": "GR147",
  "idx": 2,
  "sh": -1,
  "t": "Gamma",
  "rh": -1,
  "ll": {
    "lat": 3.924921,
    "long": -20.103666
  },
  "og": "ADEFGKMPQRS",
  "ao": [
    "A02-ur-B13-",
    "A09-ur-B13-",
    "D14-ta-L15-",
    "E07-ca,to-H17-",
    "F05-or-T14-",
    "F08-or,ca-T16-",
    "G03-or,re-T20-",
    "K05-or,re-T20-",
    "K08-or,or-T15-",
    "M03-to,ur-C17-",
    "M10-to,ta-C18-",
    "P09-to-C14-",
    "Q07-ca,ta-H20-",
    "R03-to,ca-C16-",
    "R24-to,or-C19-",
    "S05-ca,ur-H19-"
  ]
}