{
  "sid": "GR146",
  "idx": 1,
  "sh": 234,
  "t": "Gamma",
  "rh": 260,
  "ll": {
    "lat": 1.216057,
    "long": 50.751694
  },
  "pa": "p1,p10,p14,p15,p17,p18,p2,p23,p25,p27,p28,p29,p3,p34,p36,p39,p41,p42,p5,t5,t7,t8,t9",
  "pp": "p11,p12,p13,p16,p19,p20,p21,p22,p24,p26,p30,p31,p32,p33,p35,p37,p38,p4,p40,p43,p6,p7,p8,t1,t2,t3,t4,t6",
  "pe": "p9",
  "og": "DFGIJLOPQRS",
  "ao": [
    "D12-ta,to-L20-",
    "F02-or,ur-T17-",
    "F09-or,or-T15-",
    "G04-or,to-T19-",
    "I09-ur,ta-B16-",
    "I14-ur,re-B19-",
    "J09-ca,ur-H19-",
    "L05-or,re-T20-",
    "L09-or,to-T19-",
    "O03-ca,to-H17-",
    "P15-to,ur-C17-",
    "P16-to,ca-C16-",
    "Q04-ca,ur-H19-",
    "R05-to,ta-C18-",
    "R25-to,re-C20-",
    "S07-ca,ta-H20-"
  ],
  "rth": "t1:260"
}