{
  "sid": "GR444",
  "idx": 1,
  "sh": -1,
  "t": "Alpha",
  "rh": -1,
  "og": "ACDEFGHILMNP",
  "ao": [
    "A11-to,ca-C3-",
    "A12-to,ur-C4-",
    "A19-or,ca-T3-",
    "C01-to,ur-C4-",
    "C13-to,re-C1-",
    "D01-to,or-C6-",
    "D13-or,to-T6-",
    "E09-ca-H1-",
    "F04-ur,re-B1-",
    "F14-ur,ca-B3-",
    "G01-ca,ca-H2-",
    "H05-ca-H1-",
    "I04-ur,re-B1-",
    "I18-ur,to-B6-",
    "L09-ca-H1-",
    "M06-ta,ta-L6-",
    "M11-ta,ca-L3-",
    "M20-ta,ur-L4-",
    "N09-ca-H1-",
    "P01-or,to-T6-",
    "P05-or,ta-T5-"
  ]
}