{
  "sid": "GR146",
  "idx": 1,
  "sh": -1,
  "t": "Gamma",
  "rh": -1,
  "ll": null,
  "pa": null,
  "pp": null,
  "pe": null,
  "og": "DFGIJLOPQRS",
  "ao": [
    "D12-ta,to-L20-",
    "F02-or,ur-T17-",
    "F09-or,or-T15-",
    "G04-or,to-T19-",
    "I09-ur,ta-B16-",
    "I14-ur,re-B19-",
    "J09-ca,ur-H19-",
    "L05-or,re-T20-",
    "L09-or,to-T19-",
    "O03-ca,to-H17-",
    "P15-to,ur-C17-",
    "P16-to,ca-C16-",
    "Q04-ca,ur-H19-",
    "R05-to,ta-C18-",
    "R25-to,re-C20-",
    "S07-ca,ta-H20-"
  ]
}