{
  "sid": "GR167",
  "idx": 3,
  "sh": 263,
  "t": "Beta",
  "rh": 30,
  "ll": {
    "lat": 16.408375,
    "long": -142.726776
  },
  "pa": "p1,p10,p11,p12,p14,p15,p16,p18,p2,p21,p24,p25,p28,p31,p33,p34,p35,p36,p37,p38,p42,p6,p7,p8,p9,t1,t3,t5,t6,t7",
  "pp": "p13,p17,p19,p20,p22,p23,p26,p27,p29,p3,p30,p32,p39,p4,p40,p41,p5,t2,t4,t8",
  "og": "HIJLNQTU",
  "ao": [
    "H05-or,ta-T11-",
    "I04-ca,re-H10-",
    "J05-or,ca-T9-",
    "L05-or,re-T12-",
    "N06-ta,re-L14-",
    "N15-ta,re-L14-",
    "Q05-or,ur-T10-",
    "T08-ca,to-H15-",
    "T18-ca,ta-H11-",
    "U04-ur,or-B11-",
    "U46-ur,ca-B9-",
    "U47-ur,ur-B8-"
  ],
  "rth": "t2:30,t4:30"
}