{
  "sid": "GR562",
  "idx": 1,
  "sh": 226,
  "t": "Beta",
  "rh": 346,
  "ll": {
    "lat": -33.340435,
    "long": -67.737968
  },
  "pa": "p1,p11,p12,p14,p15,p16,p18,p2,p20,p22,p24,p25,p27,p29,p30,p32,p33,p34,p35,p36,p37,p38,p4,p40,p41,p42,p6,p8,p9,t3,t4,t5,t6",
  "pp": "p10,p13,p17,p19,p21,p23,p26,p28,p3,p31,p39,p5,p7,t1,t2,t7,t8",
  "og": "CJKNS",
  "ao": [
    "C09-ta,or-L12-",
    "C12-ta-L8-",
    "J10-or,re-T13-",
    "K26-to-C7-",
    "N05-ta,re-L14-",
    "N09-ta,ca-L10-",
    "S01-or,re-T13-"
  ],
  "rth": "t1:346,t2:346,t7:346,t8:346"
}