{
  "sid": "GR168",
  "idx": 2,
  "sh": 186,
  "t": "Beta",
  "rh": 314,
  "ll": {
    "lat": -37.905399,
    "long": -85.375504
  },
  "pa": "p10,p11,p12,p14,p15,p16,p18,p19,p21,p24,p27,p28,p31,p32,p33,p34,p36,p37,p39,p4,p40,p42,p5,p6,t1,t5,t6,t8",
  "pp": "p1,p13,p17,p2,p20,p22,p23,p25,p26,p29,p3,p30,p35,p38,p41,p7,p8,p9,t2,t3,t4,t7",
  "og": "ABLQTU",
  "ao": [
    "A09-ca,re-H10-",
    "B01-or-T7-",
    "L03-or,ta-T11-",
    "Q06-or,ta-T11-",
    "T04-ca,to-H13-",
    "T13-ca,re-H16-",
    "U22-ur,to-B12-",
    "U53-or,re-T12-",
    "U54-or,ca-T9-"
  ],
  "rth": "t3:314,t7:317"
}