{
  "sid": "GR444",
  "idx": 1,
  "sh": 24,
  "t": "Alpha",
  "rh": 146,
  "ll": {
    "lat": 34.57275,
    "long": -73.864349
  },
  "pa": "p1,p10,p11,p13,p14,p16,p17,p18,p2,p22,p24,p25,p26,p29,p30,p31,p32,p34,p35,p37,p38,p39,p4,p40,p42,p5,p6,p8,t11,t12,t5,t6,t8",
  "pp": "p12,p15,p19,p20,p21,p23,p27,p28,p3,p33,p36,p7,p9,t1,t10,t2,t3,t4,t7,t9",
  "pe": "p41",
  "og": "ACDEFGHILMNP",
  "ao": [
    "A11-to,ca-C3-",
    "A12-to,ur-C4-",
    "A19-or,ca-T3-",
    "C01-to,ur-C4-",
    "C13-to,re-C1-",
    "D01-to,or-C6-",
    "D13-or,to-T6-",
    "E09-ca-H1-",
    "F04-ur,re-B1-",
    "F14-ur,ca-B3-",
    "G01-ca,ca-H2-",
    "H05-ca-H1-",
    "I04-ur,re-B1-",
    "I18-ur,to-B6-",
    "L09-ca-H1-",
    "M06-ta,ta-L6-",
    "M11-ta,ca-L3-",
    "M20-ta,ur-L4-",
    "N09-ca-H1-",
    "P01-or,to-T6-",
    "P05-or,ta-T5-"
  ],
  "rth": "t1:146,t2:146,t3:146,t7:146,t9:146,t10:146"
}