{
  "sid": "GR241",
  "idx": 1,
  "sh": -1,
  "t": "Alpha",
  "rh": -1,
  "ll": null,
  "pa": null,
  "pp": null,
  "pe": null,
  "og": "ABCDFGILMO",
  "ao": [
    "A02-ta-L1-",
    "A12-to,ur-C4-",
    "A14-ca,ca-H2-",
    "B02-to,to-C2-",
    "B06-to,re-C1-",
    "C01-to,ur-C4-",
    "C04-to,ca-C3-",
    "D01-to,or-C6-",
    "D04-or,ca-T3-",
    "F14-ur,ca-B3-",
    "F19-ur,or-B5-",
    "G02-ca,ur-H3-",
    "I18-ur,to-B6-",
    "I19-ur,or-B5-",
    "L04-ca,re-H7-",
    "M11-ta,ca-L3-",
    "M18-ta,ta-L2-",
    "M19-ta,ca-L3-",
    "O04-or,ur-T4-",
    "O10-or,ur-T4-"
  ]
}