{
  "sid": "GR355",
  "idx": 1,
  "sh": 275,
  "t": "Beta",
  "rh": 42,
  "ll": {
    "lat": 39.75042,
    "long": -174.838867
  },
  "pa": "p1,p10,p12,p16,p17,p18,p20,p21,p22,p23,p25,p26,p27,p28,p29,p3,p30,p31,p32,p33,p34,p36,p37,p38,p39,p4,p42,p9,t5,t7",
  "pp": "p11,p13,p14,p15,p19,p2,p24,p35,p40,p41,p5,p6,p7,p8,t1,t2,t3,t4,t6,t8",
  "og": "GKMRU",
  "ao": [
    "G05-ca,ca-H9-",
    "G09-ca,to-H15-",
    "K05-to,ur-C10-",
    "K16-to,to-C8-",
    "M02-or-T7-",
    "R05-ur,to-B6-",
    "R23-ca,or-H12-",
    "U07-ur,ta-B10-",
    "U27-ur,ca-B9-",
    "U35-or-T7-"
  ],
  "rth": "t6:42"
}