{
  "sid": "GR298",
  "idx": 3,
  "sh": 0,
  "t": "Alpha",
  "rh": 0,
  "ll": null,
  "pa": null,
  "pp": null,
  "pe": null,
  "og": "ADGJLMNOP",
  "ao": [
    "A05-ur,re-B1-",
    "A11-to,ca-C3-",
    "A20-or,ur-T4-",
    "D01-or,to-C6-",
    "D12-to,ta-C5-",
    "G03-ca,or-H5-",
    "J01-ca-H1-",
    "L06-ca,re-H7-",
    "M01-ta-L1-",
    "M20-ta,ur-L4-",
    "M22-ta,ta-L6-",
    "N06-ca,re-H7-",
    "O08-or,or-T2-",
    "O19-or,ta-T5-",
    "P05-or,ca-T5-",
    "P08-or,ur-T4-"
  ]
}