{
  "sid": "GR204",
  "idx": 3,
  "sh": 200,
  "t": "Gamma",
  "rh": 230,
  "ll": {
    "lat": -14.495347,
    "long": -26.423859
  },
  "pa": "p1,p10,p13,p18,p19,p2,p20,p25,p28,p29,p3,p31,p34,p35,p36,p37,p38,p39,p43,p9,t1,t3,t8,t9",
  "pp": "p11,p12,p14,p15,p16,p17,p21,p22,p23,p24,p26,p27,p30,p32,p33,p4,p40,p41,p42,p5,p6,p7,p8,t2,t4,t5,t6,t7",
  "og": "BEGHIKLMNOPQRS",
  "ao": [
    "B09-ur-B13-",
    "B21-ur,re-B19-",
    "E09-ca,to-H17-",
    "G12-or,re-T20-",
    "H25-ta,or-L19-",
    "H28-ta,ur-L18-",
    "H44-ta,to-L20-",
    "H52-ta,or-L19-",
    "H55-ta,ta-L16-",
    "I06-ur-B13-",
    "I17-ur,ta-B16-",
    "K05-or,re-T20-",
    "K13-or,or-T15-",
    "L12-or,ta-T18-",
    "L14-or,re-T20-",
    "M05-to-C14-",
    "M10-to,ta-C18-",
    "N01-or-T14-",
    "N03-or,ca-T16-",
    "O06-ca,or-H21-",
    "P09-to-C14-",
    "P21-to,re-C20-",
    "Q09-ca,to-H17-",
    "R09-ca,ur-H19-",
    "R12-to,ca-C16-",
    "S06-ca,ur-H19-"
  ],
  "rth": "t7:230"
}