{
  "sid": "GR446",
  "idx": 3,
  "sh": 284,
  "t": "Beta",
  "rh": 44,
  "ll": {
    "lat": -17.062141,
    "long": -128.085846
  },
  "pa": "p11,p12,p13,p14,p15,p16,p17,p18,p19,p2,p20,p24,p25,p27,p28,p29,p3,p32,p33,p35,p36,p37,p38,p4,p40,p41,p42,p5,p6,p7,t6,t7",
  "pp": "p1,p10,p21,p22,p23,p26,p30,p31,p34,p39,p8,p9,t1,t2,t3,t4,t5,t8",
  "og": "AFILMNP",
  "ao": [
    "A03-ca,re-H14-",
    "F07-ca,to-H15-",
    "I09-ta,ta-L9-",
    "L01-or,ca-T9-",
    "M01-or-T7-",
    "N01-ta,to-L13-",
    "N09-ta,ca-L10-",
    "P18-to,ta-C11-",
    "P26-to,re-C13-"
  ],
  "rth": "t1:44,t2:44,t3:44,t4:44,t5:44,t8:44"
}