{
  "sid": "GR242",
  "idx": 2,
  "sh": -1,
  "t": "Alpha",
  "rh": -1,
  "og": "BDEHIJMOPQ",
  "ao": [
    "B01-to,ca-C3-",
    "B06-to,re-C1-",
    "D01-to,or-C6-",
    "D06-to,or-C6-",
    "E04-ca,re-H7-",
    "H04-ca,ca-H2-",
    "I19-ur,or-B5-",
    "I20-ur,to-B6-",
    "J03-ca,ur-H3-",
    "M04-ta,ur-L4-",
    "M11-ta,ca-L3-",
    "M22-ta,ta-L6-",
    "O04-or,ur-T4-",
    "O07-or-T1-",
    "P05-or,ta-T5-",
    "P07-or,ca-T3-",
    "Q03-ta,ca-L3-",
    "Q14-ta,ca-L3-",
    "Q27-ta,re-L7-"
  ]
}