{
  "sid": "GR298",
  "idx": 3,
  "sh": 252,
  "t": "Alpha",
  "rh": 13,
  "ll": {
    "lat": 0.889121,
    "long": -97.441566
  },
  "pa": "p1,p10,p11,p14,p16,p17,p18,p21,p22,p27,p28,p29,p3,p30,p31,p33,p34,p36,p37,p38,p39,p4,p41,p5,p6,p8,t12,t3,t6,t7",
  "pp": "p12,p13,p15,p19,p2,p20,p23,p24,p25,p26,p32,p35,p42,p7,p9,t1,t10,t11,t2,t4,t5,t8,t9",
  "pe": "p40",
  "og": "ADGJLMNOP",
  "ao": [
    "A05-ur,re-B1-",
    "A11-to,ca-C3-",
    "A20-or,ur-T4-",
    "D01-to,or-C6-",
    "D12-to,ta-C5-",
    "G03-ca,or-H5-",
    "J01-ca-H1-",
    "L06-ca,re-H7-",
    "M01-ta-L1-",
    "M20-ta,ur-L4-",
    "M22-ta,ta-L6-",
    "N06-ca,re-H7-",
    "O08-or,or-T2-",
    "O19-or,ta-T5-",
    "P05-or,ta-T5-",
    "P08-or,ur-T4-"
  ],
  "rth": "t8:13"
}