{
  "sid": "GR169",
  "idx": 1,
  "sh": -1,
  "t": "Gamma",
  "rh": -1,
  "og": "ABCGIJLMOQRS",
  "ao": [
    "A03-ur,re-B19-",
    "A07-ur,ca-B15-",
    "B03-ur,re-B19-",
    "B07-ur,ca-B15-",
    "C05-to-C14-",
    "C13-to,re-C20-",
    "G14-or,ta-T18-",
    "I14-ur,re-B19-",
    "I18-ur,ca-B15-",
    "J08-ca,to-H17-",
    "L05-or,re-T20-",
    "L12-or,ta-T18-",
    "M05-to-C14-",
    "M07-to,or-C19-",
    "O01-ca,ur-H19-",
    "Q06-ca,ca-H18-",
    "R05-to,ta-C18-",
    "R18-ca,to-H17-",
    "S02-ca,ca-H18-"
  ]
}