{
  "sid": "GR198",
  "idx": 3,
  "sh": 197,
  "t": "Beta",
  "rh": 320,
  "ll": {
    "lat": -62.23624,
    "long": -83.952904
  },
  "pa": "p1,p10,p11,p13,p14,p15,p16,p18,p20,p22,p23,p25,p27,p28,p30,p31,p32,p33,p34,p36,p37,p38,p39,p40,p41,p42,p6,p9,t3,t5,t7",
  "pp": "p12,p17,p19,p2,p21,p24,p26,p29,p3,p35,p4,p5,p7,p8,t1,t2,t4,t6,t8",
  "og": "CIJKN",
  "ao": [
    "C16-ta,ta-L9-",
    "C22-ta,ur-L11-",
    "I12-ta-L8-",
    "J09-or,re-T12-",
    "K05-to,ur-C10-",
    "K07-to,to-C8-",
    "N10-ta,re-L14-",
    "N12-ta,or-L12-"
  ],
  "rth": "t6:320"
}