{
  "sid": "GR145",
  "idx": 3,
  "sh": 88,
  "t": "Beta",
  "rh": 212,
  "ll": {
    "lat": 41.437531,
    "long": 83.861938
  },
  "pa": "p1,p10,p11,p14,p16,p18,p19,p22,p24,p25,p26,p27,p28,p31,p33,p34,p36,p38,p39,p4,p40,p42,p5,p6,p8,p9,t2,t4,t5,t6",
  "pp": "p12,p13,p15,p17,p2,p20,p21,p23,p29,p3,p30,p32,p35,p37,p41,p7,t1,t3,t7,t8",
  "og": "ABIJMNOQ",
  "ao": [
    "A05-ca,to-H13-",
    "B02-or,or-T8-",
    "I10-ca-H8-",
    "J09-or,re-T12-",
    "M02-or-T7-",
    "N16-ta,to-L13-",
    "N21-ta,or-L12-",
    "O02-or,re-T13-",
    "Q03-or,ca-T9-"
  ],
  "rth": "t7:212"
}