{
  "sid": "GR240",
  "idx": 3,
  "sh": 4,
  "t": "Beta",
  "rh": 126,
  "ll": {
    "lat": -41.157181,
    "long": 45.367687
  },
  "pa": "p1,p10,p11,p13,p14,p16,p18,p19,p2,p21,p23,p24,p25,p26,p27,p29,p3,p31,p33,p34,p35,p36,p38,p4,p5,p6,p8,t1,t3,t5,t6",
  "pp": "p12,p15,p17,p20,p22,p28,p30,p32,p37,p39,p40,p41,p42,p7,p9,t2,t4,t7,t8",
  "og": "CGLOPU",
  "ao": [
    "C10-ta,ca-L10-",
    "C11-ta,ta-L9-",
    "G08-ca,re-H16-",
    "G15-ca,re-H16-",
    "L06-or,re-T13-",
    "O02-or,re-T13-",
    "P13-to,ca-C9-",
    "P23-to,ur-C10-",
    "U12-ur,ur-B8-",
    "U46-ur,ca-B9-",
    "U47-ur,ur-B8-"
  ],
  "rth": "t7:126"
}