{
  "sid": "GR445",
  "idx": 2,
  "sh": 74,
  "t": "Beta",
  "rh": 194,
  "ll": {
    "lat": -55.174706,
    "long": 46.426826
  },
  "pa": "p1,p12,p13,p14,p16,p17,p18,p2,p21,p22,p24,p25,p26,p27,p28,p29,p31,p33,p35,p36,p38,p41,p42,p5,p8,t4,t5",
  "pp": "p10,p11,p15,p19,p20,p23,p3,p30,p32,p34,p37,p39,p4,p40,p6,p7,p9,t1,t2,t3,t6,t7,t8",
  "og": "DEFIKLNS",
  "ao": [
    "D02-ca,re-H10-",
    "E13-to,ur-C10-",
    "E19-ta-L8-",
    "F02-ca,ta-H11-",
    "I02-to,ur-C10-",
    "K21-to,or-C12-",
    "K22-to,ta-C11-",
    "L06-or,re-T13-",
    "N19-ta,re-L14-",
    "N23-ta,re-L14-",
    "S03-or,re-T13-"
  ],
  "rth": "t1:194,t2:194,t3:194,t6:194,t7:194,t8:194"
}