{
  "sid": "GR202",
  "idx": 2,
  "sh": -1,
  "t": "Alpha",
  "rh": -1,
  "og": "ABGHIJLMNOQ",
  "ao": [
    "A01-ta-L1-",
    "A16-ca,ta-H4-",
    "A17-or-T1-",
    "B12-to,ur-C4-",
    "B14-to,ta-C5-",
    "G01-ca,ca-H2-",
    "H05-ca-H1-",
    "I03-ur,re-B1-",
    "I10-ur,ta-B4-",
    "J07-ca,ca-H2-",
    "L07-ca,to-H6-",
    "M14-ta,ta-L6-",
    "M17-ta-L1-",
    "M24-ta,re-L7-",
    "N07-ca,to-H6-",
    "O05-or,ta-T5-",
    "O12-or,to-T6-",
    "Q04-ta,ca-L3-",
    "Q10-ta,or-L5-",
    "Q21-ta,ta-L2-"
  ]
}