{
  "sid": "GR442",
  "idx": 2,
  "sh": 296,
  "t": "Alpha",
  "rh": 58,
  "ll": {
    "lat": -12.56361,
    "long": 145.257477
  },
  "pa": "p1,p12,p13,p14,p15,p16,p2,p21,p22,p23,p29,p3,p30,p31,p32,p33,p34,p35,p36,p39,p4,p40,p41,p42,p5,p6,p8,t11,t12,t4,t6,t7,t8",
  "pp": "p10,p11,p17,p18,p19,p20,p24,p25,p26,p27,p28,p37,p38,p7,p9,t1,t10,t2,t3,t5,t9",
  "og": "ABCDEHIKMNPQ",
  "ao": [
    "A03-ta,ta-L6-",
    "A05-ur,re-B1-",
    "A19-or,ca-T3-",
    "B15-to,ur-C4-",
    "B16-to,ca-C3-",
    "C12-to,or-C6-",
    "C13-to,re-C1-",
    "D12-to,ta-C5-",
    "D13-or,to-T6-",
    "E09-ca-H1-",
    "H05-ca-H1-",
    "I04-ur,re-B1-",
    "I12-ur,to-B6-",
    "K04-or-T1-",
    "K16-ca,ta-H4-",
    "M01-ta-L1-",
    "M06-ta,ta-L6-",
    "M09-ta-L1-",
    "N09-ca-H1-",
    "P08-or,ur-T4-",
    "P10-or,or-T2-",
    "Q07-ta,ta-L6-",
    "Q13-ta,ta-L2-",
    "Q18-ta,re-L7-"
  ],
  "rth": "t1:58,t2:58,t3:58,t5:58,t9:58,t10:58"
}