{
  "sid": "GR268",
  "idx": 2,
  "sh": 0,
  "t": "Alpha",
  "rh": 0,
  "ll": null,
  "pa": null,
  "pp": null,
  "pe": null,
  "og": "ADIJMNOP",
  "ao": [
    "A03-ta,ta-L6-",
    "A08-ur,ta-B4-",
    "A10-to,to-C2-",
    "D07-to,ta-C5-",
    "D11-or,to-C6-",
    "I08-ur,ur-B2-",
    "I09-ur,or-B5-",
    "J02-ca,re-H7-",
    "M04-ta,ur-L4-",
    "M09-ta-L1-",
    "M12-ta,ur-L4-",
    "N01-ca,ur-H3-",
    "O01-or-T1-",
    "O03-or,ca-T3-",
    "P02-or,to-T6-",
    "P04-or,ta-T5-"
  ]
}