{
  "sid": "GR294",
  "idx": 2,
  "sh": -1,
  "t": "Alpha",
  "rh": -1,
  "ll": null,
  "pa": null,
  "pp": null,
  "pe": null,
  "og": "ABCDEGHIJNOP",
  "ao": [
    "A06-ur,ur-B2-",
    "A07-ur,ca-B3-",
    "A19-or,ca-T3-",
    "B15-to,ur-C4-",
    "B16-to,ca-C3-",
    "C12-to,or-C6-",
    "C13-to,re-C1-",
    "D12-to,ta-C5-",
    "D13-or,to-T6-",
    "E09-ca-H1-",
    "G01-ca,ca-H2-",
    "H05-ca-H1-",
    "I04-ur,re-B1-",
    "I12-ur,to-B6-",
    "J06-ca,or-H5-",
    "N09-ca-H1-",
    "O06-or,to-T6-",
    "O08-or,or-T2-",
    "P08-or,ur-T4-",
    "P10-or,or-T2-"
  ]
}