{
  "sid": "GR062",
  "idx": 2,
  "sh": -1,
  "t": "Gamma",
  "rh": -1,
  "ll": null,
  "pa": null,
  "pp": null,
  "pe": null,
  "og": "ABCDGIJKLMNPQS",
  "ao": [
    "A14-ur,or-B17-",
    "A25-ur,ca-B15-",
    "B14-ur,or-B17-",
    "B25-ur,ca-B15-",
    "C07-to,ta-C18-",
    "C14-to,ca-C16-",
    "D11-ta,or-H21-",
    "G05-or,ta-T18-",
    "I02-ur,ta-B16-",
    "I10-ur,or-B17-",
    "J04-ca,ca-H18-",
    "K10-or,re-T20-",
    "K12-or,ca-T16-",
    "L07-or,ur-T17-",
    "L13-or,to-T19-",
    "M02-to,re-C20-",
    "M14-to-C14-",
    "N02-or,or-T15-",
    "N08-or,ur-T17-",
    "P14-to,ta-C18-",
    "P25-to,ca-C16-",
    "Q03-ca,re-H21-",
    "S08-ca,ta-H20-"
  ]
}