{
  "sid": "GR285",
  "idx": 2,
  "sh": 0,
  "t": "Gamma",
  "rh": 0,
  "ll": null,
  "pa": null,
  "pp": null,
  "pe": null,
  "og": "BCDEGILMNOP",
  "ao": [
    "B14-ur,or-B17-",
    "B22-ur,to-B18-",
    "C08-to,or-C19-",
    "C14-to,ca-C16-",
    "D08-ta,ta-L16-",
    "E08-ca,ca-H18-",
    "G07-or,re-T20-",
    "I11-ur,to-B18-",
    "I15-ur,to-B18-",
    "L08-or,ta-T18-",
    "L13-or,to-T19-",
    "M08-to,ca-C16-",
    "M13-to,to-C15-",
    "N02-or,or-T15-",
    "N07-or,ca-T16-",
    "O07-ca,ca-H18-",
    "P14-to,ta-C18-",
    "P22-to,or-C19-"
  ]
}