{
  "sid": "GR115",
  "idx": 2,
  "sh": -1,
  "t": "Beta",
  "rh": -1,
  "ll": null,
  "pa": null,
  "pp": null,
  "pe": null,
  "og": "BGHMNPRS",
  "ao": [
    "B04-or,ca-T9-",
    "B06-or,ta-T11-",
    "G03-ca,to-H15-",
    "G08-ca,re-H16-",
    "G09-ca,to-H15-",
    "H05-or,ta-T11-",
    "H09-or,or-T8-",
    "M02-or-T7-",
    "M03-or,or-T8-",
    "N10-ta,re-L14-",
    "N11-ta,to-L13-",
    "N15-ta,re-L14-",
    "P04-to,ca-C9-",
    "P05-to,ur-C10-",
    "P14-to,ur-C10-",
    "R05-ur,to-B6-",
    "R06-to,ur-C10-",
    "R14-ur,ta-B10-",
    "S02-or,re-T12-",
    "S03-or,re-T13-"
  ]
}