{
  "sid": "GR265",
  "idx": 1,
  "sh": 200,
  "t": "Beta",
  "rh": 319,
  "ll": {
    "lat": 19.499439,
    "long": -126.738434
  },
  "pa": "p1,p10,p11,p12,p15,p16,p18,p19,p2,p20,p21,p22,p25,p26,p27,p28,p29,p3,p31,p32,p33,p34,p36,p38,p39,p4,p40,p42,p5,p6,t3,t4,t6",
  "pp": "p13,p14,p17,p23,p24,p30,p35,p37,p41,p7,p8,p9,t1,t2,t5,t7,t8",
  "og": "DFHLNOS",
  "ao": [
    "D09-ca,ca-H9-",
    "F07-ca,to-H15-",
    "H10-or-T7-",
    "L01-or,ca-T9-",
    "N09-ta,ca-L10-",
    "N22-ta,ta-L9-",
    "O01-or,re-T13-",
    "S01-or,re-T13-"
  ]
}