{
  "sid": "GR121",
  "idx": 3,
  "sh": 34,
  "t": "Gamma",
  "rh": 65,
  "ll": {
    "lat": 15.072274,
    "long": 136.554138
  },
  "pp": "t1",
  "og": "ABCDEFLOQRS",
  "ao": [
    "A16-ur,ca-B15-",
    "A23-ur,or-B17-",
    "B16-ur,ca-B15-",
    "B23-ur,or-B17-",
    "C05-to-C14-",
    "C09-to,ur-C17-",
    "D07-ta,or-L19-",
    "E06-ca,ca-H18-",
    "F02-or,ur-T17-",
    "F14-or,or-T15-",
    "L05-or,re-T20-",
    "L09-or,to-T19-",
    "O01-ca,ur-H19-",
    "Q06-ca,ca-H18-",
    "R05-to,ta-C18-",
    "R21-to,ca-C16-",
    "S02-ca,ca-H18-"
  ]
}