{
  "sid": "GR134",
  "idx": 1,
  "sh": 320,
  "t": "Beta",
  "rh": 79,
  "ll": {
    "lat": -28.011414,
    "long": 148.298447
  },
  "pa": "p10,p11,p13,p14,p16,p18,p19,p2,p25,p27,p28,p29,p30,p31,p33,p34,p35,p36,p37,p38,p4,p40,p41,p42,t3,t4,t8",
  "pp": "p1,p12,p15,p17,p20,p21,p23,p24,p26,p3,p32,p39,p5,p6,p7,p8,p9,t1,t2,t5,t6,t7",
  "pe": "p22",
  "og": "EIMNOST",
  "ao": [
    "E13-to,ur-C10-",
    "E17-ur,ta-B10-",
    "I02-ca,ur-C10-",
    "M03-or,or-T8-",
    "N01-ta,to-L13-",
    "N23-ta,re-L14-",
    "O03-or,re-T13-",
    "S03-or,re-T13-",
    "T04-ca,to-H13-",
    "T12-ca,ta-H11-"
  ]
}