{
  "sid": "GR346",
  "idx": 1,
  "sh": -1,
  "t": "Gamma",
  "rh": -1,
  "ll": {
    "lat": 16.496561,
    "long": 24.000299
  },
  "og": "ABCFGIJLNOQR",
  "ao": [
    "A09-ur-B13-",
    "A25-ur,ca-B15-",
    "B09-ur-B13-",
    "B25-ur,ca-B15-",
    "C07-to,ta-C18-",
    "C10-to,to-C15-",
    "F05-or-T14-",
    "F12-or,ur-T17-",
    "G13-or,to-T19-",
    "I02-ur,ta-B16-",
    "I17-ur,ta-B16-",
    "J05-ca,ta-H20-",
    "L07-or,ur-T17-",
    "L10-or,re-T20-",
    "N05-or-T14-",
    "N08-or,ur-T17-",
    "O05-ca,to-H17-",
    "Q05-ca,or-H21-",
    "R02-to,to-C15-",
    "R03-to,ca-C16-"
  ]
}