{
  "sid": "GR081",
  "idx": 2,
  "sh": -1,
  "t": "Gamma",
  "rh": -1,
  "ll": null,
  "pa": null,
  "pp": null,
  "pe": null,
  "og": "ABCFGIJKLOPRS",
  "ao": [
    "A14-ur,or-B17-",
    "A16-ur,ca-B15-",
    "B14-ur,or-B17-",
    "B16-ur,ca-B15-",
    "C05-to-C14-",
    "C14-to,ca-C16-",
    "F07-or,ur-T17-",
    "F15-or-T14-",
    "G08-or,to-T19-",
    "I11-ur,to-B18-",
    "I14-ur,re-B19-",
    "J09-ca,ur-H19-",
    "K07-or,ca-T16-",
    "K15-or,re-T20-",
    "L05-or,re-T20-",
    "L13-or,to-T19-",
    "O04-ca,or-H21-",
    "P14-to,ta-C18-",
    "P16-to,ca-C16-",
    "R19-to-C14-",
    "R23-to,ta-C18-",
    "S01-ca,ca-H18-"
  ]
}