{
  "sid": "GR390",
  "idx": 2,
  "sh": 320,
  "t": "Gamma",
  "rh": 350,
  "ll": {
    "lat": 7.187415,
    "long": 112.452232
  },
  "pa": "p1,p10,p13,p14,p17,p18,p19,p2,p23,p26,p27,p31,p35,p37,p39,p41,p42,p43,p5,p9,t3,t7,t8",
  "pp": "p11,p12,p15,p16,p20,p21,p22,p24,p25,p28,p29,p3,p30,p32,p33,p34,p36,p38,p4,p40,p6,p7,p8,t1,t2,t4,t5,t6,t9",
  "og": "BCDIJNO",
  "ao": [
    "B12-ur,re-B19-",
    "B23-ur,or-B17-",
    "C03-to,ta-C18-",
    "C09-to,ur-C17-",
    "D12-ta,to-L20-",
    "I04-ur,to-B18-",
    "I12-ur,ur-B14-",
    "J09-ca,ur-H19-",
    "N06-or,or-T15-",
    "N12-or,ca-T16-",
    "O03-ca,to-H17-"
  ],
  "rth": "t1:350,t2:350,t4:350,t5:350,t6:3,t9:350"
}