{
  "sid": "GR350",
  "idx": 2,
  "sh": 0,
  "t": "Alpha",
  "rh": 0,
  "ll": null,
  "pa": null,
  "pp": null,
  "pe": null,
  "og": "BCDFHIKLMNOP",
  "ao": [
    "B07-to,or-C6-",
    "B15-to,ur-C4-",
    "C08-to,to-C2-",
    "C13-to,re-C1-",
    "D08-or,ta-T5-",
    "D13-or,to-T6-",
    "F04-ur,re-B1-",
    "F11-ur,ur-B2-",
    "H05-ca-H1-",
    "I03-ur,re-B1-",
    "I04-ur,re-B1-",
    "K04-or-T1-",
    "K11-ca,or-H5-",
    "L09-ca-H1-",
    "M06-ta,ta-L6-",
    "M13-ta,or-L5-",
    "M24-ta,re-L7-",
    "N09-ca-H1-",
    "O06-or,to-T6-",
    "O17-or,ur-T4-",
    "P10-or,or-T2-",
    "P11-or,or-T2-"
  ]
}