{
  "sid": "GR283",
  "idx": 1,
  "sh": -1,
  "t": "Alpha",
  "rh": -1,
  "ll": null,
  "pa": null,
  "pp": null,
  "pe": null,
  "og": "BGHIKMNOPQ",
  "ao": [
    "B04-to,ca-C3-",
    "B18-to,re-C1-",
    "G02-ca,ur-H3-",
    "H03-ca,ur-H3-",
    "I09-ur,or-B5-",
    "I15-ur,or-B5-",
    "K09-ca-H1-",
    "K22-to,or-C6-",
    "M09-ta-L1-",
    "M12-ta,ur-L4-",
    "M19-ta,ca-L3-",
    "N05-ca,to-H6-",
    "O01-or-T1-",
    "O09-or,ca-T3-",
    "P02-or,to-T6-",
    "P04-or,ta-T5-",
    "Q07-ta,ta-L6-",
    "Q08-ta,re-L7-",
    "Q28-ta,ta-L6-"
  ]
}