{
  "sid": "GS110",
  "idx": 1,
  "sh": 205,
  "t": "Hammerbot",
  "rh": -1,
  "ll": {
    "lat": 10.522972,
    "long": 131.982635
  },
  "pa": "c11,c12,c13,c14,c15,c16,c17,c18,c2,c5,c6,p1,p10,p11,p13,p14,p16,p17,p18,p19,p2,p21,p22,p25,p27,p31,p32,p33,p34,p35,p4,p6,p8,p9,py10,py12,py13,py14,py15,py16,py17,py18,py19,py6,py7,py8,py9,t10,t11,t12,t13,t14,t15,t16,t17,t7,t8,t9",
  "pp": "c1,c10,c3,c4,c7,c8,c9,p12,p15,p20,p23,p24,p26,p28,p29,p3,p30,p36,p5,p7,py1,py11,py2,py3,py4,py5,t1,t2,t3,t4,t5,t6",
  "og": "ABC",
  "ao": [
    "A08-or,ur-#21-",
    "B05-re,ta-#17-",
    "C14-re,ca-#15-"
  ],
  "rth": "t2:18,t1:353,t4:25,t6:207,t5:80,t3:20"
}