{
  "sid": "GS003",
  "idx": 1,
  "sh": 359,
  "t": "Hammerbot",
  "rh": -1,
  "ll": {
    "lat": -0.465408,
    "long": 92.140396
  },
  "pa": "c10,c8,c9,p10,p11,p12,p13,p15,p16,p21,p22,p23,p24,p25,p26,p3,p4,p5,p9,py10,py11,py12,py4,py5,py9,t1,t12,t13,t14,t15,t3,t4,t5,t6,t9",
  "pp": "c1,c2,c3,c4,c5,c6,c7,p1,p14,p17,p18,p19,p2,p20,p6,p7,p8,py1,py2,py3,py6,py7,py8,t10,t11,t2,t7,t8",
  "og": "ABC",
  "ao": [
    "A09-re,or-#20-",
    "B08-re,to-#14-",
    "C06-ca,or-#6-"
  ],
  "rth": "t7:147,t9:179,t10:235,t11:175,t8:1,t2:172"
}