{
  "sid": "GR391",
  "idx": 3,
  "sh": 98,
  "t": "Alpha",
  "rh": 220,
  "ll": {
    "lat": 21.646597,
    "long": -77.191353
  },
  "pa": "p1,p10,p12,p14,p18,p19,p2,p21,p22,p23,p29,p31,p33,p34,p35,p36,p37,p38,p39,p4,p40,p42,p6,p8,p9,t11,t12,t2,t6,t7",
  "pp": "p11,p13,p15,p16,p17,p20,p24,p25,p26,p27,p28,p3,p30,p32,p5,p7,t1,t10,t3,t4,t5,t8,t9",
  "pe": "p41",
  "og": "ABCFIJOP",
  "ao": [
    "A02-ta-L1-",
    "A11-to,ca-C3-",
    "A14-ca,ca-H2-",
    "B06-to,re-C1-",
    "B21-to,re-C1-",
    "C02-to,ur-C4-",
    "C04-to,ca-C3-",
    "F05-ur,ur-B2-",
    "F19-ur,or-B5-",
    "I05-ur,ur-B2-",
    "I19-ur,or-B5-",
    "J02-ca,re-H7-",
    "O10-or,ur-T4-",
    "O16-or,ca-T3-",
    "P03-or,to-T6-",
    "P13-or-T1-"
  ],
  "rth": "t1:220,t3:220,t4:220,t5:220,t8:220,t9:220,t10:220"
}