{
  "sid": "GR558",
  "idx": 3,
  "sh": -1,
  "t": "Alpha",
  "rh": -1,
  "og": "ABCDFGJKMNPQ",
  "ao": [
    "A03-ta,ta-L6-",
    "A11-to,ca-C3-",
    "A17-or-T1-",
    "B02-to,to-C2-",
    "B12-to,ur-C4-",
    "C01-to,ur-C4-",
    "C03-to,ca-C3-",
    "D01-to,or-C6-",
    "D03-or,ur-T4-",
    "F10-ur,ca-B3-",
    "F14-ur,ca-B3-",
    "G01-ca,ca-H2-",
    "J06-ca,or-H5-",
    "K10-ca,or-H5-",
    "K14-ca,or-H5-",
    "M09-ta-L1-",
    "M14-ta,ta-L6-",
    "M20-ta,ur-L4-",
    "N07-ca,to-H6-",
    "P05-or,ta-T5-",
    "P10-or,or-T2-",
    "Q07-ta,ta-L6-",
    "Q15-ta,ur-L4-",
    "Q21-ta,ta-L2-"
  ]
}