{
  "sid": "GR060",
  "idx": 2,
  "sh": 318,
  "t": "Alpha",
  "rh": -1,
  "ll": {
    "lat": 19.020304,
    "long": -101.010918
  },
  "pa": "p17,p18,p34,p19,p16,p14,p33,p11,p37,p39,p8,p27,p24,p26,p41,p38,p22,t12,p32,p31,t4,p30,p20,p7,t2,p6,p1,p23,t10,t7,p35",
  "pp": "p15,p13,p12,p10,p9,p28,p25,t11,p29,p21,t5,p5,t3,p3,t1,p2,t8,t9,t6",
  "pe": "p4,p36,p40",
  "og": "ABGHIKMNOQ",
  "ao": [
    "A09-to,re-C1-",
    "A11-to,ca-C3-",
    "A15-ca,ur-H3-",
    "B02-to,to-C2-",
    "B04-to,ca-C3-",
    "G02-ca,ur-H3-",
    "H03-ca,ur-H3-",
    "I15-ur,or-B5-",
    "I18-ur,to-B6-",
    "K14-ca,or-H5-",
    "K22-to,or-C6-",
    "M13-ta,or-L5-",
    "M20-ta,ur-L4-",
    "M21-ta,or-L5-",
    "N02-ca,ta-H4-",
    "O18-or,ta-T5-",
    "O19-or,ta-T5-",
    "Q15-ta,ur-L4-",
    "Q23-ta,ca-L3-",
    "Q25-ta,or-L5-"
  ]
}