{
  "sid": "GR065",
  "idx": 1,
  "sh": 0,
  "t": "Alpha",
  "rh": 0,
  "ll": null,
  "pa": null,
  "pp": null,
  "pe": null,
  "og": "BCDEFGLMNQ",
  "ao": [
    "B04-to,ca-C3-",
    "B20-to,to-C2-",
    "C11-to,or-C6-",
    "C12-to,or-C6-",
    "D11-or,to-C6-",
    "D12-to,ta-C5-",
    "E05-ca,to-H6-",
    "F12-ur,ta-B4-",
    "F22-ur,or-B5-",
    "G02-ca,ur-H3-",
    "L05-ca,to-H6-",
    "M02-ta,ta-L2-",
    "M12-ta,ur-L4-",
    "M17-ta-L1-",
    "N05-ca,to-H6-",
    "Q10-ta,or-L5-",
    "Q19-ta,re-L7-",
    "Q23-ta,ca-L3-"
  ]
}