{
  "sid": "GR007",
  "idx": 1,
  "sh": 243,
  "t": "Alpha",
  "rh": 4,
  "ll": {
    "lat": -36.77953,
    "long": -127.128456
  },
  "pa": "p1,p10,p12,p14,p15,p18,p19,p2,p20,p22,p25,p29,p3,p30,p31,p32,p33,p34,p37,p38,p39,p4,p41,p42,p6,p8,p9,t12,t3,t4,t9",
  "pp": "p11,p13,p16,p17,p21,p23,p24,p26,p27,p28,p35,p36,p5,p7,t1,t10,t11,t2,t5,t6,t7,t8",
  "pe": "p40",
  "og": "AEFGHJKLMOPQ",
  "ao": [
    "A09-to,re-C1-",
    "A12-to,ur-C4-",
    "A20-or,ur-T4-",
    "E09-ca-H1-",
    "F07-ur,ur-B2-",
    "F18-ur,to-B6-",
    "G01-ca,ca-H2-",
    "H05-ca-H1-",
    "J06-ca,or-H5-",
    "K07-or,ca-T3-",
    "K18-to,to-C2-",
    "L09-ca-H1-",
    "M11-ta,ca-L3-",
    "M13-ta,or-L5-",
    "M22-ta,ta-L6-",
    "O04-or,ur-T4-",
    "O20-or,to-T6-",
    "P01-or,to-T6-",
    "P05-or,ta-T5-",
    "Q03-ta,ca-L3-",
    "Q14-ta,ca-L3-",
    "Q24-ta,ur-L4-"
  ]
}