{
  "sid": "GR029",
  "idx": 1,
  "sh": 232,
  "t": "Alpha",
  "rh": 353,
  "ll": {
    "lat": -20.301718,
    "long": -133.645996
  },
  "pa": "p1,p11,p12,p14,p17,p19,p22,p24,p28,p29,p3,p30,p31,p33,p34,p37,p38,p40,p6,p8,p9,t12,t4,t5,t7",
  "pp": "p10,p13,p15,p16,p18,p2,p20,p21,p23,p25,p26,p27,p32,p35,p39,p41,p5,p7,t1,t10,t11,t2,t3,t6,t8,t9",
  "pe": "p36,p4",
  "og": "CDFGHILOP",
  "ao": [
    "C04-to,ca-C3-",
    "C06-to,ta-C5-",
    "D04-or,ca-T3-",
    "D06-to,or-C6-",
    "F19-ur,or-B5-",
    "F20-ur,or-B5-",
    "G03-ca,or-H5-",
    "H03-ca,ur-H3-",
    "I01-ur,re-B1-",
    "I20-ur,to-B6-",
    "L06-ca,re-H7-",
    "O02-or,or-T2-",
    "O10-or,ur-T4-",
    "P07-or,ca-T3-",
    "P13-or-T1-"
  ]
}