{
  "sid": "GR076",
  "idx": 1,
  "sh": 0,
  "t": "Gamma",
  "rh": 0,
  "ll": null,
  "pa": null,
  "pp": null,
  "pe": null,
  "og": "DEFHIKLOPQRS",
  "ao": [
    "D13-ta,to-L20-",
    "E06-ca,ca-H18-",
    "F02-or,ur-T17-",
    "F06-or,ta-T18-",
    "H07-ta,to-L20-",
    "H12-ta,re-L21-",
    "H22-ta,ta-L16-",
    "H26-ta,to-L20-",
    "H29-ta-L15-",
    "I07-ur,ur-B14-",
    "I14-ur,re-B19-",
    "K07-or,ca-T16-",
    "K11-or,ur-T17-",
    "L02-or,ur-T17-",
    "L05-or,re-T20-",
    "O01-ca,ur-H19-",
    "P16-to,ca-C16-",
    "P27-to-C14-",
    "Q06-ca,ca-H18-",
    "R05-to,ta-C18-",
    "R11-to,to-C15-",
    "S04-ca,to-H17-"
  ]
}