{
  "sid": "GR080",
  "idx": 3,
  "sh": -1,
  "t": "Gamma",
  "rh": -1,
  "og": "CEFGHJLPQS",
  "ao": [
    "C07-to,ta-C18-",
    "C10-to,to-C15-",
    "E03-ca,or-H21-",
    "F05-or-T14-",
    "F12-or,ur-T17-",
    "G05-or,ta-T18-",
    "H04-ta,ca-L17-",
    "H16-ta,ur-L18-",
    "H21-ta-L15-",
    "H27-ta,re-L21-",
    "H42-ta,ur-L18-",
    "J04-ca,ca-H18-",
    "L07-or,ur-T17-",
    "L10-or,re-T20-",
    "P08-to,to-C15-",
    "P25-to,ca-C16-",
    "Q03-ca,or-H21-",
    "S08-ca,ta-H20-"
  ]
}