{
  "sid": "GR412",
  "idx": 1,
  "sh": 0,
  "t": "Gamma",
  "rh": 0,
  "ll": null,
  "pa": null,
  "pp": null,
  "pe": null,
  "og": "BCEFGHIJKLNR",
  "ao": [
    "B06-ur,ta-B16-",
    "B12-ur,re-B19-",
    "C03-to,ta-C18-",
    "C08-to,or-C19-",
    "E08-ca,ca-H18-",
    "F03-or,ca-T16-",
    "F04-or,or-T15-",
    "G07-or,re-T20-",
    "H02-ta-L15-",
    "H17-ta,ca-L17-",
    "H27-ta,re-L21-",
    "H49-ta,ca-L17-",
    "H50-ta,re-L21-",
    "I15-ur,to-B18-",
    "I18-ur,ca-B15-",
    "J03-ca,or-H21-",
    "K03-or,or-T15-",
    "K04-or-T14-",
    "L03-or,ta-T18-",
    "L08-or,ta-T18-",
    "N07-or,ca-T16-",
    "N12-or,ca-T16-",
    "R07-to,re-C20-",
    "R08-ca,ta-H20-"
  ]
}