{
  "sid": "GR023",
  "idx": 2,
  "sh": 0,
  "t": "Alpha",
  "rh": 0,
  "ll": null,
  "pa": null,
  "pp": null,
  "pe": null,
  "og": "ABDEHIJKLNOP",
  "ao": [
    "A11-to,ca-C3-",
    "A16-ca,ta-H4-",
    "A20-or,ur-T4-",
    "B09-to,ur-C4-",
    "B14-to,ta-C5-",
    "D08-or,ta-T5-",
    "D13-or,to-T6-",
    "E09-ca-H1-",
    "H05-ca-H1-",
    "I03-ur,re-B1-",
    "I07-ur,ca-B3-",
    "J06-ca,or-H5-",
    "K03-or-T1-",
    "K07-or,ca-T3-",
    "L09-ca-H1-",
    "N09-ca-H1-",
    "O17-or,ur-T4-",
    "O20-or,to-T6-",
    "P01-or,to-T6-",
    "P06-or,ca-T3-"
  ]
}