{
  "sid": "GR007",
  "idx": 1,
  "sh": 63,
  "t": "Alpha",
  "rh": 4,
  "ll": {
    "lat": -36.77953,
    "long": -127.128456
  },
  "pa": "p18,p34,p19,p15,p12,p33,p10,p37,p9,p8,p25,p38,p29,p22,p31,p32,p6,p3,p4,p2,p1,t3,t9,t4,t12,p20,p30,p14,p39",
  "pp": "p17,p16,P35,p13,p11,p28,p27,p24,p26,p23,p21,p35,p5,p7,t2,t1,t8,t11,t10,t5,t6,t7,p36",
  "pe": "p40",
  "og": "AEFGHJKLMOPQ",
  "ao": [
    "A09-to,re-C1-",
    "A12-to,ur-C4-",
    "A20-or,ur-T4-",
    "E09-ca-H1-",
    "F07-ur,ur-B2-",
    "F18-ur,to-B6-",
    "G01-ca,ca-H2-",
    "H05-ca-H1-",
    "J06-ca,or-H5-",
    "K07-or,ca-T3-",
    "K18-to,to-C2-",
    "L09-ca-H1-",
    "M11-ta,ca-L3-",
    "M13-ta,or-L5-",
    "M22-ta,ta-L6-",
    "O04-or,ur-T4-",
    "O20-or,to-T6-",
    "P01-or,to-T6-",
    "P05-or,ca-T5-",
    "Q03-ta,ca-L3-",
    "Q14-ta,ca-L3-",
    "Q24-ta,ur-L4-"
  ]
}