{
  "sid": "GR028",
  "idx": 1,
  "sh": 87,
  "t": "Beta",
  "rh": -1,
  "ll": {
    "lat": -17.008703,
    "long": 44.243992
  },
  "pa": "p12,p14,p15,p16,p18,p19,p22,p23,p24,p25,p27,p28,p30,p32,p33,p35,p36,p37,p38,p39,p41,p5,p6,p7,t1,t5",
  "pp": "p10,p11,p13,p17,p20,p21,p26,p29,p31,p34,p4,p40,p42,p8,p9,t6,t7",
  "og": "CDHKLMST",
  "ao": [
    "C11-ta,ta-L9-",
    "C17-ta-L8-",
    "D12-ca-H8-",
    "H09-or,or-T8-",
    "K04-to,ta-C11-",
    "K23-to,ur-C10-",
    "L05-or,re-T12-",
    "M02-or-T7-",
    "S02-or,re-T12-",
    "T03-ca,re-H14-",
    "T15-ca,re-H14-"
  ]
}