{
  "sid": "GR122",
  "idx": 1,
  "sh": -1,
  "t": "Alpha",
  "rh": -1,
  "ll": null,
  "pa": null,
  "pp": null,
  "pe": null,
  "og": "ABDEFIJKLMOP",
  "ao": [
    "A05-ur,re-B1-",
    "A14-ca,ca-H2-",
    "A18-or,or-T2-",
    "B06-to,re-C1-",
    "B12-to,ur-C4-",
    "D03-or,ur-T4-",
    "D04-or,ca-T3-",
    "E07-ca,to-H6-",
    "F06-ur,ur-B2-",
    "F19-ur,or-B5-",
    "I01-ur,re-B1-",
    "I10-ur,ta-B4-",
    "J07-ca,ca-H2-",
    "K06-or,or-T2-",
    "K19-to,ur-C4-",
    "L07-ca,to-H6-",
    "M01-ta-L1-",
    "M07-ta,re-L7-",
    "M19-ta,ca-L3-",
    "O10-or,ur-T4-",
    "O12-or,to-T6-",
    "P06-or,ca-T3-",
    "P10-or,or-T2-"
  ]
}