{
  "sid": "GR006",
  "idx": 2,
  "sh": 86,
  "t": "Beta",
  "rh": 208,
  "ll": {
    "lat": -32.697018,
    "long": 29.834711
  },
  "pa": "p11,p13,p14,p16,p18,p2,p21,p23,p25,p26,p28,p3,p31,p32,p33,p34,p35,p36,p37,p38,p39,p4,p40,p41,p42,p5,p6,p7,t1,t4,t5,t8",
  "pp": "p1,p10,p12,p15,p17,p19,p20,p22,p24,p27,p29,p30,p8,p9,t2,t3,t6,t7",
  "pe": null,
  "og": "CHILMQR",
  "ao": [
    "C01-ta,or-L12-",
    "C18-ta,ur-L11-",
    "H07-or,ur-T10-",
    "I07-ca,ca-H9-",
    "L02-or,ur-T10-",
    "M01-or-T7-",
    "Q03-or,ca-T9-",
    "R08-to-C7-",
    "R23-ca,or-H12-"
  ]
}