{
  "sid": "GR131",
  "idx": 2,
  "sh": 175,
  "t": "Gamma",
  "rh": 203,
  "ll": {
    "lat": 40.779701,
    "long": -21.052683
  },
  "pa": "p1,p10,p12,p14,p15,p17,p18,p2,p26,p28,p29,p30,p34,p35,p37,p39,p41,p42,p5,p9,t2,t5,t6,t7,t8",
  "pp": "p11,p13,p16,p19,p20,p21,p22,p23,p24,p25,p27,p3,p31,p32,p33,p36,p38,p4,p40,p6,p7,p8,t1,t3,t4",
  "og": "ABCDFGHILR",
  "ao": [
    "A09-ur-B13-",
    "A27-ur-B13-",
    "B09-ur-B13-",
    "B27-ur-B13-",
    "C02-to,or-C19-",
    "C15-to,ca-C16-",
    "D01-ca,or-H21-",
    "F06-or,ta-T18-",
    "F10-or-T14-",
    "G09-or,ta-T18-",
    "H12-ta,re-L21-",
    "H14-ta,to-L20-",
    "H22-ta,ta-L16-",
    "H24-ta,ur-L18-",
    "H43-ta,or-L19-",
    "I07-ur,ur-B14-",
    "I16-ur,or-B17-",
    "L02-or,ur-T17-",
    "L14-or,re-T20-",
    "R11-to,to-C15-",
    "R12-to,ca-C16-"
  ],
  "rth": "t1:205,t3:207,t4:203"
}