{
  "sid": "GR029",
  "idx": 1,
  "sh": 52,
  "t": "Alpha",
  "rh": 353,
  "ll": {
    "lat": -20.301718,
    "long": -133.645996
  },
  "pa": "p17,p34,p19,p30,p40,p31,p22,p38,p29,t12,t4,t5,p6,p1,p3,p24,p28,p8,p9,p37,t7,p14,p12,p33,p11",
  "pp": "p18,p20,p32,p21,p35,p23,t11,t3,p5,t2,p7,t1,p2,t10,t8,t9,p25,p26,p27,p39,p10,p13,p15,t6,p16",
  "pe": "p4,p36",
  "og": "CDFGHILOP",
  "ao": [
    "C04-to,ca-C3-",
    "C06-to,ta-C5-",
    "D04-or,ca-T3-",
    "D06-or,to-C6-",
    "F19-ur,or-B5-",
    "F20-ur,or-B5-",
    "G03-ca,or-H5-",
    "H03-ca,ur-H3-",
    "I01-ur,re-B1-",
    "I20-ur,to-B6-",
    "L06-ca,re-H7-",
    "O02-or,or-T2-",
    "O10-or,ur-T4-",
    "P07-or,ca-T3-",
    "P13-or-T1-"
  ]
}