{
  "sid": "GR352",
  "idx": 2,
  "sh": 0,
  "t": "Alpha",
  "rh": 0,
  "ll": null,
  "pa": null,
  "pp": null,
  "pe": null,
  "og": "ABGIJKLNP",
  "ao": [
    "A08-ur,ta-B4-",
    "A09-to,re-C1-",
    "A16-ca,ta-H4-",
    "B01-to,ca-C3-",
    "B07-to,or-C6-",
    "G02-ca,ur-H3-",
    "I03-ur,re-B1-",
    "I20-ur,to-B6-",
    "J05-ca,ta-H4-",
    "K03-or-T1-",
    "K08-or,ca-T3-",
    "L05-ca,to-H6-",
    "N05-ca,to-H6-",
    "P07-or,ca-T3-",
    "P11-or,or-T2-"
  ]
}