{
  "sid": "GR020",
  "idx": 3,
  "sh": 173,
  "t": "Gamma",
  "rh": 215,
  "ll": {
    "lat": 27.047829,
    "long": 55.121727
  },
  "pa": "p10,p15,p17,p18,p2,p23,p26,p29,p3,p30,p31,p33,p36,p37,p40,p41,p43,p5,p9,t1,t2,t5,t7,t8",
  "pp": "p11,p12,p13,p14,p16,p19,p20,p21,p22,p24,p25,p27,p28,p32,p34,p35,p38,p39,p4,p42,p6,p7,p8,t3,t4,t6,t9",
  "pe": "p1",
  "og": "DEFIJMO",
  "ao": [
    "D13-ta,to-L20-",
    "E01-ca,ur-H19-",
    "F07-or,ur-T17-",
    "F12-or,ur-T17-",
    "I02-ur,ta-B16-",
    "I08-ur,ca-B15-",
    "J08-ca,to-H17-",
    "M02-to,re-C20-",
    "M07-to,or-C19-",
    "O01-ca,ur-H19-"
  ],
  "rth": "t3:203,t4:203,t6:215,t9:203"
}