{
  "sid": "GR094",
  "idx": 1,
  "sh": 234,
  "t": "Beta",
  "rh": 1,
  "ll": {
    "lat": -45.092583,
    "long": -169.119461
  },
  "pa": "p42,t6,t7",
  "pp": "p1,p17,p2,p20,p23,p24,p25,p27,p3,p30,p37,p38,p5,t1,t2,t3,t4,t5,t8",
  "pe": "p10,p11,p12,p13,p14,p15,p16,p18,p19,p21,p22,p26,p28,p29,p31,p32,p33,p34,p35,p36,p39,p4,p40,p41,p6,p7,p8,p9",
  "og": "DOQSTU",
  "ao": [
    "D04-ca,to-H13-",
    "O02-or,re-T13-",
    "Q05-or,ur-T10-",
    "S02-or,re-T12-",
    "T08-ca,to-H15-",
    "T16-ca,to-H13-",
    "U46-ur,ca-B9-",
    "U49-ur,ur-B8-",
    "U51-ur,re-B7-"
  ],
  "rth": "t3:351,t4:1"
}