{
  "sid": "GR280",
  "idx": 2,
  "sh": -1,
  "t": "Gamma",
  "rh": -1,
  "og": "ABCFGIJKNPQRS",
  "ao": [
    "A07-ur,ca-B15-",
    "A16-ur,ca-B15-",
    "B07-ur,ca-B15-",
    "B16-ur,ca-B15-",
    "C05-to-C14-",
    "C10-to,to-C15-",
    "F02-or,ur-T17-",
    "F05-or-T14-",
    "G14-or,ta-T18-",
    "I14-ur,re-B19-",
    "I17-ur,ta-B16-",
    "J08-ca,to-H17-",
    "K05-or,re-T20-",
    "K07-or,ca-T16-",
    "N05-or-T14-",
    "N10-or-T14-",
    "P07-to,ca-C16-",
    "P16-to,ca-C16-",
    "Q06-ca,ca-H18-",
    "R05-to,ta-C18-",
    "R12-to,ca-C16-",
    "S04-ca,to-H17-"
  ]
}