{
  "sid": "GR119",
  "idx": 1,
  "sh": 211,
  "t": "Gamma",
  "rh": 242,
  "ll": {
    "lat": 21.130445,
    "long": 54.572971
  },
  "pa": "p12",
  "pp": "t1",
  "pe": null,
  "og": "CDEFGHIJLOPR",
  "ao": [
    "C07-to,ta-C18-",
    "C14-to,ca-C16-",
    "D11-ta,or-H21-",
    "E03-ca,or-H21-",
    "F12-or,ur-T17-",
    "F15-or-T14-",
    "G05-or,ta-T18-",
    "H02-ta-L15-",
    "H06-ta,or-L19-",
    "H42-ta,ur-L18-",
    "H48-ta,ur-L18-",
    "H55-ta,ta-L16-",
    "I02-ur,ta-B16-",
    "I11-ur,to-B18-",
    "J04-ca,ca-H18-",
    "L07-or,ur-T17-",
    "L13-or,to-T19-",
    "O02-ca,ta-H20-",
    "P13-to,or-C19-",
    "P25-to,ca-C16-",
    "R02-to,to-C15-",
    "R22-to,ur-C17-"
  ]
}