{
  "sid": "GS064",
  "idx": 1,
  "sh": 295,
  "t": "Crossroads",
  "rh": -1,
  "ll": {
    "lat": -31.777176,
    "long": 144.74408
  },
  "pa": "c2,c5,c6,c7,c8,p14,p16,p17,p18,p20,p21,p22,p23,p24,p25,p26,p3,p5,p7,p8,t1,t3",
  "pp": "c1,c3,c4,p1,p10,p11,p12,p13,p15,p19,p2,p4,p6,p9,t2",
  "og": "ABCD",
  "ao": [
    "A05-se,li-#3-",
    "A09-re,ta-#17-",
    "B02-re,to-#14-",
    "B04-re,ta-#17-",
    "B11-ur,ta-#27-",
    "D02-re,ta-#17-",
    "D04-se,li-#3-"
  ],
  "rth": "t2:141"
}