{
  "sid": "GR278",
  "idx": 1,
  "sh": 0,
  "t": "Gamma",
  "rh": 0,
  "ll": null,
  "pa": null,
  "pp": null,
  "pe": null,
  "og": "ABCDFGHIJKNQR",
  "ao": [
    "A07-ur,ca-B15-",
    "A17-ur,ur-B14-",
    "B07-ur,ca-B15-",
    "B17-ur,ur-B14-",
    "C05-to-C14-",
    "C10-to,to-C15-",
    "D13-ta,to-L20-",
    "F02-or,ur-T17-",
    "F07-or,ur-T17-",
    "G09-or,ta-T18-",
    "H06-ta,or-L19-",
    "H14-ta,to-L20-",
    "H24-ta,ur-L18-",
    "H25-ta,or-L19-",
    "H40-ta,ta-L16-",
    "I08-ur,ca-B15-",
    "I13-ur-B13-",
    "J08-ca,to-H17-",
    "K02-or,ca-T16-",
    "K06-or,ur-T17-",
    "N05-or-T14-",
    "N10-or-T14-",
    "Q01-ca,ur-H19-",
    "R04-to,ur-C17-",
    "R19-to-C14-"
  ]
}