{
  "sid": "GS194",
  "idx": 1,
  "sh": 332,
  "t": "Turtle",
  "rh": -1,
  "ll": {
    "lat": 44.620869,
    "long": 111.888855
  },
  "pa": "c1,c2,c3,c5,c6,c7,p1,p12,p5,p6,p7,p8,py1,py2,py3,py4,py5,py6,t1,t3",
  "pp": "c10,c11,c12,c4,c8,c9,p10,p11,p14,p15,p16,p17,p2,p20,p21,p24,p25,p3,p4,p9,py10,py11,py12,py7,py8,py9,t2,t5,t6",
  "og": "ABCD",
  "ao": [
    "A11-or,ca-#19-",
    "B13-se,ba-#2-",
    "C02-ca,re-#9-",
    "C09-re,to-#14-",
    "D07-ur,ta-#27-"
  ],
  "rth": "t2:1,t5:1,t6:1"
}