{
  "sid": "GR312",
  "idx": 1,
  "sh": -1,
  "t": "Gamma",
  "rh": -1,
  "og": "ABCDEHJKOPQS",
  "ao": [
    "A24-ur,ta-B16-",
    "A27-ur-B13-",
    "B24-ur,ta-B16-",
    "B27-ur-B13-",
    "C02-to,or-C19-",
    "C04-to,ur-C17-",
    "D15-ta-L15-",
    "E08-ca,ca-H18-",
    "H03-ta,ta-L16-",
    "H15-ta,or-L19-",
    "H29-ta-L15-",
    "H33-ta,to-L20-",
    "H35-ta,ur-L18-",
    "J03-ca,or-H21-",
    "K09-or-T14-",
    "K11-or,ur-T17-",
    "O03-ca,to-H17-",
    "P24-to,ur-C17-",
    "P27-to-C14-",
    "Q08-ca,ca-H18-",
    "S07-ca,ta-H20-"
  ]
}