{
  "sid": "GR032",
  "idx": 1,
  "sh": 217,
  "t": "Gamma",
  "rh": 247,
  "ll": {
    "lat": -0.203577,
    "long": -0.36909
  },
  "pa": "p1,p10,p12,p13,p14,p15,p18,p19,p20,p25,p27,p3,p30,p34,p36,p38,p39,p40,p41,p42,p43,t1,t3,t4,t9",
  "pp": "p11,p16,p17,p2,p21,p22,p23,p24,p26,p28,p29,p31,p32,p33,p35,p37,p4,p5,p6,p7,p8,p9,t2,t5,t6,t7,t8",
  "og": "ABCDHIKLOPQ",
  "ao": [
    "A22-ur,to-B18-",
    "A27-ur-B13-",
    "B22-ur,to-B18-",
    "B27-ur-B13-",
    "C02-to,or-C19-",
    "C08-to,or-C19-",
    "D01-ca,or-H21-",
    "H03-ta,ta-L16-",
    "H25-ta,or-L19-",
    "H32-ta,re-L21-",
    "H47-ta,or-L19-",
    "H54-ta,ca-L17-",
    "I01-ur,ca-B15-",
    "I15-ur,to-B18-",
    "K04-or-T14-",
    "K11-or,ur-T17-",
    "L02-or,ur-T17-",
    "L08-or,ta-T18-",
    "O02-ca,ta-H20-",
    "P22-to,or-C19-",
    "P27-to-C14-",
    "Q03-ca,or-H21-"
  ],
  "rth": "t2:247,t5:247,t6:260,t7:247,t8:247"
}