{
  "sid": "GR072",
  "idx": 1,
  "sh": 0,
  "t": "Gamma",
  "rh": 0,
  "ll": null,
  "pa": null,
  "pp": null,
  "pe": null,
  "og": "ADEFGHIJPRS",
  "ao": [
    "A21-ur,re-B19-",
    "A25-ur,ca-B15-",
    "D11-ta,or-H21-",
    "E03-ca,or-H21-",
    "F12-or,ur-T17-",
    "F13-or,ca-T16-",
    "G05-or,ta-T18-",
    "H02-ta-L15-",
    "H13-ta,re-L21-",
    "H22-ta,ta-L16-",
    "H26-ta,to-L20-",
    "H55-ta,ta-L16-",
    "I02-ur,ta-B16-",
    "I06-ur-B13-",
    "J04-ca,ca-H18-",
    "P21-to,re-C20-",
    "P25-to,ca-C16-",
    "R02-to,to-C15-",
    "R09-ca,ur-H19-",
    "S08-ca,ta-H20-"
  ]
}