{
  "sid": "GR059",
  "idx": 1,
  "sh": 214,
  "t": "Gamma",
  "rh": 246,
  "ll": {
    "lat": 43.55751,
    "long": 25.85762
  },
  "pa": "p1,p10,p12,p13,p14,p15,p17,p19,p2,p23,p25,p28,p33,p37,p38,p39,p41,p43,p5,p9,t3,t4,t9",
  "pp": "p11,p16,p18,p20,p21,p22,p24,p26,p27,p29,p3,p30,p31,p32,p34,p35,p36,p4,p40,p42,p6,p7,p8,t1,t2,t5,t6,t7,t8",
  "og": "ADGHMOPQRS",
  "ao": [
    "A03-ur,re-B19-",
    "A26-ur,ur-B14-",
    "D04-ta,ca-L17-",
    "G12-or,re-T20-",
    "H05-ta,ur-L18-",
    "H37-ta,ta-L16-",
    "H42-ta,ur-L18-",
    "H44-ta,to-L20-",
    "H54-ta,ca-L17-",
    "M02-to,re-C20-",
    "M05-to-C14-",
    "O06-ca,or-H21-",
    "P03-to,re-C20-",
    "P26-to,to-C15-",
    "Q09-ca,to-H17-",
    "R01-to-C14-",
    "R18-ca,to-H17-",
    "S06-ca,ur-H19-"
  ],
  "rth": "t1:246,t2:246,t5:246,t6:257,t7:246,t8:246"
}