{
  "sid": "GR519",
  "idx": 1,
  "sh": -1,
  "t": "Alpha",
  "rh": -1,
  "ll": {
    "lat": -37.874645,
    "long": 49.279049
  },
  "og": "BCFHIJKMNOPQ",
  "ao": [
    "B12-to,ur-C4-",
    "B17-to,to-C2-",
    "B21-to,re-C1-",
    "C02-to,ur-C4-",
    "C03-to,ca-C3-",
    "C07-to,ta-C5-",
    "F05-ur,ur-B2-",
    "F10-ur,ca-B3-",
    "F17-ur,to-B6-",
    "H01-ca,ta-H4-",
    "H05-ca-H1-",
    "I05-ur,ur-B2-",
    "I10-ur,ta-B4-",
    "I17-ur,to-B6-",
    "J01-ca-H1-",
    "J06-ca,or-H5-",
    "K05-or,or-T2-",
    "K10-ca,or-H5-",
    "K17-to,re-C1-",
    "M09-ta-L1-",
    "M10-ta,ta-L2-",
    "M14-ta,ta-L6-",
    "M18-ta,ta-L2-",
    "N01-ca,ur-H3-",
    "N07-ca,to-H6-",
    "O12-or,to-T6-",
    "O15-or,or-T2-",
    "O16-or,ca-T3-",
    "P03-or,to-T6-",
    "P10-or,or-T2-",
    "P12-or-T1-",
    "Q07-ta,ta-L6-",
    "Q09-ta,re-L7-",
    "Q21-ta,ta-L2-",
    "Q29-ta,ur-L4-"
  ]
}