{
  "sid": "GR293",
  "idx": 1,
  "sh": 0,
  "t": "Gamma",
  "rh": 0,
  "ll": null,
  "pa": null,
  "pp": null,
  "pe": null,
  "og": "AFHJLMOPQRS",
  "ao": [
    "A05-ur,or-B17-",
    "A13-ur,to-B18-",
    "F14-or,or-T15-",
    "F15-or-T14-",
    "H29-ta-L15-",
    "H37-ta,ta-L16-",
    "H43-ta,or-L19-",
    "H46-ta,to-L20-",
    "H55-ta,ta-L16-",
    "J09-ca,ur-H19-",
    "L09-or,to-T19-",
    "L13-or,to-T19-",
    "M13-to,to-C15-",
    "M14-to-C14-",
    "O04-ca,or-H21-",
    "P05-to,ta-C18-",
    "P13-to,or-C19-",
    "Q02-ca,ta-H20-",
    "R14-to,ta-C18-",
    "R22-to,ur-C17-",
    "S01-ca,ca-H18-"
  ]
}