{
  "sid": "GR038",
  "idx": 3,
  "sh": 239,
  "t": "Alpha",
  "rh": 2,
  "ll": {
    "lat": -31.647327,
    "long": 150.760956
  },
  "pa": "p1,p10,p12,p13,p14,p15,p18,p19,p2,p22,p27,p30,p31,p32,p33,p34,p36,p37,p39,p4,p40,p41,p42,p5,p6,p8,p9,t10,t11,t12,t2,t4,t5",
  "pp": "p11,p16,p17,p20,p21,p23,p24,p25,p26,p28,p29,p3,p35,p38,p7,t1,t3,t6,t7,t8,t9",
  "og": "ABCDFHJKOPQ",
  "ao": [
    "A02-ta-L1-",
    "A03-ta,ta-L6-",
    "A13-ca-H1-",
    "B03-to,re-C1-",
    "B21-to,re-C1-",
    "C02-to,ur-C4-",
    "C04-to,ca-C3-",
    "D02-to,ta-C5-",
    "D04-or,ca-T3-",
    "F01-ur,re-B1-",
    "F05-ur,ur-B2-",
    "H04-ca,ca-H2-",
    "J03-ca,ur-H3-",
    "K01-or-T1-",
    "K05-or,or-T2-",
    "O11-or,ta-T5-",
    "O16-or,ca-T3-",
    "P03-or,to-T6-",
    "P13-or-T1-",
    "Q08-ta,re-L7-",
    "Q10-ta,or-L5-",
    "Q16-ta,or-L5-"
  ],
  "rth": "t3:2,t6:2,t7:2,t8:2,t9:2"
}