{
  "sid": "GR037",
  "idx": 2,
  "sh": 0,
  "t": "Alpha",
  "rh": 0,
  "ll": null,
  "pa": null,
  "pp": null,
  "pe": null,
  "og": "CDEHIJKLOP",
  "ao": [
    "C01-to,ur-C4-",
    "C11-to,or-C6-",
    "D01-or,to-C6-",
    "D11-or,to-C6-",
    "E02-ca,ta-H4-",
    "H04-ca,ca-H2-",
    "I15-ur,or-B5-",
    "I18-ur,to-B6-",
    "J04-ca,to-H6-",
    "K14-ca,or-H5-",
    "K22-to,or-C6-",
    "L02-ca,ta-H4-",
    "O18-or,ta-T5-",
    "O19-or,ta-T5-",
    "P04-or,ta-T5-",
    "P09-or,ur-T4-"
  ]
}