{
  "sid": "GR399",
  "idx": 3,
  "sh": 282,
  "t": "Alpha",
  "rh": 44,
  "ll": {
    "lat": 12.524052,
    "long": -172.583664
  },
  "pa": "p1,p10,p11,p12,p13,p14,p2,p21,p22,p25,p26,p27,p3,p31,p33,p34,p35,p36,p38,p4,p40,p6,p8,p9,t11,t12,t2,t6,t8",
  "pp": "p15,p16,p17,p18,p19,p20,p23,p24,p28,p29,p30,p32,p37,p41,p42,p5,p7,t1,t10,t3,t4,t5,t7,t9",
  "pe": "p39",
  "og": "ACFGHIKMNOQ",
  "ao": [
    "A12-to,ur-C4-",
    "A13-ca-H1-",
    "A14-ca,ca-H2-",
    "C01-to,ur-C4-",
    "C04-to,ca-C3-",
    "F01-ur,re-B1-",
    "F19-ur,or-B5-",
    "G01-ca,ca-H2-",
    "H04-ca,ca-H2-",
    "I11-ur,ta-B4-",
    "I19-ur,or-B5-",
    "K01-or-T1-",
    "K19-to,ur-C4-",
    "M03-ta,ca-L3-",
    "M11-ta,ca-L3-",
    "M19-ta,ca-L3-",
    "N08-ca,ca-H2-",
    "O10-or,ur-T4-",
    "O11-or,ta-T5-",
    "Q05-ta,ur-L4-",
    "Q06-ta,or-L5-",
    "Q14-ta,ca-L3-"
  ],
  "rth": "t1:44,t3:44,t4:44,t5:44,t7:44,t9:44,t10:44"
}