{
  "sid": "GR544",
  "idx": 1,
  "sh": -1,
  "t": "Gamma",
  "rh": -1,
  "og": "ABCDFGIKLMNORS",
  "ao": [
    "A02-ur-B13-",
    "A16-ur,ca-B15-",
    "B02-ur,re-B19-",
    "B16-ur,ca-B15-",
    "C03-to,ta-C18-",
    "C05-to-C14-",
    "D07-ta,or-L19-",
    "F02-or,ur-T17-",
    "F03-or,ca-T16-",
    "G14-or,ta-T18-",
    "I12-ur,ur-B14-",
    "I14-ur,re-B19-",
    "K03-or,or-T15-",
    "K07-or,ca-T16-",
    "L03-or,ta-T18-",
    "L05-or,re-T20-",
    "M07-to,or-C19-",
    "M12-to,to-C15-",
    "N10-or-T14-",
    "N12-or,ca-T16-",
    "O01-ca,ur-H19-",
    "R05-to,ta-C18-",
    "R24-to,or-C19-",
    "S02-ca,ca-H18-"
  ]
}