{
  "sid": "GR343",
  "idx": 1,
  "sh": -1,
  "t": "Gamma",
  "rh": -1,
  "ll": {
    "lat": 39.756912,
    "long": 121.283783
  },
  "og": "ABDEFGIJKNOPQS",
  "ao": [
    "A15-ur,ta-B16-",
    "A24-ur,ta-B16-",
    "B15-ur,ta-B16-",
    "B24-ur,ta-B16-",
    "D15-ta-L15-",
    "E08-ca,ca-H18-",
    "F09-or,or-T15-",
    "F14-or,or-T15-",
    "G07-or,re-T20-",
    "I03-ur,or-B17-",
    "I09-ur,ta-B16-",
    "J03-ca,or-H21-",
    "K09-or-T14-",
    "K14-or-T14-",
    "N06-or,or-T15-",
    "N11-or,or-T15-",
    "O03-ca,to-H17-",
    "P15-to,ur-C17-",
    "P24-to,ur-C17-",
    "Q08-ca,ca-H18-",
    "S07-ca,ta-H20-"
  ]
}