{
  "sid": "GR178",
  "idx": 1,
  "sh": 159,
  "t": "Alpha",
  "rh": 284,
  "ll": {
    "lat": 44.408997,
    "long": 50.945045
  },
  "pa": "p1,p10,p11,p13,p14,p15,p16,p17,p20,p21,p22,p24,p26,p27,p3,p30,p31,p32,p33,p34,p35,p36,p4,p41,p5,p8,t1,t11,t12,t3,t8,t9",
  "pp": "p12,p18,p19,p2,p23,p25,p28,p29,p37,p6,p7,p9,t10,t2,t4,t5,t6,t7",
  "pe": "p38,p39,p40",
  "og": "ACFHIJKLMQ",
  "ao": [
    "A03-ta,ta-L6-",
    "A11-to,ca-C3-",
    "A16-ca,ta-H4-",
    "C01-to,ur-C4-",
    "C07-to,ta-C5-",
    "F15-ur,ta-B4-",
    "F17-ur,to-B6-",
    "H04-ca,ca-H2-",
    "I09-ur,or-B5-",
    "I14-ur,or-B5-",
    "J04-ca,to-H6-",
    "K15-ca,or-H5-",
    "K17-to,re-C1-",
    "L02-ca,ta-H4-",
    "M09-ta-L1-",
    "M20-ta,ur-L4-",
    "M24-ta,re-L7-",
    "Q04-ta,ca-L3-",
    "Q08-ta,re-L7-",
    "Q24-ta,ur-L4-"
  ]
}