{
  "sid": "GR107",
  "idx": 1,
  "sh": 279,
  "t": "Gamma",
  "rh": 310,
  "ll": {
    "lat": -1.78382,
    "long": 135.015274
  },
  "pa": "p12,p13,p14,p15,p18,p20,p22,p25,p26,p31,p35,p36,p37,p38,p40,p41,p43,p5,t1,t3,t6,t9",
  "pp": "p1,p10,p11,p16,p17,p19,p2,p21,p23,p24,p27,p28,p29,p3,p30,p32,p33,p34,p39,p4,p42,p6,p7,p8,p9,t2,t4,t5,t7,t8",
  "og": "CDEFHKOPQ",
  "ao": [
    "C03-to,ta-C18-",
    "C14-to,ca-C16-",
    "D14-ta-L15-",
    "E09-ca,to-H17-",
    "F03-or,ca-T16-",
    "F15-or-T14-",
    "H04-ta,ca-L17-",
    "H17-ta,ca-L17-",
    "H26-ta,to-L20-",
    "H29-ta-L15-",
    "H55-ta,ta-L16-",
    "K03-or,or-T15-",
    "K10-or,re-T20-",
    "O06-ca,or-H21-",
    "P12-to,re-C20-",
    "P14-to,ta-C18-",
    "Q09-ca,to-H17-"
  ],
  "rth": "t2:310,t4:310,t5:310,t7:310,t8:310"
}