{
  "sid": "GR337",
  "idx": 3,
  "sh": -1,
  "t": "Gamma",
  "rh": -1,
  "ll": null,
  "pa": null,
  "pp": null,
  "pe": null,
  "og": "BCEINOPQR",
  "ao": [
    "B09-ur-B13-",
    "B16-ur,ca-B15-",
    "C05-to-C14-",
    "C10-to,to-C15-",
    "E06-ca,ca-H18-",
    "I14-ur,re-B19-",
    "I17-ur,ta-B16-",
    "N05-or-T14-",
    "N10-or-T14-",
    "O01-ca,ur-H19-",
    "P09-to-C14-",
    "P16-to,ca-C16-",
    "Q06-ca,ca-H18-",
    "R03-to,ca-C16-",
    "R19-to-C14-"
  ]
}