{
  "sid": "GR111",
  "idx": 2,
  "sh": 291,
  "t": "Alpha",
  "rh": 50,
  "ll": {
    "lat": -22.598898,
    "long": 170.110306
  },
  "pa": "p1,p14,p15,p16,p18,p19,p2,p20,p23,p25,p27,p30,p31,p32,p33,p34,p37,p38,p39,p41,p42,p5,p8,t12,t4,t5,t6,t9",
  "pp": "p10,p11,p12,p13,p17,p21,p22,p24,p26,p28,p29,p3,p35,p36,p4,p6,p7,p9,t1,t10,t11,t2,t3,t7,t8",
  "pe": "p40",
  "og": "ACEFGHINPQ",
  "ao": [
    "A12-to,ur-C4-",
    "A13-ca-H1-",
    "A20-or,ur-T4-",
    "C01-to,ur-C4-",
    "C13-to,re-C1-",
    "E04-ca,re-H7-",
    "F07-ur,ur-B2-",
    "F14-ur,ca-B3-",
    "G02-ca,ur-H3-",
    "H04-ca,ca-H2-",
    "I07-ur,ca-B3-",
    "I18-ur,to-B6-",
    "N04-ca,re-H7-",
    "P01-or,to-T6-",
    "P05-or,ta-T5-",
    "Q06-ta,or-L5-",
    "Q14-ta,ca-L3-",
    "Q22-ta,ta-L2-"
  ]
}