{
  "sid": "GR474",
  "idx": 3,
  "sh": -1,
  "t": "Gamma",
  "rh": -1,
  "og": "ABCDEFIJKMOR",
  "ao": [
    "A22-ur,to-B18-",
    "A27-ur-B13-",
    "B22-ur,to-B18-",
    "B27-ur-B13-",
    "C02-to,or-C19-",
    "C08-to,or-C19-",
    "D08-ta,ta-L16-",
    "E08-ca,ca-H18-",
    "F06-or,ta-T18-",
    "F08-or,ca-T16-",
    "I01-ur,ca-B15-",
    "I15-ur,to-B18-",
    "J03-ca,or-H21-",
    "K04-or-T14-",
    "K11-or,ur-T17-",
    "M01-to,re-C20-",
    "M09-to,ca-C16-",
    "O07-ca,ca-H18-",
    "R10-to-C14-",
    "R15-to,or-C19-"
  ]
}