{
  "sid": "GS066",
  "idx": 1,
  "sh": 290,
  "t": "Bowl",
  "rh": -1,
  "ll": {
    "lat": -43.215603,
    "long": 157.734146
  },
  "pa": "c2,c3,c5,c8,p11,p12,p14,p16,p17,p19,p20,p21,p26,p27,p29,p3,p31,p33,p5,p6,p7,p8,p9,py1,py12,py13,py14,py2,py4,py5,py6,py7,py8,py9,t1,t2,t3,t4,t5,t6,t7,t8,t9",
  "pp": "c1,c4,c6,c7,p1,p10,p13,p18,p2,p22,p23,p24,p25,p28,p30,p32,p34,p4,py10,py11,py15,py16,py17,py3,t10,t11,t12,t13,t14,t15,t16",
  "og": "ABCD",
  "ao": [
    "A05-re,ca-#15-",
    "B01-or,ca-#13-",
    "C02-re,ta-#17-"
  ],
  "rth": "t10:62,t11:79,t12:161,t13:80,t14:50,t15:107,t16:79"
}