{
  "sid": "GR283",
  "idx": 1,
  "sh": 129,
  "t": "Alpha",
  "rh": 251,
  "ll": {
    "lat": -5.023737,
    "long": -26.999365
  },
  "pa": "p1,p11,p14,p16,p19,p2,p20,p24,p25,p29,p3,p30,p31,p33,p34,p35,p36,p38,p4,p40,p41,p42,p6,p8,p9,t11,t12,t2,t4,t5,t7",
  "pp": "p10,p12,p13,p15,p17,p18,p21,p22,p23,p26,p27,p28,p32,p37,p39,p5,t1,t10,t3,t6,t8,t9",
  "pe": "p7",
  "og": "BGHIKMNOPQ",
  "ao": [
    "B04-to,ca-C3-",
    "B18-to,re-C1-",
    "G02-ca,ur-H3-",
    "H03-ca,ur-H3-",
    "I09-ur,or-B5-",
    "I15-ur,or-B5-",
    "K09-ca-H1-",
    "K22-to,or-C6-",
    "M09-ta-L1-",
    "M12-ta,ur-L4-",
    "M19-ta,ca-L3-",
    "N05-ca,to-H6-",
    "O01-or-T1-",
    "O09-or,ca-T3-",
    "P02-or,to-T6-",
    "P04-or,ta-T5-",
    "Q07-ta,ta-L6-",
    "Q08-ta,re-L7-",
    "Q28-ta,ta-L6-"
  ],
  "rth": "t1:251,t3:253,t6:251,t8:247,t9:252,t10:252"
}