{
  "sid": "GR225",
  "idx": 2,
  "sh": 0,
  "t": "Gamma",
  "rh": 0,
  "ll": null,
  "pa": null,
  "pp": null,
  "pe": null,
  "og": "ADEHJKLMQR",
  "ao": [
    "A19-ur,ur-B14-",
    "A27-ur-B13-",
    "D01-ta,or-H21-",
    "E01-ca,ur-H19-",
    "H22-ta,ta-L16-",
    "H32-ta,re-L21-",
    "H35-ta,ur-L18-",
    "H36-ta,ca-L17-",
    "H49-ta,ca-L17-",
    "J04-ca,ca-H18-",
    "K08-or,or-T15-",
    "K11-or,ur-T17-",
    "L02-or,ur-T17-",
    "L08-or,ta-T18-",
    "M01-to,re-C20-",
    "M03-to,ur-C17-",
    "Q01-ca,ur-H19-",
    "R10-to-C14-",
    "R15-to,or-C19-"
  ]
}