{
  "sid": "GR032",
  "idx": 1,
  "sh": -1,
  "t": "Gamma",
  "rh": -1,
  "ll": null,
  "pa": null,
  "pp": null,
  "pe": null,
  "og": "ABCDHIKLOPQ",
  "ao": [
    "A22-ur,to-B18-",
    "A27-ur-B13-",
    "B22-ur,to-B18-",
    "B27-ur-B13-",
    "C02-to,or-C19-",
    "C08-to,or-C19-",
    "D01-ca,or-H21-",
    "H03-ta,ta-L16-",
    "H25-ta,or-L19-",
    "H32-ta,re-L21-",
    "H47-ta,or-L19-",
    "H54-ta,ca-L17-",
    "I01-ur,ca-B15-",
    "I15-ur,to-B18-",
    "K04-or-T14-",
    "K11-or,ur-T17-",
    "L02-or,ur-T17-",
    "L08-or,ta-T18-",
    "O02-ca,ta-H20-",
    "P22-to,or-C19-",
    "P27-to-C14-",
    "Q03-ca,or-H21-"
  ]
}