{
  "sid": "GR037",
  "idx": 2,
  "sh": 86,
  "t": "Alpha",
  "rh": 208,
  "ll": {
    "lat": -41.072948,
    "long": 57.271481
  },
  "pa": "p1,p11,p13,p14,p15,p17,p18,p2,p21,p22,p24,p27,p28,p29,p3,p30,p31,p33,p34,p35,p36,p38,p39,p4,p40,p41,p42,p5,p6,p8,p9,t12,t2,t4,t8,t9",
  "pp": "p10,p12,p16,p19,p20,p23,p25,p26,p32,p37,p7,t1,t10,t11,t3,t5,t6,t7",
  "og": "CDEHIJKLOP",
  "ao": [
    "C01-to,ur-C4-",
    "C11-to,or-C6-",
    "D01-to,or-C6-",
    "D11-to,or-C6-",
    "E02-ca,ta-H4-",
    "H04-ca,ca-H2-",
    "I15-ur,or-B5-",
    "I18-ur,to-B6-",
    "J04-ca,to-H6-",
    "K14-ca,or-H5-",
    "K22-to,or-C6-",
    "L02-ca,ta-H4-",
    "O18-or,ta-T5-",
    "O19-or,ta-T5-",
    "P04-or,ta-T5-",
    "P09-or,ur-T4-"
  ],
  "rth": "t1:208,t3:208,t5:208,t6:208,t7:208,t10:208,t11:209"
}