{
  "sid": "GR034",
  "idx": 2,
  "sh": 42,
  "t": "Gamma",
  "rh": 73,
  "ll": {
    "lat": -4.984453,
    "long": -175.226913
  },
  "pa": "p1,p10,p12,p14,p18,p2,p20,p25,p26,p3,p35,p36,p37,p39,p40,p41,p42,p43,p9,t1,t2,t3,t6,t8",
  "pp": "p11,p13,p15,p16,p17,p19,p21,p22,p23,p24,p27,p28,p29,p30,p31,p32,p33,p34,p38,p4,p5,p6,p7,p8,t4,t5,t7,t9",
  "og": "ABEHJOP",
  "ao": [
    "A12-ur,re-B19-",
    "A18-ur-B13-",
    "B12-ur,re-B19-",
    "B18-ur-B13-",
    "E09-ca,to-H17-",
    "H11-ta,or-L19-",
    "H17-ta,ca-L17-",
    "H24-ta,ur-L18-",
    "H31-ta,ta-L16-",
    "H43-ta,or-L19-",
    "J07-ca,or-H21-",
    "O06-ca,or-H21-",
    "P12-to,re-C20-",
    "P18-to-C14-"
  ],
  "rth": "t4:73,t5:73,t7:73"
}