{
  "sid": "GS050",
  "idx": 1,
  "sh": 250,
  "t": "Bowl",
  "rh": -1,
  "ll": {
    "lat": -40.390713,
    "long": 144.709595
  },
  "pa": "c5,c6,c7,c8,p1,p11,p13,p14,p16,p19,p20,p21,p23,p24,p25,p28,p29,p3,p30,p31,p33,p4,p6,p8,p9,py1,py10,py11,py12,py13,py14,py15,py16,py8,py9,t10,t11,t12,t13,t14,t15,t8,t9",
  "pp": "c1,c2,c3,c4,p10,p12,p17,p18,p2,p22,p26,p27,p32,p5,p7,py2,py3,py4,py5,py6,py7,t1,t2,t3,t4,t5,t6,t7",
  "og": "ABCD",
  "ao": [
    "B01-or,ca-#13-",
    "B02-re,or-#20-",
    "C07-or,to-#18-",
    "D05-ca,to-#8-"
  ],
  "rth": "t1:22,t2:9,t3:40,t4:40,t5:121,t6:67,t7:40"
}