{
  "sid": "GS044",
  "idx": 1,
  "sh": 10,
  "t": "Turtle",
  "rh": -1,
  "ll": {
    "lat": -46.121265,
    "long": -163.866425
  },
  "pa": "c1,c10,c11,c12,c15,c2,c6,c7,c8,c9,p11,p13,p14,p17,p19,p2,p20,p23,p24,p25,p26,p27,p28,p29,p30,p31,p32,p5,p6,py1,py10,py11,py12,py2,py3,py6,py9,t1,t10,t11,t2,t4,t5,t6,t7,t8",
  "pp": "c13,c14,c16,c17,c3,c4,c5,p1,p10,p12,p15,p16,p18,p21,p22,p3,p34,p4,p7,p8,p9,py13,py14,py4,py5,py7,py8,t12,t3,t9",
  "pe": "p33",
  "og": "ABCD",
  "ao": [
    "A09-or,ur-#21-",
    "B06-re,ta-#17-",
    "C01-se,ba-#2-",
    "C06-re,ta-#17-",
    "D06-ta,to-#24-"
  ],
  "rth": "t3:40,t9:40,t12:40"
}