{
  "sid": "GS190",
  "idx": 1,
  "sh": 56,
  "t": "Bear",
  "rh": -1,
  "ll": {
    "lat": -14.838905,
    "long": 67.709763
  },
  "pa": "c2,c4,c6,p12,p14,p15,p16,p17,p18,p19,p2,p20,p22,p24,p27,p28,p5,p6,p8,p9,py10,py11,py12,py13,py7,py8,py9",
  "pp": "A05,c1,c3,c5,c7,p1,p10,p11,p13,p21,p23,p25,p29,p3,p30,p31,p32,p34,p4,p7,py1,py2,py3,py4,py5,py6,t1,t2,t3,t4,t5",
  "pe": "p26,p33",
  "og": "ABCDE",
  "ao": [
    "B04-or,to-#18-",
    "C07-re,ca-#15-",
    "D03-re,ca-#15-",
    "E03-ca,ta-#7-",
    "E07-ur,or-#25-",
    "E14-or,or-#12-"
  ],
  "rth": "t5:174,t3:176,t1:175,t4:175,t2:176"
}