{
  "sid": "GR292",
  "idx": 1,
  "sh": -1,
  "t": "Gamma",
  "rh": -1,
  "ll": null,
  "pa": null,
  "pp": null,
  "pe": null,
  "og": "CEHKLMNOS",
  "ao": [
    "C02-to,or-C19-",
    "C07-to,ta-C18-",
    "C08-to,or-C19-",
    "E03-ca,or-H21-",
    "E08-ca,ca-H18-",
    "H01-ta,re-L21-",
    "H03-ta,ta-L16-",
    "H17-ta,ca-L17-",
    "H34-ta,or-L19-",
    "H37-ta,ta-L16-",
    "H40-ta,ta-L16-",
    "H53-ta,ur-L18-",
    "K04-or-T14-",
    "K11-or,ur-T17-",
    "K12-or,ca-T16-",
    "L02-or,ur-T17-",
    "L07-or,ur-T17-",
    "L08-or,ta-T18-",
    "M01-to,re-C20-",
    "M02-to,re-C20-",
    "M08-to,ca-C16-",
    "N07-or,ca-T16-",
    "N08-or,ur-T17-",
    "N13-or,ur-T17-",
    "O02-ca,ta-H20-",
    "O07-ca,ca-H18-",
    "S05-ca,ur-H19-",
    "S08-ca,ta-H20-"
  ]
}