{
  "sid": "GR386",
  "idx": 3,
  "sh": -1,
  "t": "Alpha",
  "rh": -1,
  "og": "ACEFHIJLMNOQ",
  "ao": [
    "A03-ta,ta-L6-",
    "A13-ca-H1-",
    "A19-or,ca-T3-",
    "C07-to,ta-C5-",
    "C13-to,re-C1-",
    "E09-ca-H1-",
    "F04-ur,re-B1-",
    "F09-ur,ca-B3-",
    "H05-ca-H1-",
    "I04-ur,re-B1-",
    "I09-ur,or-B5-",
    "J06-ca,or-H5-",
    "L09-ca-H1-",
    "M03-ta,ca-L3-",
    "M06-ta,ta-L6-",
    "M09-ta-L1-",
    "N09-ca-H1-",
    "O03-or,ca-T3-",
    "O06-or,to-T6-",
    "Q06-ta,or-L5-",
    "Q08-ta,re-L7-",
    "Q22-ta,ta-L2-"
  ]
}