{
  "sid": "GR217",
  "idx": 3,
  "sh": -1,
  "t": "Gamma",
  "rh": -1,
  "ll": {
    "lat": -30.251673,
    "long": -41.048817
  },
  "og": "ABCFIJMNOQR",
  "ao": [
    "A13-ur,to-B18-",
    "A26-ur,ur-B14-",
    "B13-ur,to-B18-",
    "B26-ur,ur-B14-",
    "C07-to,ta-C18-",
    "C14-to,ca-C16-",
    "F12-or,ur-T17-",
    "F15-or-T14-",
    "I01-ur,ca-B15-",
    "I11-ur,to-B18-",
    "J09-ca,ur-H19-",
    "M02-to,re-C20-",
    "M13-to,to-C15-",
    "N02-or,or-T15-",
    "N08-or,ur-T17-",
    "O04-ca,or-H21-",
    "Q02-ca,ta-H20-",
    "R01-to-C14-",
    "R22-to,ur-C17-"
  ]
}