{
  "sid": "GR189",
  "idx": 3,
  "sh": -1,
  "t": "Gamma",
  "rh": -1,
  "ll": {
    "lat": -41.521477,
    "long": 135.32608
  },
  "og": "BCDEGHIKLOPQRS",
  "ao": [
    "B08-ur,ur-B14-",
    "B15-ur,ta-B16-",
    "C04-to,ur-C17-",
    "C10-to,to-C15-",
    "D07-ta,or-L19-",
    "E06-ca,ca-H18-",
    "G14-or,ta-T18-",
    "H24-ta,ur-L18-",
    "H27-ta,re-L21-",
    "H30-ta-L15-",
    "H31-ta,ta-L16-",
    "H49-ta,ca-L17-",
    "I09-ur,ta-B16-",
    "I13-ur-B13-",
    "K02-or,ca-T16-",
    "K14-or-T14-",
    "L04-or,to-T19-",
    "L10-or,re-T20-",
    "O05-ca,to-H17-",
    "P08-to,to-C15-",
    "P15-to,ur-C17-",
    "Q06-ca,ca-H18-",
    "R03-to,ca-C16-",
    "R25-to,re-C20-",
    "S02-ca,ca-H18-"
  ]
}