{
  "sid": "GR027",
  "idx": 1,
  "sh": 350,
  "t": "Gamma",
  "rh": 19,
  "ll": {
    "lat": 27.415854,
    "long": 120.901711
  },
  "pa": "p12,p13,p14,p15,p17,p2,p25,p28,p29,p3,p30,p31,p34,p36,p37,p40,p42,p43,p5,t1,t3,t5,t8,t9",
  "pp": "p10,p11,p16,p18,p19,p20,p21,p22,p23,p24,p26,p27,p32,p33,p35,p38,p39,p4,p41,p6,p7,p8,p9,t2,t4,t6,t7",
  "og": "ABCFHIJLMNORS",
  "ao": [
    "A14-ur,or-B17-",
    "A27-ur-B13-",
    "B14-ur,or-B17-",
    "B27-ur-B13-",
    "C02-to,or-C19-",
    "C14-to,ca-C16-",
    "F06-or,ta-T18-",
    "F15-or-T14-",
    "H13-ta,re-L21-",
    "H14-ta,to-L20-",
    "H22-ta,ta-L16-",
    "H30-ta-L15-",
    "H32-ta,re-L21-",
    "I07-ur,ur-B14-",
    "I10-ur,or-B17-",
    "J04-ca,ca-H18-",
    "L02-or,ur-T17-",
    "L13-or,to-T19-",
    "M01-to,re-C20-",
    "M14-to-C14-",
    "N02-or,or-T15-",
    "N13-or,ur-T17-",
    "O02-ca,ta-H20-",
    "R11-to,to-C15-",
    "R23-to,ta-C18-",
    "S04-ca,to-H17-"
  ],
  "rth": "t2:20,t4:20,t6:30,t7:20"
}