{
  "sid": "GR014",
  "idx": 1,
  "sh": 151,
  "t": "Gamma",
  "rh": 180,
  "ll": {
    "lat": 60.73185,
    "long": -24.159771
  },
  "pa": "p1,p10,p13,p14,p15,p17,p19,p2,p23,p29,p30,p31,p34,p36,p37,p38,p39,p40,p41,p42,t2,t4,t6",
  "pp": "p11,p12,p16,p18,p20,p21,p22,p24,p25,p26,p27,p28,p3,p32,p33,p35,p4,p43,p5,p6,p7,p8,p9,t1,t3,t5,t7,t8,t9",
  "og": "ABFGIJLMOPQR",
  "ao": [
    "A04-ur,to-B18-",
    "A19-ur,ur-B14-",
    "A22-ur,to-B18-",
    "B04-ur,to-B18-",
    "B19-ur,to-B18-",
    "B22-ur,to-B18-",
    "F08-or,ca-T16-",
    "F09-or,or-T15-",
    "F10-or-T14-",
    "G03-or,re-T20-",
    "G13-or,to-T19-",
    "I05-ur,re-B19-",
    "I09-ur,ta-B16-",
    "I16-ur,or-B17-",
    "J03-ca,or-H21-",
    "J05-ca,ta-H20-",
    "L03-or,ta-T18-",
    "L08-or,ta-T18-",
    "L14-or,re-T20-",
    "M03-to,ur-C17-",
    "M08-to,ca-C16-",
    "M10-to,ta-C18-",
    "O05-ca,to-H17-",
    "O07-ca,ca-H18-",
    "P04-to,or-C19-",
    "P22-to,or-C19-",
    "Q05-ca,or-H21-",
    "Q07-ca,ta-H20-",
    "R06-to,or-C19-",
    "R13-to,ur-C17-",
    "R15-to,or-C19-"
  ],
  "rth": "t1:180,t3:180,t5:180,t7:180,t8:180,t9:180"
}