{
  "sid": "GR207",
  "idx": 3,
  "sh": 0,
  "t": "Alpha",
  "rh": 0,
  "ll": null,
  "pa": null,
  "pp": null,
  "pe": null,
  "og": "EFGHKLMNOPQ",
  "ao": [
    "E08-ca,ca-H2-",
    "F01-ur,re-B1-",
    "F21-ur,to-B6-",
    "G01-ca,ca-H2-",
    "H04-ca,ca-H2-",
    "K01-or-T1-",
    "K21-to,or-C6-",
    "L08-ca,ca-H2-",
    "M03-ta,ca-L3-",
    "M12-ta,ur-L4-",
    "M13-ta,or-L5-",
    "N08-ca,ca-H2-",
    "O01-or-T1-",
    "O11-or,ta-T5-",
    "P04-or,ta-T5-",
    "P11-or,or-T2-",
    "Q06-ta,or-L5-",
    "Q16-ta,or-L5-",
    "Q28-ta,ta-L6-"
  ]
}