{
  "sid": "GS067",
  "idx": 1,
  "sh": 290,
  "t": "Bowl",
  "rh": -1,
  "ll": {
    "lat": -14.499706,
    "long": 145.032257
  },
  "pa": "c2,c3,c5,p10,p11,p16,p17,p19,p5,p6,p7,p8,py2,py3,py5,py6",
  "pp": "c1,c4,c6,c7,p1,p12,p13,p14,p18,p2,p23,p24,p25,p3,p4,p9,py1,py10,py13,py14,py4,py7,t1,t2,t3,t4,t5,t6,t7",
  "og": "ABCD",
  "ao": [
    "A07-re,ur-#16-",
    "B08-or,re-#11-",
    "C02-re,ta-#17-",
    "C07-or,to-#18-"
  ],
  "rth": "t1:61,t2:49,t3:79,t4:79,t5:160,t6:106,t7:79"
}