{
  "sid": "GR200",
  "idx": 2,
  "sh": 0,
  "t": "Gamma",
  "rh": 0,
  "ll": null,
  "pa": null,
  "pp": null,
  "pe": null,
  "og": "ACGHIKN",
  "ao": [
    "A02-ur-B13-",
    "A06-ur,ta-B16-",
    "C03-to,ta-C18-",
    "C04-to,ur-C17-",
    "G03-or,re-T20-",
    "H15-ta,or-L19-",
    "H21-ta-L15-",
    "H26-ta,to-L20-",
    "H47-ta,or-L19-",
    "H50-ta,re-L21-",
    "I03-ur,or-B17-",
    "I12-ur,ur-B14-",
    "K08-or,or-T15-",
    "K09-or-T14-",
    "N11-or,or-T15-",
    "N12-or,ca-T16-"
  ]
}