{
  "sid": "GR161",
  "idx": 1,
  "sh": 0,
  "t": "Alpha",
  "rh": 0,
  "ll": null,
  "pa": null,
  "pp": null,
  "pe": null,
  "og": "AEFGMNPQ",
  "ao": [
    "A02-ta-L1-",
    "A10-to,to-C2-",
    "A12-to,ur-C4-",
    "E03-ca,or-H5-",
    "F05-ur,ur-B2-",
    "F14-ur,ca-B3-",
    "G03-ca,or-H5-",
    "M11-ta,ca-L3-",
    "M12-ta,ur-L4-",
    "M18-ta,ta-L2-",
    "N03-ca,or-H5-",
    "P03-or,to-T6-",
    "P05-or,ca-T5-",
    "Q10-ta,or-L5-",
    "Q14-ta,ca-L3-",
    "Q28-ta,ta-L6-"
  ]
}