{
  "sid": "GR302",
  "idx": 2,
  "sh": -1,
  "t": "Gamma",
  "rh": -1,
  "ll": null,
  "pa": null,
  "pp": null,
  "pe": null,
  "og": "CDFHKLMNOPQ",
  "ao": [
    "C07-to,ta-C18-",
    "C09-to,ur-C17-",
    "D11-ca,or-H21-",
    "F09-or,or-T15-",
    "F12-or,ur-T17-",
    "H01-ta,re-L21-",
    "H04-ta,ca-L17-",
    "H31-ta,ta-L16-",
    "H47-ta,or-L19-",
    "H55-ta,ta-L16-",
    "K12-or,ca-T16-",
    "K14-or-T14-",
    "L07-or,ur-T17-",
    "L09-or,to-T19-",
    "M02-to,re-C20-",
    "M09-to,ca-C16-",
    "N06-or,or-T15-",
    "N08-or,ur-T17-",
    "O02-ca,ta-H20-",
    "P15-to,ur-C17-",
    "P25-to,ca-C16-",
    "Q03-ca,or-H21-"
  ]
}