{
  "sid": "GR019",
  "idx": 2,
  "sh": 312,
  "t": "Beta",
  "rh": -1,
  "ll": {
    "lat": 33.274406,
    "long": -175.500305
  },
  "pa": "p1,p13,p14,p16,p17,p18,p2,p21,p22,p23,p26,p27,p28,p29,p3,p33,p34,p35,p36,p38,p40,p41,p5,p7,p8,t2,t6,t8",
  "pp": "p10,p11,p12,p15,p19,p20,p24,p25,p30,p31,p32,p37,p39,p4,p6,p9,t1,t3,t4,t5,t7",
  "pe": null,
  "og": "BDFGMNRT",
  "ao": [
    "B04-or,re-T9-",
    "D04-ca,to-H13-",
    "F05-ca,re-H14-",
    "G13-ca,or-H12-",
    "G15-ca,re-H16-",
    "M02-or-T7-",
    "N07-ta,to-L13-",
    "N19-ta,re-L14-",
    "R02-ta,ur-C10-",
    "R19-ca-H8-",
    "T13-ca,re-H16-",
    "T15-ca,re-H14-"
  ]
}