{
  "sid": "GS055",
  "idx": 1,
  "sh": 113,
  "t": "Hammerbot",
  "rh": -1,
  "ll": {
    "lat": 19.272213,
    "long": 67.520538
  },
  "pa": "c1,c10,c2,c3,c4,c6,c7,c9,p1,p10,p11,p13,p17,p18,p19,p21,p23,p24,p26,p29,p32,p4,p5,p6,p7,p9,py12,py2,py3,py4,py5,py6,py7,t1,t11,t12,t13,t14,t15,t16,t4,t5,t6,t7",
  "pp": "c11,c12,c13,c5,c8,p12,p14,p15,p16,p2,p20,p22,p25,p27,p28,p3,p30,p31,p8,py1,py10,py11,py13,py8,py9,t10,t2,t3,t8,t9",
  "og": "ABC",
  "ao": [
    "A10-or,ca-#19-",
    "B09-or,or-#12-",
    "C06-ca,or-#6-"
  ],
  "rth": "t2:287,t3:290,t8:115,t9:293,t10:348"
}