{
  "sid": "GR131",
  "idx": 2,
  "sh": 0,
  "t": "Gamma",
  "rh": 0,
  "ll": null,
  "pa": null,
  "pp": null,
  "pe": null,
  "og": "ABCDFGHILR",
  "ao": [
    "A09-ur-B13-",
    "A27-ur-B13-",
    "B09-ur-B13-",
    "B27-ur-B13-",
    "C02-to,or-C19-",
    "C15-to,ca-C16-",
    "D01-ta,or-H21-",
    "F06-or,ta-T18-",
    "F10-or-T14-",
    "G09-or,ta-T18-",
    "H12-ta,re-L21-",
    "H14-ta,to-L20-",
    "H22-ta,ta-L16-",
    "H24-ta,ur-L18-",
    "H43-ta,or-L19-",
    "I07-ur,ur-B14-",
    "I16-ur,or-B17-",
    "L02-or,ur-T17-",
    "L14-or,re-T20-",
    "R11-to,to-C15-",
    "R12-to,ca-C16-"
  ]
}