{
  "sid": "GR411",
  "idx": 1,
  "sh": -1,
  "t": "Gamma",
  "rh": -1,
  "ll": {
    "lat": -8.044847,
    "long": 107.581512
  },
  "og": "DEFKNOPQRS",
  "ao": [
    "D03-ta,ur-L18-",
    "E05-ca,ta-H20-",
    "F05-or-T14-",
    "F12-or,ur-T17-",
    "K05-or,re-T20-",
    "K12-or,ca-T16-",
    "N05-or-T14-",
    "N08-or,ur-T17-",
    "O05-ca,to-H17-",
    "P09-to-C14-",
    "P25-to,ca-C16-",
    "Q05-ca,or-H21-",
    "R01-to-C14-",
    "R12-to,ca-C16-",
    "S02-ca,ca-H18-"
  ]
}