{
  "sid": "GR035",
  "idx": 1,
  "sh": 332,
  "t": "Alpha",
  "rh": 94,
  "ll": {
    "lat": -6.347799,
    "long": 130.667557
  },
  "pa": "p1,p14,p17,p18,p2,p20,p23,p25,p26,p28,p3,p31,p32,p34,p36,p37,p38,p4,p40,p41,p6,p7,p8,t12,t5,t7,t9",
  "pp": "p10,p11,p12,p13,p15,p16,p19,p21,p24,p27,p29,p30,p33,p35,p5,p9,t1,t10,t11,t2,t3,t4,t6,t8",
  "pe": "p22,p39",
  "og": "BCDEHIJKLMOP",
  "ao": [
    "B14-to,ta-C5-",
    "B15-to,ur-C4-",
    "C03-to,ca-C3-",
    "C08-to,to-C2-",
    "D03-or,ur-T4-",
    "D08-or,ta-T5-",
    "E07-ca,to-H6-",
    "H05-ca-H1-",
    "I06-ur,ca-B3-",
    "I10-ur,ta-B4-",
    "J06-ca,or-H5-",
    "K03-or-T1-",
    "K10-ca,or-H5-",
    "L07-ca,to-H6-",
    "M01-ta-L1-",
    "M14-ta,ta-L6-",
    "M24-ta,re-L7-",
    "O05-or,ta-T5-",
    "O12-or,to-T6-",
    "P06-or,ca-T3-",
    "P10-or,or-T2-"
  ]
}