{
  "sid": "GR024",
  "idx": 1,
  "sh": 43,
  "t": "Beta",
  "rh": -1,
  "ll": {
    "lat": 81.05201,
    "long": -3.962217
  },
  "pa": "p41,p35,p36,p27,p31,p30,p29,p28,p24,p25,p22,p19,p18,p15,p10,p6,p4,p2,p3,p26,p13,p21,p11,p9,p8,p34,p33,t2,p16,t7",
  "pp": "p39,p38,p37,p32,p23,p20,p17,p14,p12,p7,p5,p1,p40,t5,t4,t3,t1,t8,t6",
  "pe": null,
  "og": "FIJKRST",
  "ao": [
    "F04-ca,or-H12-",
    "I10-ca-H8-",
    "J09-or,re-T12-",
    "K04-to,ta-C11-",
    "K21-to,or-C12-",
    "R14-ur,ta-B10-",
    "R19-ca-H8-",
    "S02-or,re-T12-",
    "T03-ca,re-H14-",
    "T13-ca,re-H16-"
  ]
}