{
  "sid": "GR305",
  "idx": 1,
  "sh": 0,
  "t": "Alpha",
  "rh": 0,
  "ll": null,
  "pa": null,
  "pp": null,
  "pe": null,
  "og": "ABCGIJKLMOP",
  "ao": [
    "A07-ur,ca-B3-",
    "A11-to,ca-C3-",
    "A14-ca,ca-H2-",
    "A16-ca,ta-H4-",
    "B02-to,to-C2-",
    "B06-to,re-C1-",
    "B19-to,ca-C3-",
    "C01-to,ur-C4-",
    "C04-to,ca-C3-",
    "C06-to,ta-C5-",
    "G02-ca,ur-H3-",
    "G03-ca,or-H5-",
    "I01-ur,re-B1-",
    "I18-ur,to-B6-",
    "I20-ur,to-B6-",
    "J03-ca,ur-H3-",
    "J04-ca,to-H6-",
    "K14-ca,or-H5-",
    "K19-to,ur-C4-",
    "K20-to,ta-C5-",
    "L02-ca,ta-H4-",
    "L04-ca,re-H7-",
    "M05-ta,or-L5-",
    "M19-ta,ca-L3-",
    "M20-ta,ur-L4-",
    "M24-ta,re-L7-",
    "O02-or,or-T2-",
    "O10-or,ur-T4-",
    "O19-or,ta-T5-",
    "P05-or,ca-T5-",
    "P07-or,ca-T3-",
    "P13-or-T1-"
  ]
}