{
  "sid": "GR018",
  "idx": 1,
  "sh": 296,
  "t": "Beta",
  "rh": 57,
  "ll": {
    "lat": 42.841373,
    "long": -175.657761
  },
  "pa": "p1,p10,p11,p12,p13,p14,p15,p16,p17,p18,p19,p2,p22,p28,p3,p33,p35,p36,p37,p38,p4,p6,p7,p8,t4,t5,t7",
  "pp": "p20,p21,p23,p24,p25,p26,p27,p29,p30,p31,p32,p34,p39,p40,p41,p42,p5,p9,t1,t2,t3,t6,t8",
  "og": "ABDGJLNR",
  "ao": [
    "A08-ca,ca-H9-",
    "B06-or,ta-T11-",
    "D06-ca,ca-H9-",
    "G10-ca,re-H14-",
    "G16-ca,ur-H10-",
    "J03-or,or-T8-",
    "L06-or,re-T13-",
    "N04-ta,or-L12-",
    "N08-ta,or-L12-",
    "R03-ca,ur-H10-",
    "R21-to,ur-C10-"
  ],
  "rth": "t1:57,t2:57,t3:57,t6:57,t8:57"
}