{
  "sid": "GR083",
  "idx": 2,
  "sh": 0,
  "t": "Gamma",
  "rh": 0,
  "ll": null,
  "pa": null,
  "pp": null,
  "pe": null,
  "og": "ACDFHIJLMOPQ",
  "ao": [
    "A22-ur,to-B18-",
    "A23-ur,or-B17-",
    "C08-to,or-C19-",
    "C09-to,ur-C17-",
    "D08-ta,ta-L16-",
    "F04-or,or-T15-",
    "F14-or,or-T15-",
    "H08-ta,ur-L18-",
    "H14-ta,to-L20-",
    "H30-ta-L15-",
    "H43-ta,or-L19-",
    "H54-ta,ca-L17-",
    "I04-ur,to-B18-",
    "I15-ur,to-B18-",
    "J03-ca,or-H21-",
    "L08-or,ta-T18-",
    "L09-or,to-T19-",
    "M08-to,ca-C16-",
    "M09-to,ca-C16-",
    "O07-ca,ca-H18-",
    "P22-to,or-C19-",
    "P23-to,ta-C18-",
    "Q08-ca,ca-H18-"
  ]
}