{
  "sid": "GR380",
  "idx": 1,
  "sh": -1,
  "t": "Beta",
  "rh": -1,
  "ll": null,
  "pa": null,
  "pp": null,
  "pe": null,
  "og": "AFHKLST",
  "ao": [
    "A03-ca,re-H14-",
    "A08-ca,ca-H9-",
    "F06-ca,to-H13-",
    "F07-ca,to-H15-",
    "H03-or,re-T12-",
    "H10-or-T7-",
    "K21-to,or-C12-",
    "K24-to,ca-C9-",
    "K26-to-C7-",
    "L01-or,ca-T9-",
    "L06-or,re-T13-",
    "S01-or,re-T13-",
    "S03-or,re-T13-",
    "T13-ca,re-H16-",
    "T16-ca,to-H13-",
    "T18-ca,ta-H11-"
  ]
}