{
  "sid": "GR164",
  "idx": 3,
  "sh": 36,
  "t": "Beta",
  "rh": -1,
  "ll": {
    "lat": 51.463108,
    "long": -62.51606
  },
  "pa": "p10,p12,p14,p15,p17,p19,p20,p25,p26,p30,p32,P35,p4,p41,p5,p9,t1,t3,t5,t7",
  "pp": "p13,p22,p23,p24,p27,p28,p29,p3,p31,p34,p37,p39,p40,p7,p8,t2,t4,t6,t8",
  "pe": null,
  "og": "CHINO",
  "ao": [
    "C17-ta-L8-",
    "C20-ta,ta-L9-",
    "H08-or,ca-T9-",
    "I03-ta,ur-L11-",
    "N10-ta,re-L14-",
    "N25-ta,or-L12-",
    "O03-or,re-T13-"
  ]
}