{
  "sid": "GS188",
  "idx": 1,
  "sh": 236,
  "t": "Turtle",
  "rh": -1,
  "ll": {
    "lat": 49.715645,
    "long": 77.462921
  },
  "pa": "c10,c11,c12,c13,c14,c15,c16,c17,c8,c9,p13,p14,p15,p16,p17,p18,p19,p20,p22,p23,p24,p25,p26,p27,p28,p29,p30,p31,p32,py10,py11,py12,py13,py14,py7,py8,py9,t10,t11,t4,t5,t6,t7,t8,t9",
  "pp": "c1,c2,c3,c4,c5,c6,c7,p1,p10,p11,p12,p2,p21,p3,p4,p5,p6,p7,p8,p9,py1,py2,py3,py4,py5,py6,t1,t2,t3",
  "og": "ABCD",
  "ao": [
    "A12-ta,to-#24-",
    "B08-re,to-#14-",
    "C01-se,ba-#2-",
    "C05-re,ca-#15-",
    "D06-ta,to-#24-"
  ],
  "rth": "t1:265,t2:266,t3:267"
}