{
  "sid": "GR023",
  "idx": 2,
  "sh": 37,
  "t": "Alpha",
  "rh": 157,
  "ll": {
    "lat": -36.850231,
    "long": 32.322792
  },
  "pa": "p1,p10,p11,p12,p13,p14,p15,p16,p18,p20,p23,p25,p26,p29,p30,p31,p32,p34,p35,p36,p38,p4,p40,p41,p42,p6,p7,p8,p9,t12,t3,t4,t9",
  "pp": "p17,p19,p2,p21,p22,p24,p27,p28,p3,p33,p37,p5,t1,t10,t11,t2,t5,t6,t7,t8",
  "pe": "p39",
  "og": "ABDEHIJKLNOP",
  "ao": [
    "A11-to,ca-C3-",
    "A16-ca,ta-H4-",
    "A20-or,ur-T4-",
    "B09-to,ur-C4-",
    "B14-to,ta-C5-",
    "D08-or,ta-T5-",
    "D13-or,to-T6-",
    "E09-ca-H1-",
    "H05-ca-H1-",
    "I03-ur,re-B1-",
    "I07-ur,ca-B3-",
    "J06-ca,or-H5-",
    "K03-or-T1-",
    "K07-or,ca-T3-",
    "L09-ca-H1-",
    "N09-ca-H1-",
    "O17-or,ur-T4-",
    "O20-or,to-T6-",
    "P01-or,to-T6-",
    "P06-or,ca-T3-"
  ]
}