{
  "sid": "GR112",
  "idx": 1,
  "sh": 334,
  "t": "Alpha",
  "rh": 96,
  "ll": {
    "lat": 54.087475,
    "long": -126.164291
  },
  "pa": "p1,p11,p12,p14,p15,p16,p18,p19,p2,p20,p22,p23,p24,p25,p29,p3,p30,p31,p33,p35,p36,p37,p38,p39,p4,p40,p41,p42,p5,p8,t10,t12,t3,t8",
  "pp": "p10,p13,p17,p21,p26,p27,p28,p32,p34,p6,p7,p9,t1,t11,t2,t4,t5,t6,t7,t9",
  "og": "ACDFGHIKLNP",
  "ao": [
    "A03-ta,ta-L6-",
    "A13-ca-H1-",
    "A16-ca,ta-H4-",
    "C04-to,ca-C3-",
    "C08-to,to-C2-",
    "D04-or,ca-T3-",
    "D08-or,ta-T5-",
    "F01-ur,re-B1-",
    "F03-ur,re-B1-",
    "G01-ca,ca-H2-",
    "H05-ca-H1-",
    "I03-ur,re-B1-",
    "I11-ur,ta-B4-",
    "K01-or-T1-",
    "K03-or-T1-",
    "L07-ca,to-H6-",
    "N07-ca,to-H6-",
    "P06-or,ca-T3-",
    "P13-or-T1-"
  ],
  "rth": "t4:96"
}