{
  "sid": "GR123",
  "idx": 2,
  "sh": 31,
  "t": "Gamma",
  "rh": 62,
  "ll": {
    "lat": 24.724018,
    "long": -133.209122
  },
  "pa": "p1,p12,p13,p14,p15,p17,p23,p26,p27,p29,p3,p31,p33,p35,p37,p39,p41,p42,p5,p9,t1,t6,t8",
  "pp": "p10,p11,p16,p18,p19,p2,p20,p21,p22,p24,p25,p28,p30,p32,p34,p36,p38,p4,p40,p6,p7,p8,t2,t3,t4,t5,t7",
  "og": "BCDEFGHIKLNOQR",
  "ao": [
    "B16-ur,ca-B15-",
    "B24-ur,ta-B16-",
    "C04-to,ur-C17-",
    "C05-to-C14-",
    "D12-ta,to-L20-",
    "E04-ca,ur-H19-",
    "F07-or,ur-T17-",
    "F09-or,or-T15-",
    "G04-or,to-T19-",
    "H04-ta,ca-L17-",
    "H05-ta,ur-L18-",
    "H08-ta,ur-L18-",
    "H09-ta,ca-L17-",
    "H32-ta,re-L21-",
    "I09-ur,ta-B16-",
    "I14-ur,re-B19-",
    "K07-or,ca-T16-",
    "K09-or-T14-",
    "L04-or,to-T19-",
    "L05-or,re-T20-",
    "N10-or-T14-",
    "N11-or,or-T15-",
    "O03-ca,to-H17-",
    "Q04-ca,ur-H19-",
    "R16-to,re-C20-",
    "R19-to-C14-"
  ],
  "rth": "t2:62,t3:63"
}