{
  "sid": "GR389",
  "idx": 1,
  "sh": 259,
  "t": "Alpha",
  "rh": 21,
  "ll": {
    "lat": 5.711215,
    "long": -139.355087
  },
  "pa": "p1,p11,p13,p14,p15,p16,p17,p18,p19,p2,p20,p22,p23,p27,p28,p29,p30,p31,p32,p34,p35,p36,p37,p38,p39,p40,p41,p42,p8,p9,t1,t11,t12,t5,t8",
  "pp": "p10,p12,p21,p24,p25,p26,p3,p33,p4,p5,p7,t10,t2,t3,t4,t6,t7,t9",
  "pe": "p6",
  "og": "BCEGJMNP",
  "ao": [
    "B06-to,re-C1-",
    "B21-to,re-C1-",
    "C02-to,ur-C4-",
    "C04-to,ca-C3-",
    "E03-ca,or-H5-",
    "G03-ca,or-H5-",
    "J02-ca,re-H7-",
    "M09-ta-L1-",
    "M18-ta,ta-L2-",
    "M19-ta,ca-L3-",
    "N03-ca,or-H5-",
    "P03-or,to-T6-",
    "P13-or-T1-"
  ],
  "rth": "t2:21,t3:21,t4:21,t6:21,t7:21,t9:21,t10:21"
}