{
  "sid": "GR021",
  "idx": 1,
  "sh": 328,
  "t": "Beta",
  "rh": 88,
  "ll": {
    "lat": 49.74485,
    "long": -63.096291
  },
  "pa": "p14,p16,p17,p19,p18,p20,p24,p27,p22,p21,p37,p35,p36,p32,p30,p31,p40,p41,p3,p2,p1,p4,p6,p7,t6,p33,t4",
  "pp": "p11,p9,p10,p12,p15,p23,p25,p26,p13,p38,p39,p28,p29,p34,p5,p8,t7,t8,t1,t2,t3,t5",
  "pe": null,
  "og": "GJLMORSU",
  "ao": [
    "G10-ca,re-H14-",
    "G11-ca,ur-H10-",
    "J05-or,ca-T9-",
    "L06-or,re-T13-",
    "M02-or-T7-",
    "O02-or,re-T13-",
    "R03-ca,ta-H10-",
    "R08-to-C7-",
    "S02-or,re-T12-",
    "U02-ur,to-B12-",
    "U30-ur,ur-B8-",
    "U41-ur,or-B11-"
  ]
}