{
  "sid": "GR135",
  "idx": 3,
  "sh": 189,
  "t": "Gamma",
  "rh": -1,
  "ll": {
    "lat": 20.687569,
    "long": -116.205589
  },
  "pa": null,
  "pp": "p9,p2",
  "pe": null,
  "og": "ABCEIJKMNQS",
  "ao": [
    "A09-ur-B13-",
    "A15-ur,ta-B16-",
    "B09-ur-B13-",
    "B15-ur,ta-B16-",
    "C04-to,ur-C17-",
    "C10-to,to-C15-",
    "E05-ca,ta-H20-",
    "I09-ur,ta-B16-",
    "I17-ur,ta-B16-",
    "J05-ca,ta-H20-",
    "K02-or,ca-T16-",
    "K09-or-T14-",
    "M04-to,ur-C17-",
    "M11-to,ta-C18-",
    "N05-or-T14-",
    "N11-or,or-T15-",
    "Q05-ca,re-H21-",
    "S02-ca,ca-H18-"
  ]
}