{
  "sid": "GR097",
  "idx": 1,
  "sh": -1,
  "t": "Alpha",
  "rh": -1,
  "ll": null,
  "pa": null,
  "pp": null,
  "pe": null,
  "og": "CDEFGHJKLO",
  "ao": [
    "C02-to,ur-C4-",
    "C11-to,or-C6-",
    "D02-or,ta-C5-",
    "D11-or,to-C6-",
    "E02-ca,ta-H4-",
    "F05-ur,ur-B2-",
    "F15-ur,ta-B4-",
    "G02-ca,ur-H3-",
    "H03-ca,ur-H3-",
    "J04-ca,to-H6-",
    "K05-or,or-T2-",
    "K15-ca,or-H5-",
    "L02-ca,ta-H4-",
    "O16-or,ca-T3-",
    "O18-or,ta-T5-"
  ]
}