{
  "sid": "GR120",
  "idx": 2,
  "sh": 148,
  "t": "Beta",
  "rh": 268,
  "ll": {
    "lat": 21.073893,
    "long": 54.491516
  },
  "pa": "p41,p26,p35,p36,p29,p31,p30,p25,p23,p19,p18,p16,p15,p14,p21,p22,p13,p12,p7,p6,p8,p2,p34,p33,t5,t6,p9,t2",
  "pp": "p11,p39,p37,p38,p27,p32,p28,p24,p20,p17,p5,p4,p1,p3,p42,p40,t4,p10,t7,t8,t1,t3",
  "pe": null,
  "og": "BEJOR",
  "ao": [
    "B04-or,re-T9-",
    "E02-or,or-T8-",
    "E10-to-C7-",
    "J05-or,ca-T9-",
    "O02-or,re-T13-",
    "R02-ta,ur-C10-",
    "R10-to,re-C13-"
  ]
}