{
  "sid": "GR159",
  "idx": 1,
  "sh": 247,
  "t": "Alpha",
  "rh": 9,
  "ll": {
    "lat": -17.390842,
    "long": -104.857132
  },
  "pa": "p21,p31,t12",
  "pp": "p32,t4,t5",
  "og": "ABDFIJKLNOP",
  "ao": [
    "A06-ur,ur-B2-",
    "A10-to,to-C2-",
    "A14-ca,ca-H2-",
    "B04-to,ca-C3-",
    "B06-to,re-C1-e,d",
    "D04-or,ca-T3-",
    "D11-to,or-C6-",
    "F19-ur,or-B5-",
    "F21-ur,to-B6-",
    "I01-ur,re-B1-",
    "I15-ur,or-B5-",
    "J03-ca,ur-H3-",
    "K19-to,ur-C4-",
    "K21-to,or-C6-",
    "L04-ca,re-H7-",
    "N04-ca,re-H7-",
    "O01-or-T1-",
    "O10-or,ur-T4-",
    "P04-or,ta-T5-",
    "P13-or-T1-"
  ],
  "rth": "t5:9"
}