{
  "sid": "GR060",
  "idx": 2,
  "sh": 0,
  "t": "Alpha",
  "rh": 0,
  "ll": null,
  "pa": null,
  "pp": null,
  "pe": null,
  "og": "ABGHIKMNOQ",
  "ao": [
    "A09-to,re-C1-",
    "A11-to,ca-C3-",
    "A15-ca,ur-H3-",
    "B02-to,to-C2-",
    "B04-to,ca-C3-",
    "G02-ca,ur-H3-",
    "H03-ca,ur-H3-",
    "I15-ur,or-B5-",
    "I18-ur,to-B6-",
    "K14-ca,or-H5-",
    "K22-to,or-C6-",
    "M13-ta,or-L5-",
    "M20-ta,ur-L4-",
    "M21-ta,or-L5-",
    "N02-ca,ta-H4-",
    "O18-or,ta-T5-",
    "O19-or,ta-T5-",
    "Q15-ta,ur-L4-",
    "Q23-ta,ca-L3-",
    "Q25-ta,or-L5-"
  ]
}