{
  "sid": "GR110",
  "idx": 1,
  "sh": 183,
  "t": "Gamma",
  "rh": 213,
  "ll": {
    "lat": -41.542217,
    "long": 40.109863
  },
  "pa": "p1,p10,p13,p14,p15,p17,p18,p19,p23,p25,p26,p30,p31,p36,p37,p38,p40,p42,p43,p5,p9,t2,t4,t5,t6,t7",
  "pp": "p11,p12,p16,p2,p20,p21,p22,p24,p27,p28,p29,p3,p32,p33,p34,p35,p39,p4,p41,p6,p7,p8,t1,t3,t8,t9",
  "og": "BCEGHIJKNPQS",
  "ao": [
    "B04-ur,to-B18-",
    "B18-ur-B13-",
    "C02-to,or-C19-",
    "C15-to,ca-C16-",
    "E01-ca,ur-H19-",
    "G09-or,ta-T18-",
    "H11-ta,or-L19-",
    "H20-ta-L15-",
    "H23-ta,ca-L17-",
    "H26-ta,to-L20-",
    "H42-ta,ur-L18-",
    "I07-ur,ur-B14-",
    "I16-ur,or-B17-",
    "J04-ca,ca-H18-",
    "K05-or,re-T20-",
    "K06-or,ur-T17-",
    "N01-or-T14-",
    "N13-or,ur-T17-",
    "P04-to,or-C19-",
    "P18-to-C14-",
    "Q01-ca,ur-H19-",
    "S04-ca,to-H17-"
  ],
  "rth": "t1:213,t3:213,t8:213,t9:213"
}