{
  "sid": "GR179",
  "idx": 3,
  "sh": 43,
  "t": "Beta",
  "rh": 167,
  "ll": {
    "lat": 52.932083,
    "long": -23.634287
  },
  "pa": "p41,p39,p36,p37,p26,p21,p15,p16,p17,p18,p19,p20,p24,p27,p33,p34,p31,p28,p40,p2,p1,p5,p6,p8,p12,p14,t2,t5,p11",
  "pp": "p38,p35,p13,p22,p23,p25,p32,p30,p29,p42,p3,p4,p7,t6,p10,t7,t8,t1,t3,t4,p9",
  "pe": null,
  "og": "AHIJKMOP",
  "ao": [
    "A03-ca,to-H14-",
    "H10-or-T7-",
    "I08-to,to-C8-",
    "J10-or,re-T13-",
    "K22-to,ta-C11-",
    "K26-to-C7-",
    "M01-or-T7-",
    "O01-or,re-T13-",
    "P22-to,ca-C9-",
    "P26-to,re-C13-"
  ]
}