{
  "sid": "GR035",
  "idx": 1,
  "sh": 0,
  "t": "Alpha",
  "rh": 0,
  "ll": null,
  "pa": null,
  "pp": null,
  "pe": null,
  "og": "BCDEHIJKLMOP",
  "ao": [
    "B14-to,ta-C5-",
    "B15-to,ur-C4-",
    "C03-to,ca-C3-",
    "C08-to,to-C2-",
    "D03-or,ur-T4-",
    "D08-or,ta-T5-",
    "E07-ca,to-H6-",
    "H05-ca-H1-",
    "I06-ur,ca-B3-",
    "I10-ur,ta-B4-",
    "J06-ca,or-H5-",
    "K03-or-T1-",
    "K10-ca,or-H5-",
    "L07-ca,to-H6-",
    "M01-ta-L1-",
    "M14-ta,ta-L6-",
    "M24-ta,re-L7-",
    "O05-or,ta-T5-",
    "O12-or,to-T6-",
    "P06-or,ca-T3-",
    "P10-or,or-T2-"
  ]
}