{
  "sid": "GR030",
  "idx": 2,
  "sh": 244,
  "t": "Gamma",
  "rh": 274,
  "ll": {
    "lat": 36.099064,
    "long": 29.278553
  },
  "pa": "p12,p13,p14,p15,p18,p19,p20,p23,p25,p3,p34,p36,p37,p39,p41,p42,p43,p5,t4,t6,t7",
  "pp": "p1,p10,p11,p16,p17,p2,p21,p22,p24,p26,p27,p28,p29,p30,p31,p32,p33,p35,p38,p4,p40,p6,p7,p8,p9,t1,t2,t3,t5,t8,t9",
  "og": "BCDEFHJKNOPRS",
  "ao": [
    "B23-ur,or-B17-",
    "B24-ur,ta-B16-",
    "C04-to,ur-C17-",
    "C09-to,ur-C17-",
    "D15-ta-L15-",
    "E08-ca,ca-H18-",
    "F09-or,or-T15-",
    "F14-or,or-T15-",
    "H10-ta,ta-L16-",
    "H13-ta,re-L21-",
    "H18-ta,ta-L16-",
    "H25-ta,or-L19-",
    "H51-ta,to-L20-",
    "J03-ca,or-H21-",
    "K09-or-T14-",
    "K14-or-T14-",
    "N06-or,or-T15-",
    "N11-or,or-T15-",
    "O03-ca,to-H17-",
    "P23-to,ta-C18-",
    "P24-to,ur-C17-",
    "R17-ca,ca-H18-",
    "R25-to,re-C20-",
    "S07-ca,ta-H20-"
  ],
  "rth": "t1:274,t2:274,t3:274,t5:274,t8:274,t9:274"
}