{
  "sid": "GS209",
  "idx": 1,
  "sh": 197,
  "t": "Turtle",
  "rh": -1,
  "ll": {
    "lat": 46.019592,
    "long": -18.272928
  },
  "pa": "c1,c10,c11,c12,c15,c2,c6,c7,c8,c9,p1,p13,p14,p15,p17,p19,p20,p21,p23,p24,p27,p28,p29,p30,p31,p32,p5,p7,p8,py1,py10,py11,py12,py2,py3,py6,py9,t1,t10,t11,t2,t4,t5,t6,t7,t8",
  "pp": "c13,c14,c16,c17,c3,c4,c5,p10,p11,p12,p16,p18,p2,p22,p25,p26,p3,p34,p35,p36,p4,p6,p9,py13,py14,py4,py5,py7,py8,t13,t3,t9",
  "og": "ABCD",
  "ao": [
    "A04-or,ca-#19-",
    "B04-re,ur-#16-",
    "C01-se,ba-#2-",
    "C07-re,ta-#17-",
    "D06-ta,to-#24-"
  ],
  "rth": "t3:227,t9:226,t13:308"
}