{
  "sid": "GR039",
  "idx": 2,
  "sh": 283,
  "t": "Beta",
  "rh": 43,
  "ll": {
    "lat": 12.796746,
    "long": -90.252991
  },
  "pa": "p1,p11,p12,p14,p16,p18,p19,p2,p20,p22,p29,p31,p32,p33,p36,p37,p38,p39,p4,p40,p41,p42,p8,t2,t4,t5,t8",
  "pp": "p10,p13,p15,p17,p21,p23,p24,p25,p26,p27,p28,p3,p30,p34,p35,p5,p6,p7,p9,t1,t3,t6,t7",
  "og": "ABFKOPT",
  "ao": [
    "A08-ca,ca-H9-",
    "B06-or,ta-T11-",
    "F06-ca,to-H13-",
    "K06-to,ca-C9-",
    "K22-to,ta-C11-",
    "O03-or,re-T13-",
    "P06-to,ta-C11-",
    "P22-to,ca-C9-",
    "T04-ca,to-H13-",
    "T16-ca,to-H13-"
  ],
  "rth": "t1:43,t3:43,t6:43,t7:43"
}