{
  "sid": "GR111",
  "idx": 2,
  "sh": -1,
  "t": "Alpha",
  "rh": -1,
  "ll": {
    "lat": -22.598898,
    "long": 170.110306
  },
  "pa": null,
  "pp": null,
  "pe": null,
  "og": "ACEFGHINPQ",
  "ao": [
    "A12-to,ur-C4-",
    "A13-ca-H1-",
    "A20-or,ur-T4-",
    "C01-to,ur-C4-",
    "C13-to,re-C1-",
    "E04-ca,re-H7-",
    "F07-ur,ur-B2-",
    "F14-ur,ca-B3-",
    "G02-ca,ur-H3-",
    "H04-ca,ca-H2-",
    "I07-ur,ca-B3-",
    "I18-ur,to-B6-",
    "N04-ca,re-H7-",
    "P01-or,to-T6-",
    "P05-or,ca-T5-",
    "Q06-ta,or-L5-",
    "Q14-ta,ca-L3-",
    "Q22-ta,ta-L2-"
  ]
}