{
  "sid": "GR179",
  "idx": 3,
  "sh": 43,
  "t": "Beta",
  "rh": 167,
  "ll": {
    "lat": 52.932083,
    "long": -23.634287
  },
  "pa": "p1,p11,p12,p14,p15,p16,p17,p18,p19,p2,p20,p21,p24,p26,p27,p28,p31,p33,p34,p36,p37,p39,p40,p41,p5,p6,p8,t2,t5",
  "pp": "p10,p13,p22,p23,p25,p29,p3,p30,p32,p35,p38,p4,p42,p7,p9,t1,t3,t4,t6,t7,t8",
  "pe": null,
  "og": "AHIJKMOP",
  "ao": [
    "A03-ca,to-H14-",
    "H10-or-T7-",
    "I08-to,to-C8-",
    "J10-or,re-T13-",
    "K22-to,ta-C11-",
    "K26-to-C7-",
    "M01-or-T7-",
    "O01-or,re-T13-",
    "P22-to,ca-C9-",
    "P26-to,re-C13-"
  ]
}