{
  "sid": "GR353",
  "idx": 1,
  "sh": -1,
  "t": "Alpha",
  "rh": -1,
  "ll": null,
  "pa": null,
  "pp": null,
  "pe": null,
  "og": "ABCDEFKLMNQ",
  "ao": [
    "A10-to,to-C2-",
    "A16-ca,ta-H4-",
    "A19-or,ca-T3-",
    "B04-to,ca-C3-",
    "B14-to,ta-C5-",
    "C08-to,to-C2-",
    "C11-to,or-C6-",
    "D08-or,ta-T5-",
    "D11-or,to-C6-",
    "E07-ca,to-H6-",
    "F03-ur,re-B1-",
    "F22-ur,or-B5-",
    "K03-or-T1-",
    "K22-to,or-C6-",
    "L07-ca,to-H6-",
    "M06-ta,ta-L6-",
    "M12-ta,ur-L4-",
    "M24-ta,re-L7-",
    "N07-ca,to-H6-",
    "Q04-ta,ca-L3-",
    "Q22-ta,ta-L2-",
    "Q28-ta,ta-L6-"
  ]
}