{
  "sid": "GR284",
  "idx": 3,
  "sh": 183,
  "t": "Beta",
  "rh": 302,
  "ll": {
    "lat": -2.974376,
    "long": -128.414917
  },
  "pa": "p1,p10,p12,p13,p14,p16,p18,p19,p22,p23,p24,p26,p27,p28,p3,p31,p32,p33,p34,p36,p37,p38,p4,p40,p41,p42,p7,p9,t1,t4,t6,t8",
  "pp": "p11,p15,p17,p2,p20,p21,p25,p29,p30,p35,p39,p5,p6,p8,t2,t3,t5,t7",
  "og": "ACEMOQR",
  "ao": [
    "A02-ca,to-H15-",
    "C11-ta,ta-L9-",
    "C23-ta,ca-L10-",
    "E07-or,re-T13-",
    "E11-to,to-C8-",
    "M02-or-T7-",
    "O02-or,re-T13-",
    "Q05-or,ur-T10-",
    "R07-ca,re-H14-",
    "R11-ca,ca-H9-"
  ],
  "rth": "t2:303,t3:303,t5:302,t7:304"
}