{
  "sid": "GR014",
  "idx": 1,
  "sh": 151,
  "t": "Gamma",
  "rh": -1,
  "ll": {
    "lat": 60.73185,
    "long": -24.159771
  },
  "pa": null,
  "pp": null,
  "pe": null,
  "og": "ABFGIJLMOPQR",
  "ao": [
    "A04-ur,to-B18-",
    "A19-ur,ur-B14-",
    "A22-ur,to-B18-",
    "B04-ur,to-B18-",
    "B19-ur,to-B18-",
    "B22-ur,to-B18-",
    "F08-or,ca-T16-",
    "F09-or,or-T15-",
    "F10-or-T14-",
    "G03-or,re-T20-",
    "G13-or,to-T19-",
    "I05-ur,re-B19-",
    "I09-ur,ta-B16-",
    "I16-ur,or-B17-",
    "J03-ca,or-H21-",
    "J05-ca,ta-H20-",
    "L03-or,ta-T18-",
    "L08-or,ta-T18-",
    "L14-or,re-T20-",
    "M03-to,ur-C17-",
    "M08-to,ca-C16-",
    "M10-to,ta-C18-",
    "O05-ca,to-H17-",
    "O07-ca,ca-H18-",
    "P04-to,or-C19-",
    "P22-to,or-C19-",
    "Q05-ca,re-H21-",
    "Q07-ca,ta-H20-",
    "R06-to,or-C19-",
    "R13-to,ur-C17-",
    "R15-to,or-C19-"
  ]
}