{
  "sid": "GS193",
  "idx": 1,
  "sh": 165,
  "t": "Bowl",
  "rh": -1,
  "ll": {
    "lat": -26.228455,
    "long": -75.500862
  },
  "pa": "c2,c3,c5,c8,p11,p13,p14,p16,p17,p20,p21,p23,p24,p25,p26,p31,p6,p7,p8,p9,py11,py12,py15,py16,py2,py3,py5,py6,py8,py9,t10,t11,t12,t13,t14,t15,t8,t9",
  "pp": "c1,c4,c6,c7,p1,p10,p12,p18,p19,p2,p22,p27,p28,p29,p3,p30,p32,p33,p4,p5,py1,py10,py13,py14,py4,py7,t1,t2,t3,t4,t5,t6,t7",
  "og": "ABCD",
  "ao": [
    "A05-re,ca-#15-",
    "B01-or,ca-#13-",
    "C07-or,to-#18-",
    "D04-or,ta-#22-"
  ],
  "rth": "t1:296,t2:284,t3:315,t4:315,t5:35,t6:341,t7:314"
}