{
  "sid": "GR130",
  "idx": 1,
  "sh": 247,
  "t": "Beta",
  "rh": 7,
  "ll": {
    "lat": 7.534891,
    "long": 128.832611
  },
  "pa": "p10,p16,p17,p18,p19,p2,p21,p22,p23,p24,p25,p26,p27,p28,p29,p3,p30,p31,p33,p34,p35,p36,p37,p38,p4,p42,p5,p6,p7,p8,t2,t3,t5",
  "pp": "p1,p11,p12,p13,p14,p15,p20,p32,p39,p40,p41,p9,t1,t4,t6,t7,t8",
  "pe": null,
  "og": "FHLMPT",
  "ao": [
    "F08-ca,re-H16-",
    "H07-or,ur-T10-",
    "L02-or,ur-T10-",
    "M01-or-T7-",
    "P07-to,or-C12-",
    "P13-to,ca-C9-",
    "T06-ca,ta-H11-",
    "T15-ca,re-H14-"
  ]
}