{
  "sid": "GR108",
  "idx": 2,
  "sh": 292,
  "t": "Alpha",
  "rh": -1,
  "ll": {
    "lat": 36.278057,
    "long": -37.948723
  },
  "pa": "t12,p21,p22,t10,p6,t1,p4,p1,p35,t9,p39,p8,p11,p33,p12,P35,p13,p14,t7,p9,p18,p34,p19,p30,p20",
  "pp": "t5,t4,p32,t11,p29,p23,t3,p5,t2,p7,p2,p3,p24,t8,p25,p26,p10,p37,p15,t6,p16,p17,p28,p27",
  "pe": "p31,p38",
  "og": "ACDEFHIJKMNP",
  "ao": [
    "A03-ta,ta-L6-",
    "A14-ca,ca-H2-",
    "A20-or,ur-T4-",
    "C04-to,ca-C3-",
    "C13-to,re-C1-",
    "D04-or,ca-T3-",
    "D13-or,to-T6-",
    "E09-ca-H1-",
    "F07-ur,ur-B2-",
    "F19-ur,or-B5-",
    "H05-ca-H1-",
    "I01-ur,re-B1-",
    "I07-ur,ca-B3-",
    "J06-ca,or-H5-",
    "K07-or,ca-T3-",
    "K19-to,ur-C4-",
    "M09-ta-L1-",
    "M19-ta,ca-L3-",
    "M22-ta,ta-L6-",
    "N09-ca-H1-",
    "P01-or,to-T6-",
    "P13-or-T1-"
  ]
}