{
  "sid": "GR071",
  "idx": 2,
  "sh": -1,
  "t": "Gamma",
  "rh": -1,
  "ll": null,
  "pa": null,
  "pp": null,
  "pe": null,
  "og": "ABDEFHKMNRS",
  "ao": [
    "A02-ur-B13-",
    "A03-ur,re-B19-",
    "B02-ur,re-B19-",
    "B03-ur,re-B19-",
    "D14-ta-L15-",
    "E07-ca,to-H17-",
    "F03-or,ca-T16-",
    "F13-or,ca-T16-",
    "H15-ta,or-L19-",
    "H21-ta-L15-",
    "H30-ta-L15-",
    "H48-ta,ur-L18-",
    "H56-ta-L15-",
    "K03-or,or-T15-",
    "K12-or,ca-T16-",
    "M02-to,re-C20-",
    "M12-to,to-C15-",
    "N03-or,ca-T16-",
    "N12-or,ca-T16-",
    "R18-ca,to-H17-",
    "R24-to,or-C19-",
    "S05-ca,ur-H19-"
  ]
}