{
  "sid": "GR133",
  "idx": 2,
  "sh": 252,
  "t": "Alpha",
  "rh": 12,
  "ll": {
    "lat": 21.003735,
    "long": -173.533142
  },
  "pa": "p1,p11,p12,p16,p17,p21,p22,p23,p24,p25,p3,p31,p32,p34,p35,p36,p37,p38,p40,p41,p42,p5,p6,p8,t10,t12,t2,t3,t4",
  "pp": "p10,p13,p14,p15,p18,p19,p2,p20,p26,p27,p28,p29,p30,p33,p7,p9,t1,t11,t4,t5,t6,t7,t8,t9",
  "pe": "p39,p4",
  "og": "AFGHILMNO",
  "ao": [
    "A01-ta-L1-",
    "A08-ur,ta-B4-",
    "A13-ca-H1-",
    "F01-ur,re-B1-",
    "F21-ur,to-B6-",
    "G02-ca,ur-H3-",
    "H03-ca,ur-H3-",
    "I08-ur,ur-B2-",
    "I11-ur,ta-B4-",
    "L05-ca,to-H6-",
    "M03-ta,ca-L3-",
    "M04-ta,ur-L4-",
    "M17-ta-L1-",
    "N05-ca,to-H6-",
    "O01-or-T1-",
    "O11-or,ta-T5-"
  ],
  "rth": "t5:12"
}