{
  "sid": "GR178",
  "idx": 1,
  "sh": 159,
  "t": "Alpha",
  "rh": 284,
  "ll": {
    "lat": 44.408997,
    "long": 50.945045
  },
  "pa": "p32,p31,p21,p35,p26,p41,p27,p24,p8,p10,p11,p33,p36,p13,p14,p15,p16,p34,p17,p30,p20,t12,p22,t11,t8,t9,t1,p5,t3,p4,p3,p1",
  "pp": "p29,p25,p28,p9,p37,p12,p19,p18,t5,t4,t10,t7,t6,t2,p6,p2,p7,p23",
  "pe": "p39,p40,p38",
  "og": "ACFHIJKLMQ",
  "ao": [
    "A03-ta,ta-L6-",
    "A11-to,ca-C3-",
    "A16-ca,ta-H4-",
    "C01-to,ur-C4-",
    "C07-to,ta-C5-",
    "F15-ur,ta-B4-",
    "F17-ur,to-B6-",
    "H04-ca,ca-H2-",
    "I09-ur,or-B5-",
    "I14-ur,or-B5-",
    "J04-ca,to-H6-",
    "K15-ca,or-H5-",
    "K17-to,re-C1-",
    "L02-ca,ta-H4-",
    "M09-ta-L1-",
    "M20-ta,ur-L4-",
    "M24-ta,re-L7-",
    "Q04-ta,ca-L3-",
    "Q08-ta,re-L7-",
    "Q24-ta,ur-L4-"
  ]
}