{
  "sid": "GR403",
  "idx": 1,
  "sh": -1,
  "t": "Alpha",
  "rh": -1,
  "ll": null,
  "pa": null,
  "pp": null,
  "pe": null,
  "og": "ACDEGIKLNO",
  "ao": [
    "A01-ta-L1-",
    "A10-to,to-C2-",
    "A18-or,or-T2-",
    "C03-to,ca-C3-",
    "C11-to,or-C6-",
    "D03-or,ur-T4-",
    "D03-or,to-T4-",
    "E05-ca,to-H6-",
    "G02-ca,ur-H3-",
    "I06-ur,ca-B3-",
    "I15-ur,or-B5-",
    "K06-or,or-T2-",
    "K21-to,or-C6-",
    "L05-ca,to-H6-",
    "N05-ca,to-H6-",
    "O01-or-T1-",
    "O12-or,to-T6-"
  ]
}