{
  "sid": "GR289",
  "idx": 3,
  "sh": 74,
  "t": "Alpha",
  "rh": 196,
  "ll": {
    "lat": -14.673106,
    "long": 45.045238
  },
  "pa": "p1,p11,p13,p14,p16,p17,p19,p2,p22,p23,p25,p27,p29,p3,p30,p31,p32,p33,p34,p38,p39,p4,p40,p41,p42,p6,p8,p9,t1,t10,t12,t6,t8",
  "pp": "p10,p12,p15,p18,p20,p21,p24,p26,p28,p35,p36,p37,p5,p7,t11,t2,t3,t4,t5,t7,t9",
  "og": "CFHIJMNP",
  "ao": [
    "C04-to,ca-C3-",
    "C07-to,ta-C5-",
    "F09-ur,ca-B3-",
    "F18-ur,to-B6-",
    "H01-ca,ta-H4-",
    "I09-ur,or-B5-",
    "I19-ur,or-B5-",
    "J02-ca,re-H7-",
    "M04-ta,ur-L4-",
    "M09-ta-L1-",
    "M19-ta,ca-L3-",
    "N01-ca,ur-H3-",
    "P02-or,to-T6-",
    "P05-or,ta-T5-"
  ],
  "rth": "t2:196,t3:196,t4:196,t5:196,t7:196,t9:196,t11:196"
}