{
  "sid": "GR134",
  "idx": 1,
  "sh": 320,
  "t": "Beta",
  "rh": -1,
  "ll": {
    "lat": -28.011414,
    "long": 148.298447
  },
  "pa": "t8,p16,p18,p19,p27,p29,p30,p31,p33,p34,t3,t4,p2,p41,p23,p25,p28,p38,p35,p37,p36,p40,p5,p10,p11,p13,p21,p14",
  "pp": "t5,t6,t7,p12,p15,p17,p20,t1,t2,p1,p22,p24,p32,p39,p3,p4,p6,p7,p9,p26,p8",
  "pe": null,
  "og": "EIMNOST",
  "ao": [
    "E13-to,ur-C10-",
    "E17-ur,ta-B10-",
    "I02-ca,ur-C10-",
    "M03-or,or-T8-",
    "N01-ta,to-L13-",
    "N23-ta,re-L14-",
    "O03-or,re-T13-",
    "S03-or,re-T13-",
    "T04-ca,to-H13-",
    "T12-ca,ta-H11-"
  ]
}