{
  "sid": "GR159",
  "idx": 1,
  "sh": 247,
  "t": "Alpha",
  "rh": 9,
  "ll": {
    "lat": -17.390842,
    "long": -104.857132
  },
  "pa": "p1,p11,p12,p14,p18,p19,p20,p21,p22,p29,p31,p34,p35,p36,p37,p38,p39,p4,p41,p42,p5,p6,p7,p8,p9,t12,t2,t3,t6,t8",
  "pp": "p10,p13,p15,p16,p17,p23,p24,p25,p26,p27,p28,p30,p32,p33,p40,t10,t11,t4,t5,t7,t9",
  "og": "ABDFIJKLNOP",
  "ao": [
    "A06-ur,ur-B2-",
    "A10-to,to-C2-",
    "A14-ca,ca-H2-",
    "B04-to,ca-C3-",
    "B06-to,re-C1-",
    "D04-or,ca-T3-",
    "D11-to,or-C6-",
    "F19-ur,or-B5-",
    "F21-ur,to-B6-",
    "I01-ur,re-B1-",
    "I15-ur,or-B5-",
    "J03-ca,ur-H3-",
    "K19-to,ur-C4-",
    "K21-to,or-C6-",
    "L04-ca,re-H7-",
    "N04-ca,re-H7-",
    "O01-or-T1-",
    "O10-or,ur-T4-",
    "P04-or,ta-T5-",
    "P13-or-T1-"
  ],
  "rth": "t5:9"
}