{
  "sid": "GR177",
  "idx": 2,
  "sh": 54,
  "t": "Alpha",
  "rh": 177,
  "ll": {
    "lat": 5.42248,
    "long": 34.929607
  },
  "pa": "p1,p13,p14,p15,p16,p17,p18,p24,p25,p26,p3,p30,p31,p32,p33,p34,p36,p39,p4,p41,p6,p8,p9,t10,t12,t2,t3,t8",
  "pp": "p10,p11,p12,p19,p2,p20,p21,p23,p27,p28,p29,p35,p37,p40,p5,p7,t1,t11,t4,t5,t6,t7,t9",
  "pe": "p22,p38",
  "og": "BCDEFILMNP",
  "ao": [
    "B04-to,ca-C3-",
    "B05-to,to-C2-",
    "C01-to,ur-C4-",
    "C11-to,or-C6-",
    "D01-to,or-C6-",
    "D11-to,or-C6-",
    "E05-ca,to-H6-",
    "F15-ur,ta-B4-",
    "F22-ur,or-B5-",
    "I14-ur,or-B5-",
    "I15-ur,or-B5-",
    "L05-ca,to-H6-",
    "M12-ta,ur-L4-",
    "M18-ta,ta-L2-",
    "M20-ta,ur-L4-",
    "N05-ca,to-H6-",
    "P04-or,ta-T5-",
    "P09-or,ur-T4-"
  ]
}