{
  "sid": "GR340",
  "idx": 2,
  "sh": -1,
  "t": "Alpha",
  "rh": -1,
  "ll": null,
  "pa": null,
  "pp": null,
  "pe": null,
  "og": "CFJKLMNOQ",
  "ao": [
    "C02-to,ur-C4-",
    "C06-to,ta-C5-",
    "F13-ur,ca-B3-",
    "F20-ur,or-B5-",
    "J05-ca,ta-H4-",
    "K13-ca-H1-",
    "K20-to,ta-C5-",
    "L06-ca,re-H7-",
    "M05-ta,or-L5-",
    "M12-ta,ur-L4-",
    "M17-ta-L1-",
    "N06-ca,re-H7-",
    "O02-or,or-T2-",
    "O09-or,ca-T3-",
    "Q07-ta,ta-L6-",
    "Q26-ta,ta-L6-",
    "Q28-ta,ta-L6-"
  ]
}