{
  "sid": "GR172",
  "idx": 2,
  "sh": -1,
  "t": "Alpha",
  "rh": -1,
  "ll": {
    "lat": 8.263453,
    "long": 82.77124
  },
  "pa": null,
  "pp": null,
  "pe": null,
  "og": "BCEFJKMOPQ",
  "ao": [
    "B02-to,to-C2-",
    "B15-to,ur-C4-",
    "C01-to,ur-C4-",
    "C13-to,re-C1-",
    "E04-ca,re-H7-",
    "F04-ur,re-B1-",
    "F14-ur,ca-B3-",
    "J04-ca,to-H6-",
    "K04-or-T1-",
    "K14-ca,or-H5-",
    "M06-ta,ta-L6-",
    "M10-ta,ta-L2-",
    "M11-ta,ca-L3-",
    "O04-or,ur-T4-",
    "O06-or,to-T6-",
    "P01-or,to-T6-",
    "P05-or,ca-T5-",
    "Q08-ta,re-L7-",
    "Q14-ta,ca-L3-",
    "Q22-ta,ta-L2-"
  ]
}