{
  "sid": "GR395",
  "idx": 1,
  "sh": 0,
  "t": "Gamma",
  "rh": 0,
  "ll": null,
  "pa": null,
  "pp": null,
  "pe": null,
  "og": "CDEFHLOPS",
  "ao": [
    "C04-to,ur-C17-",
    "C08-to,or-C19-",
    "D12-ta,to-L20-",
    "E04-ca,ur-H19-",
    "F08-or,ca-T16-",
    "F09-or,or-T15-",
    "H22-ta,ta-L16-",
    "H33-ta,to-L20-",
    "H36-ta,ca-L17-",
    "H47-ta,or-L19-",
    "H48-ta,ur-L18-",
    "L04-or,to-T19-",
    "L08-or,ta-T18-",
    "O03-ca,to-H17-",
    "P24-to,ur-C17-",
    "S07-ca,ta-H20-"
  ]
}