{
  "sid": "GR066",
  "idx": 2,
  "sh": 188,
  "t": "Alpha",
  "rh": 309,
  "ll": {
    "lat": -11.931259,
    "long": 127.297394
  },
  "pa": "p1,p10,p11,p12,p13,p14,p18,p19,p20,p22,p23,p26,p29,p30,p31,p32,p33,p35,p36,p38,p4,p40,p41,p42,p5,p6,p7,p8,t1,t12,t7,t8,t9",
  "pp": "p15,p16,p17,p2,p21,p24,p25,p27,p28,p3,p34,p37,p9,t10,t11,t2,t3,t4,t5,t6",
  "pe": "p39",
  "og": "CDFGHIJMO",
  "ao": [
    "C03-to,ca-C3-",
    "C06-to,ta-C5-",
    "D03-or,ur-T4-",
    "D06-to,or-C6-",
    "F10-ur,ca-B3-",
    "F21-ur,to-B6-",
    "G02-ca,ur-H3-",
    "H03-ca,ur-H3-",
    "I08-ur,ur-B2-",
    "I10-ur,ta-B4-",
    "J05-ca,ta-H4-",
    "M04-ta,ur-L4-",
    "M14-ta,ta-L6-",
    "M21-ta,or-L5-",
    "O01-or-T1-",
    "O12-or,to-T6-"
  ],
  "rth": "t2:309,t3:309,t4:309,t5:309,t6:308,t10:309,t11:309"
}