{
  "sid": "GR063",
  "idx": 1,
  "sh": -1,
  "t": "Alpha",
  "rh": -1,
  "og": "AEGHIJLMNOPQ",
  "ao": [
    "A03-ta,ta-L6-",
    "A11-to,ca-C3-",
    "A17-or-T1-",
    "E07-ca,to-H6-",
    "G01-ca,ca-H2-",
    "H05-ca-H1-",
    "I10-ur,ta-B4-",
    "I13-ur,or-B5-",
    "J06-ca,or-H5-",
    "L07-ca,to-H6-",
    "M09-ta-L1-",
    "M14-ta,ta-L6-",
    "M20-ta,ur-L4-",
    "N07-ca,to-H6-",
    "O09-or,ca-T3-",
    "O12-or,to-T6-",
    "P02-or,to-T6-",
    "P10-or,or-T2-",
    "Q07-ta,ta-L6-",
    "Q15-ta,ur-L4-",
    "Q21-ta,ta-L2-"
  ]
}