{
  "sid": "GR205",
  "idx": 2,
  "sh": -1,
  "t": "Alpha",
  "rh": -1,
  "ll": {
    "lat": -24.760464,
    "long": 154.184219
  },
  "og": "CEFIJKLOP",
  "ao": [
    "C04-to,ca-C3-",
    "C12-to,or-C6-",
    "E01-ca,ur-H3-",
    "F12-ur,ta-B4-",
    "F19-ur,or-B5-",
    "I01-ur,re-B1-",
    "I17-ur,to-B6-",
    "J01-ca-H1-",
    "K12-ca,ta-H4-",
    "K19-to,ur-C4-",
    "L01-ca,ur-H3-",
    "O10-or,ur-T4-",
    "O15-or,or-T2-",
    "P12-or-T1-",
    "P13-or-T1-"
  ]
}