{
  "sid": "GR520",
  "idx": 2,
  "sh": -1,
  "t": "Gamma",
  "rh": -1,
  "ll": {
    "lat": 27.325459,
    "long": -50.094551
  },
  "og": "ABCDFGHJMOPRS",
  "ao": [
    "A04-ur,to-B18-",
    "A12-ur,re-B19-",
    "A25-ur,ca-B15-",
    "B04-ur,to-B18-",
    "B12-ur,re-B19-",
    "B25-ur,ca-B15-",
    "C03-to,ta-C18-",
    "C07-to,ta-C18-",
    "C15-to,ca-C16-",
    "D03-ta,ur-L18-",
    "D11-ca,or-H21-",
    "F03-or,ca-T16-",
    "F10-or-T14-",
    "F12-or,ur-T17-",
    "G05-or,ta-T18-",
    "G13-or,to-T19-",
    "H02-ta-L15-",
    "H06-ta,or-L19-",
    "H11-ta,or-L19-",
    "H42-ta,ur-L18-",
    "H47-ta,or-L19-",
    "H48-ta,ur-L18-",
    "H52-ta,or-L19-",
    "J04-ca,ca-H18-",
    "J05-ca,ta-H20-",
    "M02-to,re-C20-",
    "M10-to,ta-C18-",
    "M12-to,to-C15-",
    "O02-ca,ta-H20-",
    "O05-ca,to-H17-",
    "P04-to,or-C19-",
    "P12-to,re-C20-",
    "P25-to,ca-C16-",
    "R02-to,to-C15-",
    "R12-to,ca-C16-",
    "R24-to,or-C19-",
    "S03-ca,to-H17-",
    "S08-ca,ta-H20-"
  ]
}