{
  "sid": "GR108",
  "idx": 2,
  "sh": 112,
  "t": "Alpha",
  "rh": 234,
  "ll": {
    "lat": 36.278057,
    "long": -37.948723
  },
  "pa": "p1,p11,p12,p13,p14,p18,p19,p20,p21,p22,p30,p31,p33,p34,p35,p36,p39,p4,p40,p41,p42,p6,p8,p9,t1,t10,t12,t7,t9",
  "pp": "p10,p15,p16,p17,p2,p23,p24,p25,p26,p27,p28,p29,p3,p32,p37,p5,p7,t11,t2,t3,t4,t5,t6,t8",
  "pe": "p38",
  "og": "ACDEFHIJKMNP",
  "ao": [
    "A03-ta,ta-L6-",
    "A14-ca,ca-H2-",
    "A20-or,ur-T4-",
    "C04-to,ca-C3-",
    "C13-to,re-C1-",
    "D04-or,ca-T3-",
    "D13-or,to-T6-",
    "E09-ca-H1-",
    "F07-ur,ur-B2-",
    "F19-ur,or-B5-",
    "H05-ca-H1-",
    "I01-ur,re-B1-",
    "I07-ur,ca-B3-",
    "J06-ca,or-H5-",
    "K07-or,ca-T3-",
    "K19-to,ur-C4-",
    "M09-ta-L1-",
    "M19-ta,ca-L3-",
    "M22-ta,ta-L6-",
    "N09-ca-H1-",
    "P01-or,to-T6-",
    "P13-or-T1-"
  ]
}