{
  "sid": "GR109",
  "idx": 3,
  "sh": 0,
  "t": "Alpha",
  "rh": 0,
  "ll": null,
  "pa": null,
  "pp": null,
  "pe": null,
  "og": "ADEIJKMO",
  "ao": [
    "A01-ta-L1-",
    "A09-to,re-C1-",
    "A13-ca-H1-",
    "D02-or,ta-C5-",
    "D04-or,ca-T3-",
    "E03-ca,or-H5-",
    "I11-ur,ta-B4-",
    "I13-ur,or-B5-",
    "J02-ca,re-H7-",
    "K01-or-T1-",
    "K13-ca-H1-",
    "M03-ta,ca-L3-",
    "M13-ta,or-L5-",
    "M17-ta-L1-",
    "O09-or,ca-T3-",
    "O11-or,ta-T5-"
  ]
}