{
  "sid": "GR177",
  "idx": 2,
  "sh": 0,
  "t": "Alpha",
  "rh": 0,
  "ll": null,
  "pa": null,
  "pp": null,
  "pe": null,
  "og": "BCDEFILMNP",
  "ao": [
    "B04-to,ca-C3-",
    "B05-to,to-C2-",
    "C01-to,ur-C4-",
    "C11-to,or-C6-",
    "D01-or,to-C6-",
    "D11-or,to-C6-",
    "E05-ca,to-H6-",
    "F15-ur,ta-B4-",
    "F22-ur,or-B5-",
    "I14-ur,or-B5-",
    "I15-ur,or-B5-",
    "L05-ca,to-H6-",
    "M12-ta,ur-L4-",
    "M18-ta,ta-L2-",
    "M20-ta,ur-L4-",
    "N05-ca,to-H6-",
    "P04-or,ta-T5-",
    "P09-or,ur-T4-"
  ]
}