{
  "sid": "GR061",
  "idx": 3,
  "sh": 16,
  "t": "Beta",
  "rh": 138,
  "ll": {
    "lat": 0.152342,
    "long": -42.163006
  },
  "pa": "p10,p12,p13,p15,p16,p17,p18,p19,p2,p20,p21,p22,p24,p26,p28,p30,p31,p33,p34,p35,p36,p37,p38,p39,p4,p40,p41,p42,p7,p9,t1,t2,t3,t5",
  "pp": "p1,p11,p14,p23,p25,p27,p29,p3,p32,p5,p6,p8,t4,t6,t7,t8",
  "og": "ADFLS",
  "ao": [
    "A02-ca,to-H15-",
    "D12-ca-H8-",
    "F05-ca,re-H14-",
    "L05-or,re-T12-",
    "S02-or,re-T12-"
  ],
  "rth": "t4:138,t6:136,t7:138,t8:138"
}