{
  "sid": "GR322",
  "idx": 2,
  "sh": -1,
  "t": "Gamma",
  "rh": -1,
  "ll": null,
  "pa": null,
  "pp": null,
  "pe": null,
  "og": "ABCEFGKLMOPQRS",
  "ao": [
    "A17-ur,ur-B14-",
    "A25-ur,ca-B15-",
    "B17-ur,ur-B14-",
    "B25-ur,ca-B15-",
    "C05-to-C14-",
    "C07-to,ta-C18-",
    "E01-ca,ur-H19-",
    "F07-or,ur-T17-",
    "F12-or,ur-T17-",
    "G09-or,ta-T18-",
    "K07-or,ca-T16-",
    "K12-or,ca-T16-",
    "L05-or,re-T20-",
    "L07-or,ur-T17-",
    "M02-to,re-C20-",
    "M07-to,or-C19-",
    "O01-ca,ur-H19-",
    "P17-to,to-C15-",
    "P25-to,ca-C16-",
    "Q01-ca,ur-H19-",
    "R02-to,to-C15-",
    "R19-to-C14-",
    "S04-ca,to-H17-"
  ]
}