{
  "sid": "GR397",
  "idx": 1,
  "sh": -1,
  "t": "Gamma",
  "rh": -1,
  "og": "ABCDEFGHIJKLMP",
  "ao": [
    "A13-ur,to-B18-",
    "A21-ur,re-B19-",
    "B13-ur,to-B18-",
    "B21-ur,re-B19-",
    "C09-to,ur-C17-",
    "C13-to,re-C20-",
    "D04-ta,ca-L17-",
    "E09-ca,to-H17-",
    "F13-or,ca-T16-",
    "F14-or,or-T15-",
    "G12-or,re-T20-",
    "H01-ta,re-L21-",
    "H02-ta-L15-",
    "H18-ta,ta-L16-",
    "H29-ta-L15-",
    "H46-ta,to-L20-",
    "I04-ur,to-B18-",
    "I06-ur-B13-",
    "J07-ca,or-H21-",
    "K13-or,or-T15-",
    "K15-or,re-T20-",
    "L09-or,to-T19-",
    "L12-or,ta-T18-",
    "M05-to-C14-",
    "M13-to,to-C15-",
    "P13-to,or-C19-",
    "P21-to,re-C20-"
  ]
}