{
  "sid": "GR398",
  "idx": 2,
  "sh": 50,
  "t": "Beta",
  "rh": 172,
  "ll": {
    "lat": -59.669399,
    "long": -3.870674
  },
  "pa": "p1,p10,p11,p14,p16,p17,p18,p21,p22,p24,p26,p27,p28,p29,p3,p30,p32,p33,p34,p36,p38,p4,p40,p41,p5,p6,p9,t3,t4,t5,t7",
  "pp": "p12,p13,p15,p19,p2,p20,p23,p25,p31,p35,p37,p39,p42,p7,p8,t1,t2,t6,t8",
  "og": "BCGJKPS",
  "ao": [
    "B06-or,ta-T11-",
    "C20-ta,ta-L9-",
    "C23-ta,ca-L10-",
    "G04-ca,re-H14-",
    "G07-ca,to-H13-",
    "J03-or,or-T8-",
    "K02-to,re-C13-",
    "K06-to,ca-C9-",
    "P02-to,re-C13-",
    "P06-to,ta-C11-",
    "S03-or,re-T13-"
  ],
  "rth": "t1:172,t2:171,t6:171,t8:172"
}