{
  "sid": "GR306",
  "idx": 2,
  "sh": 0,
  "t": "Alpha",
  "rh": 0,
  "ll": null,
  "pa": null,
  "pp": null,
  "pe": null,
  "og": "ABCDEFGILNOP",
  "ao": [
    "A11-to,ca-C3-",
    "A13-ca-H1-",
    "A15-ca,ur-H3-",
    "A19-or,ca-T3-",
    "B03-to,re-C1-",
    "B05-to,to-C2-",
    "B15-to,ur-C4-",
    "C01-to,ur-C4-",
    "C04-to,ca-C3-",
    "C13-to,re-C1-",
    "D01-or,to-C6-",
    "D04-or,ca-T3-",
    "D13-or,to-T6-",
    "E02-ca,ta-H4-",
    "E09-ca-H1-",
    "F01-ur,re-B1-",
    "F04-ur,re-B1-",
    "F14-ur,ca-B3-",
    "G01-ca,ca-H2-",
    "G02-ca,ur-H3-",
    "I04-ur,re-B1-",
    "I11-ur,ta-B4-",
    "I18-ur,to-B6-",
    "L02-ca,ta-H4-",
    "L09-ca-H1-",
    "N02-ca,ta-H4-",
    "N09-ca-H1-",
    "O06-or,to-T6-",
    "O11-or,ta-T5-",
    "O19-or,ta-T5-",
    "P09-or,ur-T4-",
    "P10-or,or-T2-",
    "P13-or-T1-"
  ]
}