{
  "sid": "GR109",
  "idx": 3,
  "sh": 37,
  "t": "Alpha",
  "rh": -1,
  "ll": {
    "lat": -13.151263,
    "long": 145.258408
  },
  "pa": "p1,p10,p11,p12,p14,p15,p16,p25,p26,p28,p29,p3,p30,p31,p32,p34,p35,p39,p4,p7,p8,p9,t10,t11,t12,t2,t3",
  "pp": "p13,p17,p18,p19,p2,p20,p21,p23,p24,p27,p33,P35,p37,p38,p5,p6,t1,t4,t5,t6,t7,t8,t9",
  "pe": null,
  "og": "ADEIJKMO",
  "ao": [
    "A01-ta-L1-",
    "A09-to,re-C1-",
    "A13-ca-H1-",
    "D02-to,ta-C5-",
    "D04-or,ca-T3-",
    "E03-ca,or-H5-",
    "I11-ur,ta-B4-",
    "I13-ur,or-B5-",
    "J02-ca,re-H7-",
    "K01-or-T1-",
    "K13-ca-H1-",
    "M03-ta,ca-L3-",
    "M13-ta,or-L5-",
    "M17-ta-L1-",
    "O09-or,ca-T3-",
    "O11-or,ta-T5-"
  ]
}