{
  "sid": "GR269",
  "idx": 1,
  "sh": 6,
  "t": "Gamma",
  "rh": 48,
  "ll": {
    "lat": 63.340961,
    "long": 164.126022
  },
  "pa": "p2,p13,p5,p3",
  "pp": "p9,p16,t4,p17,p18,p11,p8,p19,p14,t6,p20,p4,p21",
  "pe": "p1",
  "og": "DEFGKLNOP",
  "ao": [
    "D01-ta,or-H21-",
    "E01-ca,ur-H19-",
    "F06-or,ta-T18-",
    "F09-or,or-T15-",
    "G09-or,ta-T18-",
    "K11-or,ur-T17-",
    "K14-or-T14-",
    "L02-or,ur-T17-",
    "L04-or,to-T19-",
    "N11-or,or-T15-",
    "N13-or,ur-T17-",
    "O02-ca,ta-H20-",
    "P15-to,ur-C17-",
    "P27-to-C14-"
  ]
}