{
  "sid": "GR287",
  "idx": 1,
  "sh": 116,
  "t": "Gamma",
  "rh": -1,
  "ll": {
    "lat": 38.048756,
    "long": -48.850998
  },
  "pa": "p2,p31",
  "pp": "p12,p16,p17,p25,p9",
  "og": "ACFGLNPS",
  "ao": [
    "A05-ur,or-B17-",
    "A13-ur,to-B18-",
    "C14-to,ca-C16-",
    "C15-to,ca-C16-",
    "F10-or-T14-",
    "F15-or-T14-",
    "G08-or,to-T19-",
    "L13-or,to-T19-",
    "L14-or,re-T20-",
    "N01-or-T14-",
    "N02-or,or-T15-",
    "P05-to,ta-C18-",
    "P13-to,or-C19-",
    "S01-ca,ca-H18-"
  ]
}