{
  "sid": "GR021",
  "idx": 1,
  "sh": 328,
  "t": "Beta",
  "rh": 88,
  "ll": {
    "lat": 49.74485,
    "long": -63.096291
  },
  "pa": "p1,p14,p16,p17,p18,p19,p2,p20,p21,p22,p24,p27,p3,p30,p31,p32,p33,p35,p36,p37,p4,p40,p41,p42,p6,p7,t4,t6",
  "pp": "p10,p11,p12,p13,p15,p23,p25,p26,p28,p29,p34,p38,p39,p5,p8,p9,t1,t2,t3,t5,t7,t8",
  "pe": null,
  "og": "GJLMORSU",
  "ao": [
    "G10-ca,re-H14-",
    "G11-ca,ur-H10-",
    "J05-or,ca-T9-",
    "L06-or,re-T13-",
    "M02-or-T7-",
    "O02-or,re-T13-",
    "R03-ca,ur-H10-",
    "R08-to-C7-",
    "S02-or,re-T12-",
    "U02-ur,to-B12-",
    "U30-ur,ur-B8-",
    "U41-ur,or-B11-"
  ]
}