{
  "sid": "GR058",
  "idx": 1,
  "sh": 319,
  "t": "Beta",
  "rh": 80,
  "ll": {
    "lat": 9.20587,
    "long": 112.845139
  },
  "pa": "p1,p13,p16,p17,p18,p19,p2,p20,p21,p22,p23,p24,p25,p26,p27,p28,p3,p30,p32,p33,p34,p36,p38,p39,p41,p42,p5,p6,p8,p9,t1,t2,t8",
  "pp": "p10,p11,p12,p14,p15,p29,p31,p35,p37,p4,p40,p7,t3,t4,t5,t6,t7",
  "og": "BDIJKMT",
  "ao": [
    "B04-or,ca-T9-",
    "D04-ca,to-H13-",
    "I04-ca,re-H10-",
    "J05-or,ca-T9-",
    "K13-to,ta-C11-",
    "K24-to,ca-C9-",
    "M02-or-T7-",
    "T08-ca,to-H15-",
    "T16-ca,to-H13-"
  ],
  "rth": "t3:80,t4:80,t5:80,t7:80"
}