{
  "sid": "GR132",
  "idx": 1,
  "sh": 314,
  "t": "Beta",
  "rh": 75,
  "ll": {
    "lat": 27.031685,
    "long": -85.837418
  },
  "pa": "p10,p11,p14,p15,p16,p17,p18,p19,p2,p21,p22,p23,p24,p27,p29,p3,p30,p31,p33,p34,p35,p36,p37,p38,p39,p41,p6,p8,t3,t7,t8",
  "pp": "p1,p12,p13,p20,p25,p26,p28,p32,p4,p40,p42,p5,p7,p9,t1,t2,t4,t5,t6",
  "og": "ABEFHOR",
  "ao": [
    "A05-ca,to-H13-",
    "B04-or,ca-T9-",
    "E14-to,ta-C11-",
    "E18-ur,ca-B9-",
    "F04-ca,or-H12-",
    "H09-or,or-T8-",
    "O02-or,re-T13-",
    "R14-ur,ta-B10-",
    "R18-to,to-C8-"
  ],
  "rth": "t5:75"
}