{
  "sid": "GR107",
  "idx": 1,
  "sh": 279,
  "t": "Gamma",
  "rh": -1,
  "ll": {
    "lat": -1.78382,
    "long": 135.015274
  },
  "pa": null,
  "pp": null,
  "pe": null,
  "og": "CDEFHKOPQ",
  "ao": [
    "C03-to,ta-C18-",
    "C14-to,ca-C16-",
    "D14-ta-L15-",
    "E09-ca,to-H17-",
    "F03-or,ca-T16-",
    "F15-or-T14-",
    "H04-ta,ca-L17-",
    "H17-ta,ca-L17-",
    "H26-ta,to-L20-",
    "H29-ta-L15-",
    "H55-ta,ta-L16-",
    "K03-or,or-T15-",
    "K10-or,re-T20-",
    "O06-ca,or-H21-",
    "P12-to,re-C20-",
    "P14-to,ta-C18-",
    "Q09-ca,to-H17-"
  ]
}