{
  "sid": "GR023",
  "idx": 2,
  "sh": 215,
  "t": "Alpha",
  "rh": 157,
  "ll": {
    "lat": -36.850231,
    "long": 32.322792
  },
  "pa": "p38,p25,t9,p26,p6,t3,p4,p1,p7,p15,p36,p13,p14,p10,p9,p8,p35,t12,p32,p31,t4,p20,p30,p40,p29,p23,p11,p12,p16,p18,p34",
  "pp": "t10,t11,t8,p5,p3,t1,p2,t2,t6,t7,p37,p28,p21,t5,p22,p24,p27,p33,p17,p19",
  "pe": "p39",
  "og": "ABDEHIJKLNOP",
  "ao": [
    "A11-to,ca-C3-",
    "A16-ca,ta-H4-",
    "A20-or,ur-T4-",
    "B09-to,ur-C4-",
    "B14-to,ta-C5-",
    "D08-or,ta-T5-",
    "D13-or,to-T6-",
    "E09-ca-H1-",
    "H05-ca-H1-",
    "I03-ur,re-B1-",
    "I07-ur,ca-B3-",
    "J06-ca,or-H5-",
    "K03-or-T1-",
    "K07-or,ca-T3-",
    "L09-ca-H1-",
    "N09-ca-H1-",
    "O17-or,ur-T4-",
    "O20-or,to-T6-",
    "P01-or,to-T6-",
    "P06-or,ca-T3-"
  ]
}