{
  "sid": "GR255",
  "idx": 2,
  "sh": 0,
  "t": "Alpha",
  "rh": 0,
  "ll": null,
  "pa": null,
  "pp": null,
  "pe": null,
  "og": "ABCDFGJKLMOP",
  "ao": [
    "A05-ur,re-B1-",
    "A09-to,re-C1-",
    "A20-or,ur-T4-",
    "B04-to,ca-C3-",
    "B09-to,ur-C4-",
    "C11-to,or-C6-",
    "C13-to,re-C1-",
    "D11-or,to-C6-",
    "D13-or,to-T6-",
    "F07-ur,ur-B2-",
    "F22-ur,or-B5-",
    "G01-ca,ca-H2-",
    "J06-ca,or-H5-",
    "K07-or,ca-T3-",
    "K22-to,or-C6-",
    "L09-ca-H1-",
    "M01-ta-L1-",
    "M13-ta,or-L5-",
    "M22-ta,ta-L6-",
    "O18-or,ta-T5-",
    "O20-or,to-T6-",
    "P01-or,to-T6-",
    "P09-or,ur-T4-"
  ]
}