{
  "sid": "GR268",
  "idx": 2,
  "sh": 28,
  "t": "Alpha",
  "rh": 151,
  "ll": {
    "lat": 27.361343,
    "long": -9.508842
  },
  "pa": "p1,p10,p11,p14,p17,p18,p19,p20,p21,p22,p23,p24,p25,p26,p27,p28,p3,p31,p32,p33,p34,p37,p39,p4,p40,p6,p7,p8,t10,t11,t12,t5,t6,t7",
  "pp": "p12,p13,p15,p16,p2,p29,p30,p35,p41,p5,p9,t1,t2,t3,t4,t8,t9",
  "pe": "p36,p38",
  "og": "ADIJMNOP",
  "ao": [
    "A03-ta,ta-L6-",
    "A08-ur,ta-B4-",
    "A10-to,to-C2-",
    "D07-to,ta-C5-",
    "D11-to,or-C6-",
    "I08-ur,ur-B2-",
    "I09-ur,or-B5-",
    "J02-ca,re-H7-",
    "M04-ta,ur-L4-",
    "M09-ta-L1-",
    "M12-ta,ur-L4-",
    "N01-ca,ur-H3-",
    "O01-or-T1-",
    "O03-or,ca-T3-",
    "P02-or,to-T6-",
    "P04-or,ta-T5-"
  ]
}