{
  "sid": "GR093",
  "idx": 2,
  "sh": -1,
  "t": "Gamma",
  "rh": -1,
  "ll": null,
  "pa": null,
  "pp": null,
  "pe": null,
  "og": "ACDFGIJKLNOPQ",
  "ao": [
    "A16-ur,ca-B15-",
    "A23-ur,or-B17-",
    "C05-to-C14-",
    "C09-to,ur-C17-",
    "D13-ta,to-L20-",
    "F02-or,ur-T17-",
    "F14-or,or-T15-",
    "G14-or,ta-T18-",
    "I04-ur,to-B18-",
    "I14-ur,re-B19-",
    "J08-ca,to-H17-",
    "K07-or,ca-T16-",
    "K14-or-T14-",
    "L05-or,re-T20-",
    "L09-or,to-T19-",
    "N06-or,or-T15-",
    "N10-or-T14-",
    "O01-ca,ur-H19-",
    "P16-to,ca-C16-",
    "P23-to,ta-C18-",
    "Q06-ca,ca-H18-"
  ]
}