{
  "sid": "GR462",
  "idx": 1,
  "sh": -1,
  "t": "Alpha",
  "rh": -1,
  "ll": null,
  "pa": null,
  "pp": null,
  "pe": null,
  "og": "ABDEFGHKLOPQ",
  "ao": [
    "A14-ca,ca-H2-",
    "A17-or-T1-",
    "A20-or,ur-T4-",
    "B06-to,re-C1-",
    "B12-to,ur-C4-",
    "D03-or,ur-T4-",
    "D04-or,ca-T3-",
    "E07-ca,to-H6-",
    "F10-ur,ca-B3-",
    "F18-ur,to-B6-",
    "G01-ca,ca-H2-",
    "H05-ca-H1-",
    "K10-ca,or-H5-",
    "K18-to,to-C2-",
    "L07-ca,to-H6-",
    "O10-or,ur-T4-",
    "O12-or,to-T6-",
    "P05-or,ta-T5-",
    "P10-or,or-T2-",
    "Q05-ta,ur-L4-",
    "Q21-ta,ta-L2-",
    "Q22-ta,ta-L2-"
  ]
}