{
  "sid": "GR027",
  "idx": 1,
  "sh": -1,
  "t": "Gamma",
  "rh": -1,
  "ll": {
    "lat": 27.415854,
    "long": 120.901711
  },
  "pa": null,
  "pp": "p10",
  "pe": null,
  "og": "ABCFHIJLMNORS",
  "ao": [
    "A14-ur,or-B17-",
    "A27-ur-B13-",
    "B14-ur,or-B17-",
    "B27-ur-B13-",
    "C02-to,or-C19-",
    "C14-to,ca-C16-",
    "F06-or,ta-T18-",
    "F15-or-T14-",
    "H13-ta,re-L21-",
    "H14-ta,to-L20-",
    "H22-ta,ta-L16-",
    "H30-ta-L15-",
    "H32-ta,re-L21-",
    "I07-ur,ur-B14-",
    "I10-ur,or-B17-",
    "J04-ca,ca-H18-",
    "L02-or,ur-T17-",
    "L13-or,to-T19-",
    "M01-to,re-C20-",
    "M14-to-C14-",
    "N02-or,or-T15-",
    "N13-or,ur-T17-",
    "O02-ca,ta-H20-",
    "R11-to,to-C15-",
    "R23-to,ta-C18-",
    "S04-ca,to-H17-"
  ]
}