{
  "sid": "GR267",
  "idx": 1,
  "sh": 189,
  "t": "Alpha",
  "rh": 311,
  "ll": {
    "lat": 8.786351,
    "long": -117.978325
  },
  "pa": "p20,p31,p32,p21,p35,p22,p29,p24,p8,p9,p10,p14,p13,p36,p18,p30,t4,p40,t12,t11,p26,t8,p11,p33,p12,p6,t1,p1,p3,p4",
  "pp": "p23,p25,p27,p28,p37,p15,p16,p17,p34,p19,t5,t10,t9,t7,t6,p7,t3,p5,t2,p2",
  "pe": "p38,p39,p41",
  "og": "ACDEGHIJOPQ",
  "ao": [
    "A12-to,ur-C4-",
    "A15-ca,ur-H3-",
    "A16-ca,ta-H4-",
    "C01-to,ur-C4-",
    "C08-to,to-C2-",
    "D01-or,to-C6-",
    "D08-or,ta-T5-",
    "E08-ca,ca-H2-",
    "G01-ca,ca-H2-",
    "H05-ca-H1-",
    "I03-ur,re-B1-",
    "I18-ur,to-B6-",
    "J07-ca,ca-H2-",
    "O17-or,ur-T4-",
    "O19-or,ta-T5-",
    "P05-or,ca-T5-",
    "P06-or,ca-T3-",
    "Q04-ta,ca-L3-",
    "Q15-ta,ur-L4-",
    "Q25-ta,or-L5-"
  ]
}