{
  "sid": "GR063",
  "idx": 1,
  "sh": 303,
  "t": "Alpha",
  "rh": 63,
  "ll": {
    "lat": -18.898125,
    "long": 105.076225
  },
  "pa": "p1,p10,p11,p12,p14,p15,p17,p18,p2,p20,p21,p22,p23,p25,p29,p30,p31,p33,p37,p38,p39,p4,p40,p41,p42,p6,p8,p9,t10,t12,t3,t5,t9",
  "pp": "p13,p16,p19,p24,p26,p27,p28,p3,p32,p34,p35,p36,p5,p7,t1,t11,t2,t4,t6,t7,t8",
  "og": "AEGHIJLMNOPQ",
  "ao": [
    "A03-ta,ta-L6-",
    "A11-to,ca-C3-",
    "A17-or-T1-",
    "E07-ca,to-H6-",
    "G01-ca,ca-H2-",
    "H05-ca-H1-",
    "I10-ur,ta-B4-",
    "I13-ur,or-B5-",
    "J06-ca,or-H5-",
    "L07-ca,to-H6-",
    "M09-ta-L1-",
    "M14-ta,ta-L6-",
    "M20-ta,ur-L4-",
    "N07-ca,to-H6-",
    "O09-or,ca-T3-",
    "O12-or,to-T6-",
    "P02-or,to-T6-",
    "P10-or,or-T2-",
    "Q07-ta,ta-L6-",
    "Q15-ta,ur-L4-",
    "Q21-ta,ta-L2-"
  ],
  "rth": "t1:63,t2:63,t4:63,t6:63,t7:63,t8:63,t11:63"
}