{
  "sid": "GS048",
  "idx": 1,
  "sh": 89,
  "t": "Bowl",
  "rh": -1,
  "ll": {
    "lat": -27.743124,
    "long": -15.290405
  },
  "pa": "c2,c3,c5,c8,p1,p13,p14,p16,p17,p19,p2,p20,p23,p26,p27,p29,p3,p4,p5,p7,py12,py13,py14,py2,py4,py5,py6,py7,py8,py9,t1,t2,t3,t4,t5,t6,t7,t8,t9",
  "pp": "c1,c4,c6,c7,p10,p11,p12,p18,p21,p22,p24,p25,p28,p6,p8,p9,py1,py10,py11,py15,py16,py3,t10,t11,t12,t13,t14,t15",
  "og": "ABCD",
  "ao": [
    "A07-re,ur-#16-",
    "B02-re,or-#20-",
    "B08-or,re-#11-",
    "D05-ca,to-#8-"
  ],
  "rth": "t10:221,t11:239,t12:320,t13:238,t14:208,t15:266"
}