{
  "sid": "GR363",
  "idx": 1,
  "sh": 16,
  "t": "Beta",
  "rh": -1,
  "ll": {
    "lat": -26.659569,
    "long": 119.174866
  },
  "pa": "p1,p10,p13,p15,p16,p17,p18,p2,p20,p21,p22,p23,p24,p25,p27,p28,p33,p34,p35,p36,p38,p42,p6,p7,p8,t6",
  "pp": "p11,p12,p14,p19,p26,p29,p3,p30,p31,p32,p37,p39,p4,p40,p41,p5,p9,t5",
  "og": "CGHNOQR",
  "ao": [
    "C17-ta-L8-",
    "C19-ta,ca-L10-",
    "G03-ca,to-H15-",
    "G13-ca,or-H12-",
    "H08-or,ca-T9-",
    "N11-ta,to-L13-",
    "N19-ta,re-L14-",
    "O03-or,re-T13-",
    "Q06-or,ta-T11-",
    "R14-ur,ta-B10-",
    "R19-ca-H8-"
  ]
}