{
  "sid": "GR299",
  "idx": 2,
  "sh": -1,
  "t": "Alpha",
  "rh": -1,
  "ll": null,
  "pa": null,
  "pp": null,
  "pe": null,
  "og": "ACEGJKLMNPQ",
  "ao": [
    "A03-ta,ta-L6-",
    "A15-ca,ur-H3-",
    "A16-ca,ta-H4-",
    "C07-to,ta-C5-",
    "C08-to,to-C2-",
    "E08-ca,ca-H2-",
    "G01-ca,ca-H2-",
    "J03-ca,ur-H3-",
    "K01-or-T1-",
    "K11-ca,or-H5-",
    "L08-ca,ca-H2-",
    "M09-ta-L1-",
    "M21-ta,or-L5-",
    "M24-ta,re-L7-",
    "N08-ca,ca-H2-",
    "P02-or,to-T6-",
    "P11-or,or-T2-",
    "Q06-ta,or-L5-",
    "Q07-ta,ta-L6-",
    "Q25-ta,or-L5-"
  ]
}