{
  "sid": "GS038",
  "idx": 1,
  "sh": 244,
  "t": "Bowl",
  "rh": -1,
  "ll": {
    "lat": 7.507686,
    "long": -68.310425
  },
  "pa": "c2,c3,c5,c8,p1,p14,p17,p18,p19,p2,p20,p21,p22,p23,p25,p28,p29,p3,p33,p6,p8,py1,py12,py13,py14,py2,py4,py5,py6,py7,py8,py9,t1,t2,t3,t4,t5,t6,t7,t8,t9",
  "pp": "c1,c4,c6,c7,p10,p11,p12,p13,p16,p24,p26,p27,p30,p32,p35,p36,p4,p5,p7,p9,py10,py11,py15,py16,py17,py3,t10,t11,t12,t13,t14,t15,t16",
  "pe": "p31",
  "og": "ABCD",
  "ao": [
    "A05-re,ca-#15-",
    "A07-re,ur-#16-",
    "C02-re,ta-#17-",
    "D01-se,me-#5-"
  ],
  "rth": "t10:16,t11:34,t12:115,t13:33,t14:3,t15:60,t16:33"
}