{
  "sid": "GR059",
  "idx": 1,
  "sh": 0,
  "t": "Gamma",
  "rh": 0,
  "ll": null,
  "pa": null,
  "pp": null,
  "pe": null,
  "og": "ADGHMOPQRS",
  "ao": [
    "A03-ur,re-B19-",
    "A26-ur,ur-B14-",
    "D04-ta,ca-L17-",
    "G12-or,re-T20-",
    "H05-ta,ur-L18-",
    "H37-ta,ta-L16-",
    "H42-ta,ur-L18-",
    "H44-ta,to-L20-",
    "H54-ta,ca-L17-",
    "M02-to,re-C20-",
    "M05-to-C14-",
    "O06-ca,or-H21-",
    "P03-to,re-C20-",
    "P26-to,to-C15-",
    "Q09-ca,to-H17-",
    "R01-to-C14-",
    "R18-ca,to-H17-",
    "S06-ca,ur-H19-"
  ]
}