{
  "sid": "GR120",
  "idx": 2,
  "sh": 148,
  "t": "Beta",
  "rh": 268,
  "ll": {
    "lat": 21.073893,
    "long": 54.491516
  },
  "pa": "p12,p13,p14,p15,p16,p18,p19,p2,p21,p22,p23,p25,p26,p29,p30,p31,p33,p34,p35,p36,p41,p6,p7,p8,p9,t2,t5,t6",
  "pp": "p1,p10,p11,p17,p20,p24,p27,p28,p3,p32,p37,p38,p39,p4,p40,p42,p5,t1,t3,t4,t7,t8",
  "pe": null,
  "og": "BEJOR",
  "ao": [
    "B04-or,re-T9-",
    "E02-or,or-T8-",
    "E10-to-C7-",
    "J05-or,ca-T9-",
    "O02-or,re-T13-",
    "R02-ta,ur-C10-",
    "R10-to,re-C13-"
  ]
}