{
  "sid": "GR277",
  "idx": 2,
  "sh": -1,
  "t": "Gamma",
  "rh": -1,
  "og": "ABCDHILMNQRS",
  "ao": [
    "A12-ur,re-B19-",
    "A16-ur,ca-B15-",
    "B12-ur,re-B19-",
    "B16-ur,ca-B15-",
    "C03-to,ta-C18-",
    "C05-to-C14-",
    "D13-ta,to-L20-",
    "H07-ta,to-L20-",
    "H08-ta,ur-L18-",
    "H17-ta,ca-L17-",
    "H21-ta-L15-",
    "H27-ta,re-L21-",
    "I14-ur,re-B19-",
    "I18-ur,ca-B15-",
    "L03-or,ta-T18-",
    "L05-or,re-T20-",
    "M07-to,or-C19-",
    "M12-to,to-C15-",
    "N10-or-T14-",
    "N12-or,ca-T16-",
    "Q06-ca,ca-H18-",
    "R08-ca,ta-H20-",
    "R19-to-C14-",
    "S04-ca,to-H17-"
  ]
}