{
  "sid": "GR282",
  "idx": 1,
  "sh": 0,
  "t": "Alpha",
  "rh": 0,
  "ll": null,
  "pa": null,
  "pp": null,
  "pe": null,
  "og": "ABCDEGHIJLP",
  "ao": [
    "A05-ur,re-B1-",
    "A14-ca,ca-H2-",
    "A20-or,ur-T4-",
    "B06-to,re-C1-",
    "B09-to,ur-C4-",
    "C04-to,ca-C3-",
    "C13-to,re-C1-",
    "D04-or,ca-T3-",
    "D13-or,to-T6-",
    "E04-ca,re-H7-",
    "G02-ca,ur-H3-",
    "H04-ca,ca-H2-",
    "I01-ur,re-B1-",
    "I07-ur,ca-B3-",
    "J03-ca,ur-H3-",
    "L04-ca,re-H7-",
    "P01-or,to-T6-",
    "P13-or-T1-"
  ]
}