{
  "sid": "GR367",
  "idx": 1,
  "sh": 131,
  "t": "Beta",
  "rh": 249,
  "ll": {
    "lat": -4.642531,
    "long": 20.74641
  },
  "pa": "p32,p36,t2,t5",
  "pp": "p27,p35,p37,p39,p40,p42,t3",
  "og": "EHLMNPU",
  "ao": [
    "E15-to,or-C12-",
    "E20-ta,ta-L9-",
    "H09-or,or-T8-",
    "L05-or,re-T12-",
    "M02-or-T7-",
    "N11-ta,to-L13-",
    "N25-ta,or-L12-",
    "P04-to,ca-C9-",
    "P12-to,to-C8-",
    "U11-ur,ca-B9-",
    "U29-ur,ca-B9-",
    "U51-ur,re-B7-"
  ],
  "rth": "t3:249"
}