{
  "sid": "GR236",
  "idx": 1,
  "sh": 128,
  "t": "Gamma",
  "rh": 158,
  "ll": {
    "lat": -54.182861,
    "long": 49.600803
  },
  "pa": "t1,t2",
  "pp": "p12,p13,p14,t3,p7,p10,p8,p11,p1",
  "pe": null,
  "og": "ABCDEFGJMNOQS",
  "ao": [
    "A03-ur,re-B19-",
    "A12-ur,re-B19-",
    "B03-ur,re-B19-",
    "B12-ur,re-B19-",
    "C03-to,ta-C18-",
    "C13-to,re-C20-",
    "D04-ta,ca-L17-",
    "E09-ca,to-H17-",
    "F03-or,ca-T16-",
    "F13-or,ca-T16-",
    "G12-or,re-T20-",
    "J07-ca,or-H21-",
    "M05-to-C14-",
    "M12-to,to-C15-",
    "N03-or,ca-T16-",
    "N12-or,ca-T16-",
    "O06-ca,or-H21-",
    "Q09-ca,to-H17-",
    "S06-ca,ur-H19-"
  ]
}