{
  "sid": "GR208",
  "idx": 1,
  "sh": 0,
  "t": "Alpha",
  "rh": 0,
  "ll": null,
  "pa": null,
  "pp": null,
  "pe": null,
  "og": "BCFGIJKLMOQ",
  "ao": [
    "B03-to,re-C1-",
    "B06-to,re-C1-",
    "C04-to,ca-C3-",
    "C08-to,to-C2-",
    "F01-ur,re-B1-",
    "F19-ur,or-B5-",
    "G01-ca,ca-H2-",
    "I01-ur,re-B1-",
    "I03-ur,re-B1-",
    "J03-ca,ur-H3-",
    "K01-or-T1-",
    "K19-to,ur-C4-",
    "L08-ca,ca-H2-",
    "M03-ta,ca-L3-",
    "M19-ta,ca-L3-",
    "M24-ta,re-L7-",
    "O10-or,ur-T4-",
    "O11-or,ta-T5-",
    "Q04-ta,ca-L3-",
    "Q16-ta,or-L5-",
    "Q25-ta,or-L5-"
  ]
}