{
  "sid": "GR007",
  "idx": 1,
  "sh": 0,
  "t": "Alpha",
  "rh": 0,
  "ll": null,
  "pa": null,
  "pp": null,
  "pe": null,
  "og": "AEFGHJKLMOPQ",
  "ao": [
    "A09-to,re-C1-",
    "A12-to,ur-C4-",
    "A20-or,ur-T4-",
    "E09-ca-H1-",
    "F07-ur,ur-B2-",
    "F18-ur,to-B6-",
    "G01-ca,ca-H2-",
    "H05-ca-H1-",
    "J06-ca,or-H5-",
    "K07-or,ca-T3-",
    "K18-to,to-C2-",
    "L09-ca-H1-",
    "M11-ta,ca-L3-",
    "M13-ta,or-L5-",
    "M22-ta,ta-L6-",
    "O04-or,ur-T4-",
    "O20-or,to-T6-",
    "P01-or,to-T6-",
    "P05-or,ca-T5-",
    "Q03-ta,ca-L3-",
    "Q14-ta,ca-L3-",
    "Q24-ta,ur-L4-"
  ]
}