{
  "sid": "GR399",
  "idx": 3,
  "sh": 0,
  "t": "Alpha",
  "rh": 0,
  "ll": null,
  "pa": null,
  "pp": null,
  "pe": null,
  "og": "ACFGHIKMNOQ",
  "ao": [
    "A12-to,ur-C4-",
    "A13-ca-H1-",
    "A14-ca,ca-H2-",
    "C01-to,ur-C4-",
    "C04-to,ca-C3-",
    "F01-ur,re-B1-",
    "F19-ur,or-B5-",
    "G01-ca,ca-H2-",
    "H04-ca,ca-H2-",
    "I11-ur,ta-B4-",
    "I19-ur,or-B5-",
    "K01-or-T1-",
    "K19-to,ur-C4-",
    "M03-ta,ca-L3-",
    "M11-ta,ca-L3-",
    "M19-ta,ca-L3-",
    "N08-ca,ca-H2-",
    "O10-or,ur-T4-",
    "O11-or,ta-T5-",
    "Q05-ta,ur-L4-",
    "Q06-ta,or-L5-",
    "Q14-ta,ca-L3-"
  ]
}