{
  "sid": "GR301",
  "idx": 1,
  "sh": -1,
  "t": "Alpha",
  "rh": -1,
  "ll": {
    "lat": 17.440723,
    "long": 160.64801
  },
  "og": "ABDEGHKLOP",
  "ao": [
    "A04-ta,re-L7-",
    "A06-ur,ur-B2-",
    "A11-to,ca-C3-",
    "B02-to,to-C2-",
    "B20-to,to-C2-",
    "D01-to,or-C6-",
    "D07-to,ta-C5-",
    "E02-ca,ta-H4-",
    "G02-ca,ur-H3-",
    "H04-ca,ca-H2-",
    "K12-ca,ta-H4-",
    "K14-ca,or-H5-",
    "L02-ca,ta-H4-",
    "O15-or,or-T2-",
    "O19-or,ta-T5-",
    "P05-or,ta-T5-",
    "P12-or-T1-"
  ]
}