{
  "sid": "GR103",
  "idx": 2,
  "sh": -1,
  "t": "Alpha",
  "rh": -1,
  "ll": null,
  "pa": null,
  "pp": null,
  "pe": null,
  "og": "CDEGIKLMQ",
  "ao": [
    "C06-to,ta-C5-",
    "C12-to,or-C6-",
    "D06-to,or-C6-",
    "D12-to,ta-C5-",
    "E06-ca,re-H7-",
    "G03-ca,or-H5-",
    "I09-ur,or-B5-",
    "I16-ur,to-B6-",
    "K16-ca,ta-H4-",
    "K20-to,ta-C5-",
    "L06-ca,re-H7-",
    "M01-ta-L1-",
    "M05-ta,or-L5-",
    "M10-ta,ta-L2-",
    "Q08-ta,re-L7-",
    "Q17-ta,ta-L6-",
    "Q18-ta,re-L7-"
  ]
}