{
  "sid": "GR030",
  "idx": 2,
  "sh": 0,
  "t": "Gamma",
  "rh": 0,
  "ll": null,
  "pa": null,
  "pp": null,
  "pe": null,
  "og": "BCDEFHJKNOPRS",
  "ao": [
    "B23-ur,or-B17-",
    "B24-ur,ta-B16-",
    "C04-to,ur-C17-",
    "C09-to,ur-C17-",
    "D15-ta-L15-",
    "E08-ca,ca-H18-",
    "F09-or,or-T15-",
    "F14-or,or-T15-",
    "H10-ta,ta-L16-",
    "H13-ta,re-L21-",
    "H18-ta,ta-L16-",
    "H25-ta,or-L19-",
    "H51-ta,to-L20-",
    "J03-ca,or-H21-",
    "K09-or-T14-",
    "K14-or-T14-",
    "N06-or,or-T15-",
    "N11-or,or-T15-",
    "O03-ca,to-H17-",
    "P23-to,ta-C18-",
    "P24-to,ur-C17-",
    "R17-ca,ca-H18-",
    "R25-to,re-C20-",
    "S07-ca,ta-H20-"
  ]
}