{
  "sid": "GR012",
  "idx": 2,
  "sh": 0,
  "t": "Alpha",
  "rh": 0,
  "ll": null,
  "pa": null,
  "pp": null,
  "pe": null,
  "og": "BCDEHIKLOQ",
  "ao": [
    "B04-to,ca-C3-",
    "B09-to,ur-C4-",
    "B16-to,ca-C3-",
    "C11-to,or-C6-",
    "C12-to,or-C6-",
    "C13-to,re-C1-",
    "D11-or,to-C6-",
    "D12-to,ta-C5-",
    "D13-or,to-T6-",
    "E05-ca,to-H6-",
    "E09-ca-H1-",
    "H03-ca,ur-H3-",
    "H05-ca-H1-",
    "I07-ur,ca-B3-",
    "I08-ur,ur-B2-",
    "I16-ur,to-B6-",
    "K07-or,ca-T3-",
    "K20-to,ta-C5-",
    "K21-to,or-C6-",
    "L05-ca,to-H6-",
    "L09-ca-H1-",
    "O01-or-T1-",
    "O02-or,or-T2-",
    "O20-or,to-T6-",
    "Q03-ta,ca-L3-",
    "Q17-ta,ta-L6-",
    "Q21-ta,ta-L2-",
    "Q28-ta,ta-L6-"
  ]
}