{
  "sid": "GR040",
  "idx": 1,
  "sh": 94,
  "t": "Beta",
  "rh": 216,
  "ll": {
    "lat": -26.474369,
    "long": -50.78775
  },
  "pa": "p1,p10,p11,p12,p14,p15,p16,p18,p19,p2,p21,p24,p25,p27,p28,p29,p30,p31,p32,p33,p34,p35,p36,p37,p40,p41,p6,p9,t5,t6,t7",
  "pp": "p13,p17,p20,p22,p23,p26,p3,p38,p39,p4,p42,p5,p7,p8,t1,t2,t3,t4,t8",
  "og": "AFHOPQ",
  "ao": [
    "A02-ca,to-H15-",
    "F05-ca,re-H14-",
    "H05-or,ta-T11-",
    "O02-or,re-T13-",
    "P07-to,or-C12-",
    "P13-to,ca-C9-",
    "Q05-or,ur-T10-"
  ],
  "rth": "t2:216,t3:216,t4:216,t8:216"
}