{
  "sid": "GR012",
  "idx": 2,
  "sh": 30,
  "t": "Alpha",
  "rh": 331,
  "ll": {
    "lat": 33.948608,
    "long": 75.746376
  },
  "pa": "p18,p17,p34,p36,p14,p11,p39,p8,p28,p9,p24,p38,p30,t4,p32,p19,p15,p7,t1,p2,p4,p3,p1,p25,p22,t12,p21,t5,p10,t7",
  "pp": "p16,p13,p33,p12,p37,p26,p27,p29,p40,p20,t6,t2,p6,p5,t3,t8,t9,p23,t10,t11,p35",
  "pe": "p31",
  "og": "BCDEHIKLOQ",
  "ao": [
    "B04-to,ca-C3-",
    "B09-to,ur-C4-",
    "B16-to,ca-C3-",
    "C11-to,or-C6-",
    "C12-to,or-C6-",
    "C13-to,re-C1-",
    "D11-or,to-C6-",
    "D12-to,ta-C5-",
    "D13-or,to-T6-",
    "E05-ca,to-H6-",
    "E09-ca-H1-",
    "H03-ca,ur-H3-",
    "H05-ca-H1-",
    "I07-ur,ca-B3-",
    "I08-ur,ur-B2-",
    "I16-ur,to-B6-",
    "K07-or,ca-T3-",
    "K20-to,ta-C5-",
    "K21-to,or-C6-",
    "L05-ca,to-H6-",
    "L09-ca-H1-",
    "O01-or-T1-",
    "O02-or,or-T2-",
    "O20-or,to-T6-",
    "Q03-ta,ca-L3-",
    "Q17-ta,ta-L6-",
    "Q21-ta,ta-L2-",
    "Q28-ta,ta-L6-"
  ]
}