{
  "sid": "GR351",
  "idx": 1,
  "sh": -1,
  "t": "Gamma",
  "rh": -1,
  "og": "ABCEFHKMNQR",
  "ao": [
    "A17-ur,ur-B14-",
    "A23-ur,or-B17-",
    "B17-ur,ur-B14-",
    "B23-ur,or-B17-",
    "C05-to-C14-",
    "C09-to,ur-C17-",
    "E04-ca,ur-H19-",
    "F07-or,ur-T17-",
    "F14-or,or-T15-",
    "H03-ta,ta-L16-",
    "H13-ta,re-L21-",
    "H16-ta,ur-L18-",
    "H31-ta,ta-L16-",
    "H40-ta,ta-L16-",
    "K06-or,ur-T17-",
    "K14-or-T14-",
    "M06-to,or-C19-",
    "M09-to,ca-C16-",
    "N06-or,or-T15-",
    "N10-or-T14-",
    "Q04-ca,ur-H19-",
    "R19-to-C14-",
    "R21-to,ca-C16-"
  ]
}