{
  "sid": "GR029",
  "idx": 1,
  "sh": 0,
  "t": "Alpha",
  "rh": 0,
  "ll": null,
  "pa": null,
  "pp": null,
  "pe": null,
  "og": "CDFGHILOP",
  "ao": [
    "C04-to,ca-C3-",
    "C06-to,ta-C5-",
    "D04-or,ca-T3-",
    "D06-or,to-C6-",
    "F19-ur,or-B5-",
    "F20-ur,or-B5-",
    "G03-ca,or-H5-",
    "H03-ca,ur-H3-",
    "I01-ur,re-B1-",
    "I20-ur,to-B6-",
    "L06-ca,re-H7-",
    "O02-or,or-T2-",
    "O10-or,ur-T4-",
    "P07-or,ca-T3-",
    "P13-or-T1-"
  ]
}