{
  "sid": "GR124",
  "idx": 1,
  "sh": 14,
  "t": "Gamma",
  "rh": 44,
  "ll": {
    "lat": -44.460346,
    "long": 175.773056
  },
  "pa": "p10,p12,p14,p15,p17,p19,p20,p26,p27,p3,p30,p31,p33,p36,p37,p41,p43,t1,t2,t3,t4,t9",
  "pp": "p11,p13,p16,p18,p2,p21,p22,p23,p24,p25,p28,p29,p32,p34,p35,p38,p39,p4,p40,p42,p5,p6,p7,p8,p9,t5,t6,t7,t8",
  "pe": "p1",
  "og": "ABDEGKPQS",
  "ao": [
    "A02-ur-B13-",
    "A22-ur,to-B18-",
    "B02-ur,re-B19-",
    "B22-ur,to-B18-",
    "D08-ta,ta-L16-",
    "E08-ca,ca-H18-",
    "G07-or,re-T20-",
    "K04-or-T14-",
    "K08-or,or-T15-",
    "P22-to,or-C19-",
    "Q08-ca,ca-H18-",
    "S05-ca,ur-H19-"
  ],
  "rth": "t6:57,t8:44"
}