{
  "sid": "GR285",
  "idx": 2,
  "sh": 321,
  "t": "Gamma",
  "rh": 350,
  "ll": {
    "lat": -2.976738,
    "long": -128.482803
  },
  "pa": "p1,p10,p12,p14,p15,p17,p19,p23,p26,p29,p3,p34,p35,p37,p39,p41,p43,p5,t6,t7,t9",
  "pp": "p11,p13,p16,p18,p2,p20,p21,p22,p24,p25,p28,p30,p31,p32,p33,p36,p38,p4,p40,p6,p7,p8,p9,t1,t2,t3,t4,t5,t8",
  "pe": "p27,p42",
  "og": "BCDEGILMNOP",
  "ao": [
    "B14-ur,or-B17-",
    "B22-ur,to-B18-",
    "C08-to,or-C19-",
    "C14-to,ca-C16-",
    "D08-ta,ta-L16-",
    "E08-ca,ca-H18-",
    "G07-or,re-T20-",
    "I11-ur,to-B18-",
    "I15-ur,to-B18-",
    "L08-or,ta-T18-",
    "L13-or,to-T19-",
    "M08-to,ca-C16-",
    "M13-to,to-C15-",
    "N02-or,or-T15-",
    "N07-or,ca-T16-",
    "O07-ca,ca-H18-",
    "P14-to,ta-C18-",
    "P22-to,or-C19-"
  ],
  "rth": "t1:350,t2:350,t3:350,t4:350,t5:350,t8:350"
}