{
  "sid": "GR271",
  "idx": 1,
  "sh": 99,
  "t": "Alpha",
  "rh": 222,
  "ll": {
    "lat": -21.74346,
    "long": -20.67609
  },
  "pa": "p38,p22,p35,p24,p25,p26,p27,p16,p8,p28,p5,p6,p2,p1,p3,p4,p33,p12,p14,p13,p36,t5,t4,p32,t12,t11,t9,t8,p7,t6,p20,p30,p31,p40",
  "pp": "p29,p23,p21,p17,p18,p34,p19,p15,p10,p9,p37,p41,p11,t10,t3,t1,t2,t7",
  "pe": "p39",
  "og": "BEFGLOPQ",
  "ao": [
    "B05-to,to-C2-",
    "B18-to,re-C1-",
    "E01-ca,ur-H3-",
    "F09-ur,ca-B3-",
    "F15-ur,ta-B4-",
    "G03-ca,or-H5-",
    "L01-ca,ur-H3-",
    "O03-or,ca-T3-",
    "O19-or,ta-T5-",
    "P02-or,to-T6-",
    "P09-or,ur-T4-",
    "Q07-ta,ta-L6-",
    "Q14-ta,ca-L3-",
    "Q15-ta,ur-L4-"
  ]
}