{
  "sid": "GR365",
  "idx": 2,
  "sh": -1,
  "t": "Alpha",
  "rh": -1,
  "ll": null,
  "pa": null,
  "pp": null,
  "pe": null,
  "og": "ABDGHIJMNOP",
  "ao": [
    "A13-ca-H1-",
    "A14-ca,ca-H2-",
    "A17-or-T1-",
    "B03-to,re-C1-",
    "B06-to,re-C1-",
    "D03-or,ur-T4-",
    "D04-or,ca-T3-",
    "G02-ca,ur-H3-",
    "H04-ca,ca-H2-",
    "I01-ur,re-B1-",
    "I10-ur,ta-B4-",
    "J03-ca,ur-H3-",
    "M03-ta,ca-L3-",
    "M14-ta,ta-L6-",
    "M19-ta,ca-L3-",
    "N04-ca,re-H7-",
    "O10-or,ur-T4-",
    "O11-or,to-T5-",
    "P10-or,or-T2-",
    "P13-or-T1-"
  ]
}