{
  "sid": "GR268",
  "idx": 2,
  "sh": 28,
  "t": "Alpha",
  "rh": 151,
  "ll": {
    "lat": 27.361343,
    "long": -9.508842
  },
  "pa": "t5,p40,p32,t12,p22,t11,t10,p23,p24,p25,p26,p27,p28,p8,p39,t7,p10,p37,p33,p11,p7,p1,p3,p4,p6,p18,p17,p34,p19,t6,p14,p20,p31,p21",
  "pp": "t4,p29,t9,p41,t8,p9,p12,t2,t1,p2,t3,p5,p30,p15,p13,p16,p35",
  "pe": "p38,p36",
  "og": "ADIJMNOP",
  "ao": [
    "A03-ta,ta-L6-",
    "A08-ur,ta-B4-",
    "A10-to,to-C2-",
    "D07-to,ta-C5-",
    "D11-or,to-C6-",
    "I08-ur,ur-B2-",
    "I09-ur,or-B5-",
    "J02-ca,re-H7-",
    "M04-ta,ur-L4-",
    "M09-ta-L1-",
    "M12-ta,ur-L4-",
    "N01-ca,ur-H3-",
    "O01-or-T1-",
    "O03-or,ca-T3-",
    "P02-or,to-T6-",
    "P04-or,ta-T5-"
  ]
}