{
  "sid": "GR024",
  "idx": 1,
  "sh": 43,
  "t": "Beta",
  "rh": -1,
  "ll": {
    "lat": 81.05201,
    "long": -3.962217
  },
  "pa": "p10,p11,p13,p15,p16,p18,p19,p2,p21,p22,p24,p25,p26,p27,p28,p29,p3,p30,p31,p33,p34,p35,p36,p4,p41,p6,p8,p9,t2,t7",
  "pp": "p1,p12,p14,p17,p20,p23,p32,p37,p38,p39,p40,p5,p7,t1,t3,t4,t5,t6,t8",
  "pe": null,
  "og": "FIJKRST",
  "ao": [
    "F04-ca,or-H12-",
    "I10-ca-H8-",
    "J09-or,re-T12-",
    "K04-to,ta-C11-",
    "K21-to,or-C12-",
    "R14-ur,ta-B10-",
    "R19-ca-H8-",
    "S02-or,re-T12-",
    "T03-ca,re-H14-",
    "T13-ca,re-H16-"
  ]
}