{
  "sid": "GR018",
  "idx": 1,
  "sh": 296,
  "t": "Beta",
  "rh": 57,
  "ll": {
    "lat": 42.841373,
    "long": -175.657761
  },
  "pa": "p38,p13,p22,p19,p17,p18,p15,p16,p14,p12,p7,p6,p8,p10,p11,p4,p1,p2,p3,p33,p35,p36,p37,p28,t7,t5,t4",
  "pp": "p41,p39,p26,p21,p23,p20,p9,p5,p40,p34,p32,p27,p25,p24,p29,p30,p31,t3,t2,t1,t8,t6",
  "pe": null,
  "og": "ABDGJLNR",
  "ao": [
    "A08-ca,ca-H9-",
    "B06-or,ta-T11-",
    "D06-ca,ca-H9-",
    "G10-ca,re-H14-",
    "G16-ca,ur-H10-",
    "J03-or,or-T8-",
    "L06-or,re-T13-",
    "N04-ta,or-L12-",
    "N08-ta,or-L12-",
    "R03-ca,ta-H10-",
    "R21-to,ur-C10-"
  ]
}