{
  "sid": "GR304",
  "idx": 2,
  "sh": -1,
  "t": "Alpha",
  "rh": -1,
  "og": "ABDEHIJMOP",
  "ao": [
    "A12-to,ur-C4-",
    "A17-or-T1-",
    "A20-or,ur-T4-",
    "B06-to,re-C1-",
    "B12-to,ur-C4-",
    "D01-to,or-C6-",
    "D03-or,ur-T4-",
    "E04-ca,re-H7-",
    "H04-ca,ca-H2-",
    "I10-ur,ta-B4-",
    "I19-ur,or-B5-",
    "J03-ca,ur-H3-",
    "M11-ta,ca-L3-",
    "M14-ta,ta-L6-",
    "M22-ta,ta-L6-",
    "O04-or,ur-T4-",
    "O12-or,to-T6-",
    "P05-or,ta-T5-",
    "P10-or,or-T2-"
  ]
}