{
  "sid": "GR250",
  "idx": 2,
  "sh": -1,
  "t": "Alpha",
  "rh": -1,
  "og": "ACFJKNOPQ",
  "ao": [
    "A04-ta,re-L7-",
    "A05-ur,re-B1-",
    "A11-to,ca-C3-",
    "C01-to,ur-C4-",
    "C12-to,or-C6-",
    "F15-ur,ta-B4-",
    "F16-ur,ta-B4-",
    "J01-ca-H1-",
    "K15-ca,or-H5-",
    "K16-ca,ta-H4-",
    "N06-ca,re-H7-",
    "O02-or,or-T2-",
    "O19-or,ta-T5-",
    "P08-or,ur-T4-",
    "P09-or,ur-T4-",
    "Q08-ta,re-L7-",
    "Q17-ta,ta-L6-",
    "Q24-ta,ur-L4-"
  ]
}