{
  "sid": "GR277",
  "idx": 2,
  "sh": 358,
  "t": "Gamma",
  "rh": 43,
  "ll": {
    "lat": -29.149704,
    "long": 136.450638
  },
  "pa": "p1,p10,p12,p13,p14,p18,p2,p20,p27,p28,p3,p33,p34,p35,p37,p38,p39,p42,p43,p5,p9,t1,t3,t4,t7,t8",
  "pp": "p11,p15,p16,p17,p19,p21,p22,p23,p24,p25,p26,p29,p30,p31,p32,p36,p4,p40,p41,p6,p7,p8,t2,t5,t6,t9",
  "og": "ABCDHILMNQRS",
  "ao": [
    "A12-ur,re-B19-",
    "A16-ur,ca-B15-",
    "B12-ur,re-B19-",
    "B16-ur,ca-B15-",
    "C03-to,ta-C18-",
    "C05-to-C14-",
    "D13-ta,to-L20-",
    "H07-ta,to-L20-",
    "H08-ta,ur-L18-",
    "H17-ta,ca-L17-",
    "H21-ta-L15-",
    "H27-ta,re-L21-",
    "I14-ur,re-B19-",
    "I18-ur,ca-B15-",
    "L03-or,ta-T18-",
    "L05-or,re-T20-",
    "M07-to,or-C19-",
    "M12-to,to-C15-",
    "N10-or-T14-",
    "N12-or,ca-T16-",
    "Q06-ca,ca-H18-",
    "R08-ca,ta-H20-",
    "R19-to-C14-",
    "S04-ca,to-H17-"
  ],
  "rth": "t2:29,t5:29,t6:43,t9:27"
}