{
  "sid": "GR255",
  "idx": 2,
  "sh": 232,
  "t": "Alpha",
  "rh": 352,
  "ll": {
    "lat": -35.138523,
    "long": -135.35257
  },
  "pa": "p1,p11,p13,p14,p15,p16,p18,p2,p22,p23,p25,p27,p28,p30,p31,p32,p33,p34,p35,p36,p37,p39,p4,p40,p41,p42,p5,p6,p7,p8,p9,t1,t10,t12,t2,t8",
  "pp": "p10,p12,p17,p19,p20,p21,p24,p26,p29,p3,p38,t11,t3,t4,t5,t6,t7,t9",
  "og": "ABCDFGJKLMOP",
  "ao": [
    "A05-ur,re-B1-",
    "A09-to,re-C1-",
    "A20-or,ur-T4-",
    "B04-to,ca-C3-",
    "B09-to,ur-C4-",
    "C11-to,or-C6-",
    "C13-to,re-C1-",
    "D11-to,or-C6-",
    "D13-or,to-T6-",
    "F07-ur,ur-B2-",
    "F22-ur,or-B5-",
    "G01-ca,ca-H2-",
    "J06-ca,or-H5-",
    "K07-or,ca-T3-",
    "K22-to,or-C6-",
    "L09-ca-H1-",
    "M01-ta-L1-",
    "M13-ta,or-L5-",
    "M22-ta,ta-L6-",
    "O18-or,ta-T5-",
    "O20-or,to-T6-",
    "P01-or,to-T6-",
    "P09-or,ur-T4-"
  ],
  "rth": "t3:351,t4:352,t5:353,t6:352,t9:352,t11:352"
}