{
  "sid": "GR165",
  "idx": 1,
  "sh": 235,
  "t": "Alpha",
  "rh": -1,
  "ll": {
    "lat": 23.414459,
    "long": 20.678741
  },
  "pa": "p1,p10,p12,p14,p16,p17,p18,p19,p22,p23,p26,p30,p31,p32,p33,p34,P35,p37,p38,p39,p6,p8,p9,t1,t10,t12,t4,t6",
  "pp": "p11,p13,p15,p2,p20,p21,p24,p25,p27,p28,p29,p3,p35,p4,p5,p7,t11,t2,t3,t5,t7,t8,t9",
  "og": "CFIJKLMNP",
  "ao": [
    "C02-to,ur-C4-",
    "C06-to,ta-C5-",
    "F05-ur,ur-B2-",
    "F21-ur,to-B6-",
    "I05-ur,ur-B2-",
    "I08-ur,ur-B2-",
    "J05-ca,ta-H4-",
    "K05-or,or-T2-",
    "K21-to,or-C6-",
    "L05-ca,to-H6-",
    "M04-ta,ur-L4-",
    "M17-ta-L1-",
    "M18-ta,ta-L2-",
    "N05-ca,to-H6-",
    "P03-or,to-T6-",
    "P04-or,ta-T5-"
  ]
}