{
  "sid": "GR026",
  "idx": 3,
  "sh": 347,
  "t": "Beta",
  "rh": 108,
  "ll": {
    "lat": 6.846118,
    "long": 52.811592
  },
  "pa": "p1,p11,p16,p17,p18,p21,p22,p23,p24,p25,p26,p27,p28,p30,p31,p32,p33,p34,p35,p36,p38,p4,p40,p41,p42,p7,p8,p9,t1,t3,t7",
  "pp": "p10,p12,p13,p14,p15,p19,p2,p20,p29,p3,p37,p39,p5,p6,t2,t4,t5,t6,t8",
  "pe": null,
  "og": "BHLNORST",
  "ao": [
    "B02-or,or-T8-",
    "H09-or,or-T8-",
    "L02-or,ur-T10-",
    "N16-ta,to-L13-",
    "N17-ta,or-L12-",
    "O02-or,re-T13-",
    "R15-ca,to-H13-",
    "R16-ur,to-B12-",
    "S02-or,re-T12-",
    "T02-ca,to-H15-",
    "T09-ca,re-H14-"
  ]
}