{
  "sid": "GR215",
  "idx": 1,
  "sh": -1,
  "t": "Alpha",
  "rh": -1,
  "ll": {
    "lat": 31.706148,
    "long": 131.931412
  },
  "og": "ABCEGHIJLMNO",
  "ao": [
    "A02-ta-L1-",
    "A07-ur,ca-B3-",
    "A18-or,or-T2-",
    "B12-to,ur-C4-",
    "B21-to,re-C1-",
    "C02-to,ur-C4-",
    "C03-to,ca-C3-",
    "E07-ca,to-H6-",
    "G01-ca,ca-H2-",
    "H05-ca-H1-",
    "I05-ur,ur-B2-",
    "I10-ur,ta-B4-",
    "J07-ca,ca-H2-",
    "L07-ca,to-H6-",
    "M05-ta,or-L5-",
    "M07-ta,re-L7-",
    "M18-ta,ta-L2-",
    "N07-ca,to-H6-",
    "O12-or,to-T6-",
    "O16-or,ca-T3-"
  ]
}