{
  "sid": "GR060",
  "idx": 2,
  "sh": 140,
  "t": "Alpha",
  "rh": 260,
  "ll": {
    "lat": 19.020304,
    "long": -101.010918
  },
  "pa": "p1,p11,p14,p16,p17,p18,p19,p20,p22,p23,p24,p26,p27,p30,p31,p32,p33,p34,p35,p37,p38,p39,p41,p42,p6,p7,p8,t10,t11,t12,t2,t4,t7",
  "pp": "p10,p12,p13,p15,p2,p21,p25,p28,p29,p3,p5,p9,t1,t3,t5,t6,t8,t9",
  "pe": "p36,p4,p40",
  "og": "ABGHIKMNOQ",
  "ao": [
    "A09-to,re-C1-",
    "A11-to,ca-C3-",
    "A15-ca,ur-H3-",
    "B02-to,to-C2-",
    "B04-to,ca-C3-",
    "G02-ca,ur-H3-",
    "H03-ca,ur-H3-",
    "I15-ur,or-B5-",
    "I18-ur,to-B6-",
    "K14-ca,or-H5-",
    "K22-to,or-C6-",
    "M13-ta,or-L5-",
    "M20-ta,ur-L4-",
    "M21-ta,or-L5-",
    "N02-ca,ta-H4-",
    "O18-or,ta-T5-",
    "O19-or,ta-T5-",
    "Q15-ta,ur-L4-",
    "Q23-ta,ca-L3-",
    "Q25-ta,or-L5-"
  ],
  "rth": "t1:260,t3:260,t5:260,t6:260,t8:260,t9:260"
}