{
  "sid": "GR036",
  "idx": 1,
  "sh": 2,
  "t": "Gamma",
  "rh": 32,
  "ll": {
    "lat": -20.959419,
    "long": 82.600647
  },
  "pa": "p1,p10,p15,p17,p19,p2,p20,p23,p25,p26,p27,p28,p3,p30,p34,p35,p37,p38,p41,p42,p9,t3,t4,t5,t7,t9",
  "pp": "p11,p12,p13,p14,p16,p18,p21,p22,p24,p29,p31,p32,p33,p36,p39,p4,p40,p43,p5,p6,p7,p8,t1,t2,t6,t8",
  "og": "BDFGKMOQR",
  "ao": [
    "B07-ur,ca-B15-",
    "B12-ur,re-B19-",
    "D07-ta,or-L19-",
    "F02-or,ur-T17-",
    "F03-or,ca-T16-",
    "G14-or,ta-T18-",
    "K02-or,ca-T16-",
    "K03-or,or-T15-",
    "M11-to,ta-C18-",
    "M12-to,to-C15-",
    "O05-ca,to-H17-",
    "Q06-ca,ca-H18-",
    "R04-to,ur-C17-",
    "R08-ca,ta-H20-"
  ],
  "rth": "t1:32,t2:32,t6:44,t8:32"
}