{
  "sid": "GR122",
  "idx": 1,
  "sh": 318,
  "t": "Alpha",
  "rh": 80,
  "ll": {
    "lat": 22.561901,
    "long": -170.458603
  },
  "pa": "p1,p12,p14,p17,p18,p2,p22,p23,p26,p28,p29,p3,p31,p32,p33,p34,p36,p38,p39,p40,p41,p5,p6,p7,p8,p9,t11,t12,t3,t4,t6",
  "pp": "p10,p11,p13,p15,p16,p19,p20,p21,p24,p25,p27,p30,p35,p37,p4,t1,t10,t2,t5,t7,t8,t9",
  "og": "ABDEFIJKLMOP",
  "ao": [
    "A05-ur,re-B1-",
    "A14-ca,ca-H2-",
    "A18-or,or-T2-",
    "B06-to,re-C1-",
    "B12-to,ur-C4-",
    "D03-or,ur-T4-",
    "D04-or,ca-T3-",
    "E07-ca,to-H6-",
    "F06-ur,ur-B2-",
    "F19-ur,or-B5-",
    "I01-ur,re-B1-",
    "I10-ur,ta-B4-",
    "J07-ca,ca-H2-",
    "K06-or,or-T2-",
    "K19-to,ur-C4-",
    "L07-ca,to-H6-",
    "M01-ta-L1-",
    "M07-ta,re-L7-",
    "M19-ta,ca-L3-",
    "O10-or,ur-T4-",
    "O12-or,to-T6-",
    "P06-or,ca-T3-",
    "P10-or,or-T2-"
  ],
  "rth": "t2:80"
}