{
  "sid": "GS034",
  "idx": 1,
  "sh": 45,
  "t": "Bowl",
  "rh": -1,
  "ll": {
    "lat": 41.200089,
    "long": -50.037632
  },
  "pa": "c1,c2,c3,c4,c8,p1,p12,p14,p16,p18,p19,p20,p22,p23,p25,p26,p29,p33,p6,p7,p8,p9,py1,py13,py14,py15,py16,py2,py3,py5,py6,py7,t1,t10,t11,t12,t13,t14,t15,t5",
  "pp": "c5,c6,c7,p10,p11,p13,p17,p2,p21,p24,p27,p28,p3,p30,p32,p4,p5,py10,py11,py12,py4,py8,py9,t2,t3,t4,t6,t7,t8,t9",
  "pe": "p31",
  "og": "ABCD",
  "ao": [
    "A01-re,to-#14-",
    "B08-or,re-#11-",
    "C07-or,to-#18-",
    "D04-or,ta-#22-"
  ],
  "rth": "t2:164,t3:194,t4:194,t6:221,t7:195,t8:275,t9:177"
}