{
  "sid": "GR407",
  "idx": 2,
  "sh": 0,
  "t": "Gamma",
  "rh": 0,
  "ll": null,
  "pa": null,
  "pp": null,
  "pe": null,
  "og": "ACDGHJKLN",
  "ao": [
    "A16-ur,ca-B15-",
    "A22-ur,to-B18-",
    "C05-to-C14-",
    "C08-to,or-C19-",
    "D15-ta-L15-",
    "G07-or,re-T20-",
    "H18-ta,ta-L16-",
    "H22-ta,ta-L16-",
    "H40-ta,ta-L16-",
    "H44-ta,to-L20-",
    "H54-ta,ca-L17-",
    "J03-ca,or-H21-",
    "K04-or-T14-",
    "K07-or,ca-T16-",
    "L05-or,re-T20-",
    "L08-or,ta-T18-",
    "N07-or,ca-T16-",
    "N10-or-T14-"
  ]
}