{
  "sid": "GR270",
  "idx": 2,
  "sh": 265,
  "t": "Beta",
  "rh": 28,
  "ll": {
    "lat": 24.998842,
    "long": 152.3647
  },
  "pa": "p19,p18,p17,p16,p14,p12,p8,p6,p41,p11,p38,p36,p35,p32,p33,p34,p31,p30,p29,p28,p25,p24,p4,p5,p1,p2,p3,p21,t5,t6",
  "pp": "p39,p37,p27,p26,p13,p22,p23,p20,p15,p9,p10,p7,p40,p42,t7,t8,t1,t2,t3,t4",
  "pe": null,
  "og": "CJLSU",
  "ao": [
    "C19-ta,ca-L10-",
    "C20-ta,ta-L9-",
    "J08-or,ta-T11-",
    "L03-or,ta-T11-",
    "S03-or,re-T13-",
    "U17-or,or-T8-",
    "U18-or,ta-T11-",
    "U47-ur,ur-B8-"
  ]
}