{
  "sid": "GR271",
  "idx": 1,
  "sh": 99,
  "t": "Alpha",
  "rh": 222,
  "ll": {
    "lat": -21.74346,
    "long": -20.67609
  },
  "pa": "p1,p12,p13,p14,p16,p2,p20,p22,p24,p25,p26,p27,p28,p3,p30,p31,p32,p33,p35,p36,p38,p39,p4,p40,p42,p5,p6,p7,p8,t11,t12,t4,t5,t6,t8,t9",
  "pp": "p10,p11,p15,p17,p18,p19,p21,p23,p29,p34,p37,p41,p9,t1,t10,t2,t3,t7",
  "pe": null,
  "og": "BEFGLOPQ",
  "ao": [
    "B05-to,to-C2-",
    "B18-to,re-C1-",
    "E01-ca,ur-H3-",
    "F09-ur,ca-B3-",
    "F15-ur,ta-B4-",
    "G03-ca,or-H5-",
    "L01-ca,ur-H3-",
    "O03-or,ca-T3-",
    "O19-or,ta-T5-",
    "P02-or,to-T6-",
    "P09-or,ur-T4-",
    "Q07-ta,ta-L6-",
    "Q14-ta,ca-L3-",
    "Q15-ta,ur-L4-"
  ]
}