{
  "sid": "GR267",
  "idx": 1,
  "sh": 0,
  "t": "Alpha",
  "rh": 0,
  "ll": null,
  "pa": null,
  "pp": null,
  "pe": null,
  "og": "ACDEGHIJOPQ",
  "ao": [
    "A12-to,ur-C4-",
    "A15-ca,ur-H3-",
    "A16-ca,ta-H4-",
    "C01-to,ur-C4-",
    "C08-to,to-C2-",
    "D01-or,to-C6-",
    "D08-or,ta-T5-",
    "E08-ca,ca-H2-",
    "G01-ca,ca-H2-",
    "H05-ca-H1-",
    "I03-ur,re-B1-",
    "I18-ur,to-B6-",
    "J07-ca,ca-H2-",
    "O17-or,ur-T4-",
    "O19-or,ta-T5-",
    "P05-or,ca-T5-",
    "P06-or,ca-T3-",
    "Q04-ta,ca-L3-",
    "Q15-ta,ur-L4-",
    "Q25-ta,or-L5-"
  ]
}