{
  "sid": "GR165",
  "idx": 1,
  "sh": 235,
  "t": "Alpha",
  "rh": -1,
  "ll": {
    "lat": 23.414459,
    "long": 20.678741
  },
  "pa": "t12,p22,p26,p37,p9,P35,p14,p16,p17,p18,p34,p19,p30,p31,p32,t4,t10,p23,p8,p6,t1,p1,p33,p12,p10,t6,p39,p38",
  "pp": "p21,p29,p25,p27,p24,p13,p15,p20,t5,t11,t8,t9,p28,p5,t3,p4,p3,p2,t2,p11,t7,p7,p35",
  "pe": null,
  "og": "CFIJKLMNP",
  "ao": [
    "C02-to,ur-C4-",
    "C06-to,ta-C5-",
    "F05-ur,ur-B2-",
    "F21-ur,to-B6-",
    "I05-ur,ur-B2-",
    "I08-ur,ur-B2-",
    "J05-ca,ta-H4-",
    "K05-or,or-T2-",
    "K21-to,or-C6-",
    "L05-ca,to-H6-",
    "M04-ta,ur-L4-",
    "M17-ta-L1-",
    "M18-ta,ta-L2-",
    "N05-ca,to-H6-",
    "P03-or,to-T6-",
    "P04-or,ta-T5-"
  ]
}