{
  "sid": "GS043",
  "idx": 1,
  "sh": 3,
  "t": "Hammerbot",
  "rh": -1,
  "ll": {
    "lat": 50.684097,
    "long": -70.51017
  },
  "pa": "c1,c10,c11,c12,c13,c14,c15,c16,c17,c18,c4,c7,c9,p1,p10,p13,p14,p15,p16,p17,p24,p25,p26,p27,p28,p29,p30,p31,p32,p33,p34,p35,p4,p7,p8,p9,py13,py14,py15,py16,py17,py18,py19,py2,py3,py4,py5,py6,py7,t1,t10,t11,t16,t17,t3,t4,t5,t6,t7,t8,t9",
  "pp": "c2,c3,c5,c6,c8,p11,p12,p18,p19,p2,p20,p21,p22,p23,p3,p5,p6,py1,py10,py11,py12,py8,py9,t12,t13,t14,t15,t2",
  "og": "ABC",
  "ao": [
    "A10-or,ca-#19-",
    "B09-or,or-#12-",
    "C06-ca,or-#6-"
  ],
  "rth": "t2:177,t12:180,t13:152,t14:239,t15:5"
}