{
  "sid": "GR065",
  "idx": 1,
  "sh": 218,
  "t": "Alpha",
  "rh": 340,
  "ll": {
    "lat": 38.688271,
    "long": 111.204277
  },
  "pa": "p1,p11,p12,p14,p16,p17,p18,p2,p20,p26,p28,p3,p30,p31,p33,p36,p37,p38,p39,p4,p41,p42,p8,p9,t1,t11,t12,t7",
  "pp": "p10,p13,p15,p19,p21,p22,p23,p24,p25,p27,p29,p32,p34,p35,p5,p6,p7,t10,t2,t3,t4,t5,t6,t8,t9",
  "pe": "p40",
  "og": "BCDEFGLMNQ",
  "ao": [
    "B04-to,ca-C3-",
    "B20-to,to-C2-",
    "C11-to,or-C6-",
    "C12-to,or-C6-",
    "D11-to,or-C6-",
    "D12-to,ta-C5-",
    "E05-ca,to-H6-",
    "F12-ur,ta-B4-",
    "F22-ur,or-B5-",
    "G02-ca,ur-H3-",
    "L05-ca,to-H6-",
    "M02-ta,ta-L2-",
    "M12-ta,ur-L4-",
    "M17-ta-L1-",
    "N05-ca,to-H6-",
    "Q10-ta,or-L5-",
    "Q19-ta,re-L7-",
    "Q23-ta,ca-L3-"
  ],
  "rth": "t2:340,t3:341,t4:340,t5:341,t6:341,t8:341,t9:341,t10:340"
}