{
  "sid": "GR368",
  "idx": 2,
  "sh": -1,
  "t": "Alpha",
  "rh": -1,
  "ll": {
    "lat": 32.805458,
    "long": -138.399338
  },
  "og": "BCFGHIJKLMNO",
  "ao": [
    "B15-to,ur-C4-",
    "B18-to,re-C1-",
    "C02-to,ur-C4-",
    "C13-to,re-C1-",
    "F09-ur,ca-B3-",
    "F10-ur,ca-B3-",
    "F13-ur,ca-B3-",
    "G01-ca,ca-H2-",
    "H05-ca-H1-",
    "I04-ur,re-B1-",
    "I13-ur,or-B5-",
    "J06-ca,or-H5-",
    "K10-ca,or-H5-",
    "K13-ca-H1-",
    "L09-ca-H1-",
    "M06-ta,ta-L6-",
    "M13-ta,or-L5-",
    "M17-ta-L1-",
    "N09-ca-H1-",
    "O06-or,to-T6-",
    "O09-or,ca-T3-"
  ]
}