{
  "sid": "GR125",
  "idx": 1,
  "sh": -1,
  "t": "Alpha",
  "rh": -1,
  "ll": {
    "lat": 1.290927,
    "long": -116.242691
  },
  "og": "ABCDIJKLOQ",
  "ao": [
    "A06-ur,ur-B2-",
    "A10-to,to-C2-",
    "A19-or,ca-T3-",
    "B04-to,ca-C3-",
    "B15-to,ur-C4-",
    "C11-to,or-C6-",
    "C13-to,re-C1-",
    "D11-to,or-C6-",
    "D13-or,to-T6-",
    "I04-ur,re-B1-",
    "I15-ur,or-B5-",
    "J04-ca,to-H6-",
    "K04-or-T1-",
    "K22-to,or-C6-",
    "L05-ca,to-H6-",
    "O01-or-T1-",
    "O06-or,to-T6-",
    "Q18-ta,re-L7-",
    "Q22-ta,ta-L2-",
    "Q23-ta,ca-L3-"
  ]
}