{
  "sid": "GR405",
  "idx": 3,
  "sh": 0,
  "t": "Alpha",
  "rh": 0,
  "ll": null,
  "pa": null,
  "pp": null,
  "pe": null,
  "og": "CDEKLMOPQ",
  "ao": [
    "C02-to,ur-C4-",
    "C12-to,or-C6-",
    "D02-or,ta-C5-",
    "D12-to,ta-C5-",
    "E06-ca,re-H7-",
    "K12-ca,ta-H4-",
    "K16-ca,ta-H4-",
    "L06-ca,re-H7-",
    "M02-ta,ta-L2-",
    "M18-ta,ta-L2-",
    "M20-ta,ur-L4-",
    "O08-or,or-T2-",
    "O16-or,ca-T3-",
    "P08-or,ur-T4-",
    "P12-or-T1-",
    "Q18-ta,re-L7-",
    "Q19-ta,re-L7-",
    "Q29-ta,ur-L4-"
  ]
}