{
  "sid": "GR062",
  "idx": 2,
  "sh": 42,
  "t": "Gamma",
  "rh": 72,
  "ll": {
    "lat": 2.411193,
    "long": 132.04863
  },
  "pa": "p1,p14,p15,p19,p2,p20,p25,p28,p29,p3,p30,p31,p34,p35,p37,p38,p39,p40,p9,t1,t3,t4,t5,t6,t7",
  "pp": "p10,p11,p12,p13,p16,p17,p18,p21,p22,p23,p24,p26,p27,p32,p33,p36,p4,p41,p42,p43,p5,p6,p7,p8,t2,t8,t9",
  "og": "ABCDGIJKLMNPQS",
  "ao": [
    "A14-ur,or-B17-",
    "A25-ur,ca-B15-",
    "B14-ur,or-B17-",
    "B25-ur,ca-B15-",
    "C07-to,ta-C18-",
    "C14-to,ca-C16-",
    "D11-ca,or-H21-",
    "G05-or,ta-T18-",
    "I02-ur,ta-B16-",
    "I10-ur,or-B17-",
    "J04-ca,ca-H18-",
    "K10-or,re-T20-",
    "K12-or,ca-T16-",
    "L07-or,ur-T17-",
    "L13-or,to-T19-",
    "M02-to,re-C20-",
    "M14-to-C14-",
    "N02-or,or-T15-",
    "N08-or,ur-T17-",
    "P14-to,ta-C18-",
    "P25-to,ca-C16-",
    "Q03-ca,or-H21-",
    "S08-ca,ta-H20-"
  ],
  "rth": "t2:72,t3:72,t8:72,t9:72"
}