{
  "sid": "GR290",
  "idx": 1,
  "sh": -1,
  "t": "Gamma",
  "rh": -1,
  "ll": null,
  "pa": null,
  "pp": null,
  "pe": null,
  "og": "ABCFGHIKLNQR",
  "ao": [
    "A04-ur,to-B18-",
    "A06-ur,ta-B16-",
    "B04-ur,to-B18-",
    "B06-ur,ta-B16-",
    "C04-to,ur-C17-",
    "C15-to,ca-C16-",
    "F04-or,or-T15-",
    "F10-or-T14-",
    "G07-or,re-T20-",
    "H11-ta,or-L19-",
    "H18-ta,ta-L16-",
    "H26-ta,to-L20-",
    "H46-ta,to-L20-",
    "H49-ta,ca-L17-",
    "I03-ur,or-B17-",
    "I16-ur,or-B17-",
    "K04-or-T14-",
    "K05-or,re-T20-",
    "L04-or,to-T19-",
    "L14-or,re-T20-",
    "N01-or-T14-",
    "N11-or,or-T15-",
    "Q08-ca,ca-H18-",
    "R13-to,ur-C17-",
    "R17-ca,ca-H18-"
  ]
}