{
  "sid": "GR178",
  "idx": 1,
  "sh": 0,
  "t": "Alpha",
  "rh": 0,
  "ll": null,
  "pa": null,
  "pp": null,
  "pe": null,
  "og": "ACFHIJKLMQ",
  "ao": [
    "A03-ta,ta-L6-",
    "A11-to,ca-C3-",
    "A16-ca,ta-H4-",
    "C01-to,ur-C4-",
    "C07-to,ta-C5-",
    "F15-ur,ta-B4-",
    "F17-ur,to-B6-",
    "H04-ca,ca-H2-",
    "I09-ur,or-B5-",
    "I14-ur,or-B5-",
    "J04-ca,to-H6-",
    "K15-ca,or-H5-",
    "K17-to,re-C1-",
    "L02-ca,ta-H4-",
    "M09-ta-L1-",
    "M20-ta,ur-L4-",
    "M24-ta,re-L7-",
    "Q04-ta,ca-L3-",
    "Q08-ta,re-L7-",
    "Q24-ta,ur-L4-"
  ]
}