{
  "sid": "GR012",
  "idx": 2,
  "sh": 210,
  "t": "Alpha",
  "rh": 331,
  "ll": {
    "lat": 33.948608,
    "long": 75.746376
  },
  "pa": "p1,p10,p11,p14,p15,p17,p18,p19,p2,p21,p22,p24,p25,p28,p30,p31,p32,p33,p34,p36,p38,p39,p4,p41,p7,p8,p9,t1,t12,t4,t5,t7",
  "pp": "p12,p13,p16,p20,p23,p26,p27,p29,p3,p35,p37,p40,p5,p6,t10,t11,t2,t3,t6,t8,t9",
  "pe": "p42",
  "og": "BCDEHIKLOQ",
  "ao": [
    "B04-to,ca-C3-",
    "B09-to,ur-C4-",
    "B16-to,ca-C3-",
    "C11-to,or-C6-",
    "C12-to,or-C6-",
    "C13-to,re-C1-",
    "D11-to,or-C6-",
    "D12-to,ta-C5-",
    "D13-or,to-T6-",
    "E05-ca,to-H6-",
    "E09-ca-H1-",
    "H03-ca,ur-H3-",
    "H05-ca-H1-",
    "I07-ur,ca-B3-",
    "I08-ur,ur-B2-",
    "I16-ur,to-B6-",
    "K07-or,ca-T3-",
    "K20-to,ta-C5-",
    "K21-to,or-C6-",
    "L05-ca,to-H6-",
    "L09-ca-H1-",
    "O01-or-T1-",
    "O02-or,or-T2-",
    "O20-or,to-T6-",
    "Q03-ta,ca-L3-",
    "Q17-ta,ta-L6-",
    "Q21-ta,ta-L2-",
    "Q28-ta,ta-L6-"
  ]
}