{
  "sid": "GR126",
  "idx": 2,
  "sh": -1,
  "t": "Alpha",
  "rh": -1,
  "og": "ACEHIJKLMOP",
  "ao": [
    "A14-ca,ca-H2-",
    "A18-or,or-T2-",
    "A19-or,ca-T3-",
    "C04-to,ca-C3-",
    "C13-to,re-C1-",
    "E04-ca,re-H7-",
    "H04-ca,ca-H2-",
    "I04-ur,re-B1-",
    "I19-ur,or-B5-",
    "J03-ca,ur-H3-",
    "K04-or-T1-",
    "K18-to,to-C2-",
    "L04-ca,re-H7-",
    "M06-ta,ta-L6-",
    "M07-ta,re-L7-",
    "M19-ta,ca-L3-",
    "O04-or,ur-T4-",
    "O06-or,to-T6-",
    "P01-or,to-T6-",
    "P05-or,ta-T5-"
  ]
}