{
  "sid": "GS037",
  "idx": 1,
  "sh": 78,
  "t": "Hammerbot",
  "rh": -1,
  "ll": {
    "lat": -45.083519,
    "long": 44.343475
  },
  "pa": "c10,c3,c9,p1,p10,p12,p13,p14,p15,p17,p19,p22,p4,p5,p6,p7,p8,p9,py10,py11,py12,py4,py5,py9,t1,t11,t12,t13,t14,t15,t3,t4,t5,t6",
  "pp": "c1,c2,c4,c5,c6,c7,c8,p11,p16,p18,p2,p20,p21,p23,p24,p25,p26,p3,py1,py2,py3,py6,py7,py8,t10,t2,t7,t8,t9",
  "og": "ABC",
  "ao": [
    "A05-ur,to-#26-",
    "B04-or,ca-#19-",
    "C14-re,ca-#15-"
  ],
  "rth": "t2:251,t7:226,t8:80,t9:259,t10:313,t11:254"
}