{
  "sid": "GR455",
  "idx": 1,
  "sh": 0,
  "t": "Alpha",
  "rh": 0,
  "ll": null,
  "pa": null,
  "pp": null,
  "pe": null,
  "og": "ABCEFHJKNPQ",
  "ao": [
    "A03-ta,ta-L6-",
    "A10-to,to-C2-",
    "A15-ca,ur-H3-",
    "B04-to,ca-C3-",
    "B07-to,or-C6-",
    "C08-to,to-C2-",
    "C11-to,or-C6-",
    "E08-ca,ca-H2-",
    "F11-ur,ur-B2-",
    "F21-ur,to-B6-",
    "H04-ca,ca-H2-",
    "J07-ca,ca-H2-",
    "K11-ca,or-H5-",
    "K21-to,or-C6-",
    "N08-ca,ca-H2-",
    "P04-or,ta-T5-",
    "P11-or,or-T2-",
    "Q06-ta,or-L5-",
    "Q08-ta,re-L7-",
    "Q28-ta,ta-L6-"
  ]
}