{
  "sid": "GR366",
  "idx": 1,
  "sh": 0,
  "t": "Gamma",
  "rh": 0,
  "ll": null,
  "pa": null,
  "pp": null,
  "pe": null,
  "og": "EFGIJKMPQRS",
  "ao": [
    "E02-ca,ta-H20-",
    "F02-or,ur-T17-",
    "F15-or-T14-",
    "G08-or,to-T19-",
    "I10-ur,or-B17-",
    "I14-ur,re-B19-",
    "J05-ca,ta-H20-",
    "K07-or,ca-T16-",
    "K10-or,re-T20-",
    "M07-to,or-C19-",
    "M14-to-C14-",
    "P14-to,ta-C18-",
    "P16-to,ca-C16-",
    "Q02-ca,ta-H20-",
    "R05-to,ta-C18-",
    "R23-to,ta-C18-",
    "S03-ca,to-H17-"
  ]
}