{
  "sid": "GR288",
  "idx": 2,
  "sh": 196,
  "t": "Gamma",
  "rh": 226,
  "ll": {
    "lat": 29.687769,
    "long": 88.814255
  },
  "pa": "p10,p13,p15,p17,p2,p20,p22,p23,p27,p28,p3,p31,p35,p37,p40,p41,p43,p9,t2,t3,t4,t6",
  "pp": "p1,p11,p12,p14,p16,p18,p19,p21,p24,p25,p26,p29,p30,p32,p33,p34,p36,p38,p39,p4,p42,p5,p6,p7,p8,t1,t5,t7,t8,t9",
  "og": "CDFGHIJKMNOQRS",
  "ao": [
    "C10-to,to-C15-",
    "C15-to,ca-C16-",
    "D03-ta,ur-L18-",
    "F02-or,ur-T17-",
    "F05-or-T14-",
    "G13-or,to-T19-",
    "H05-ta,ur-L18-",
    "H06-ta,or-L19-",
    "H12-ta,re-L21-",
    "H44-ta,to-L20-",
    "H52-ta,or-L19-",
    "I14-ur,re-B19-",
    "I17-ur,ta-B16-",
    "J05-ca,ta-H20-",
    "K05-or,re-T20-",
    "K07-or,ca-T16-",
    "M07-to,or-C19-",
    "M10-to,ta-C18-",
    "N01-or-T14-",
    "N05-or-T14-",
    "O05-ca,to-H17-",
    "Q05-ca,or-H21-",
    "R05-to,ta-C18-",
    "R12-to,ca-C16-",
    "S02-ca,ca-H18-"
  ],
  "rth": "t1:226,t5:226,t7:226,t9:226"
}