{
  "sid": "GR294",
  "idx": 2,
  "sh": 285,
  "t": "Alpha",
  "rh": 47,
  "ll": {
    "lat": 27.738825,
    "long": -128.061508
  },
  "pa": "p1,p11,p12,p14,p15,p19,p2,p20,p22,p23,p25,p28,p3,p30,p31,p33,p34,p35,p36,p37,p38,p4,p40,p41,p42,p6,p8,p9,t12,t3,t4,t7,t9",
  "pp": "p10,p13,p16,p17,p18,p21,p24,p26,p27,p29,p32,p39,p5,p7,t1,t10,t11,t2,t5,t6,t8",
  "og": "ABCDEGHIJNOP",
  "ao": [
    "A06-ur,ur-B2-",
    "A07-ur,ca-B3-",
    "A19-or,ca-T3-",
    "B15-to,ur-C4-",
    "B16-to,ca-C3-",
    "C12-to,or-C6-",
    "C13-to,re-C1-",
    "D12-to,ta-C5-",
    "D13-or,to-T6-",
    "E09-ca-H1-",
    "G01-ca,ca-H2-",
    "H05-ca-H1-",
    "I04-ur,re-B1-",
    "I12-ur,to-B6-",
    "J06-ca,or-H5-",
    "N09-ca-H1-",
    "O06-or,to-T6-",
    "O08-or,or-T2-",
    "P08-or,ur-T4-",
    "P10-or,or-T2-"
  ],
  "rth": "t10:47"
}