{
  "sid": "GR163",
  "idx": 2,
  "sh": -1,
  "t": "Beta",
  "rh": -1,
  "ll": {
    "lat": 26.715343,
    "long": 142.798431
  },
  "pa": "p10,p12,p17,p20,p22,p23,p24,p25,p28,p31,p34,P35,p37,p40,p7,p9,t1,t3,t4",
  "pp": "p13,p14,p15,p19,p26,p29,p3,p30,p32,p39,p4,p41,p5,p8,t2,t5,t6,t7,t8",
  "pe": null,
  "og": "BKMNOQR",
  "ao": [
    "B06-or,ta-T11-",
    "K24-to,ca-C9-",
    "K25-to,to-C8-",
    "M03-or,or-T8-",
    "N03-ta,to-L13-",
    "N13-ta-L8-",
    "O03-or,re-T13-",
    "Q04-or,ca-T9-",
    "R11-ca,ca-H9-",
    "R26-ur,or-B5-"
  ]
}