{
  "sid": "GR098",
  "idx": 2,
  "sh": -1,
  "t": "Alpha",
  "rh": -1,
  "og": "ABDFHIJKLOPQ",
  "ao": [
    "A15-ca,ur-H3-",
    "A17-or-T1-",
    "A18-or,or-T2-",
    "B12-to,ur-C4-",
    "B15-to,ur-C4-",
    "D03-or,ur-T4-",
    "D08-or,ta-T5-",
    "F06-ur,ur-B2-",
    "F10-ur,ca-B3-",
    "H05-ca-H1-",
    "I06-ur,ca-B3-",
    "I10-ur,ta-B4-",
    "J07-ca,ca-H2-",
    "K06-or,or-T2-",
    "K10-ca,or-H5-",
    "L07-ca,to-H6-",
    "O05-or,ta-T5-",
    "O12-or,to-T6-",
    "P06-or,ca-T3-",
    "P10-or,or-T2-",
    "Q01-ta,ta-L2-",
    "Q13-ta,ta-L2-",
    "Q25-ta,or-L5-"
  ]
}