{
  "sid": "GR475",
  "idx": 1,
  "sh": 0,
  "t": "Gamma",
  "rh": 0,
  "ll": null,
  "pa": null,
  "pp": null,
  "pe": null,
  "og": "ABCEFGHKMOPQRS",
  "ao": [
    "A06-ur,ta-B16-",
    "A09-ur-B13-",
    "B06-ur,ta-B16-",
    "B09-ur-B13-",
    "C04-to,ur-C17-",
    "C10-to,to-C15-",
    "E08-ca,ca-H18-",
    "F04-or,or-T15-",
    "F05-or-T14-",
    "G07-or,re-T20-",
    "H02-ta-L15-",
    "H04-ta,ca-L17-",
    "H37-ta,ta-L16-",
    "H44-ta,to-L20-",
    "H49-ta,ca-L17-",
    "K04-or-T14-",
    "K05-or,re-T20-",
    "M08-to,ca-C16-",
    "M10-to,ta-C18-",
    "O07-ca,ca-H18-",
    "P06-to,ur-C17-",
    "P09-to-C14-",
    "Q08-ca,ca-H18-",
    "R03-to,ca-C16-",
    "R07-to,re-C20-",
    "S07-ca,ta-H20-"
  ]
}