{
  "sid": "GR292",
  "idx": 1,
  "sh": 135,
  "t": "Gamma",
  "rh": 164,
  "ll": {
    "lat": -14.315631,
    "long": 74.613327
  },
  "pa": "p1,p10,p12,p13,p15,p2,p20,p23,p26,p27,p28,p30,p31,p35,p36,p39,p40,p41,p43,p5,t4,t5,t7,t8,t9",
  "pp": "p11,p14,p16,p17,p18,p19,p21,p22,p24,p25,p29,p3,p32,p33,p34,p37,p38,p4,p42,p6,p7,p8,p9,t1,t2,t3,t6",
  "og": "CEHKLMNOS",
  "ao": [
    "C02-to,or-C19-",
    "C07-to,ta-C18-",
    "C08-to,or-C19-",
    "E03-ca,or-H21-",
    "E08-ca,ca-H18-",
    "H01-ta,re-L21-",
    "H03-ta,ta-L16-",
    "H17-ta,ca-L17-",
    "H34-ta,or-L19-",
    "H37-ta,ta-L16-",
    "H40-ta,ta-L16-",
    "H53-ta,ur-L18-",
    "K04-or-T14-",
    "K11-or,ur-T17-",
    "K12-or,ca-T16-",
    "L02-or,ur-T17-",
    "L07-or,ur-T17-",
    "L08-or,ta-T18-",
    "M01-to,re-C20-",
    "M02-to,re-C20-",
    "M08-to,ca-C16-",
    "N07-or,ca-T16-",
    "N08-or,ur-T17-",
    "N13-or,ur-T17-",
    "O02-ca,ta-H20-",
    "O07-ca,ca-H18-",
    "S05-ca,ur-H19-",
    "S08-ca,ta-H20-"
  ],
  "rth": "t1:164,t2:164,t3:162,t6:177"
}