{
  "sid": "GR401",
  "idx": 2,
  "sh": -1,
  "t": "Gamma",
  "rh": -1,
  "ll": {
    "lat": 8.314135,
    "long": -119.352806
  },
  "og": "ABCDFGIJLNOPQR",
  "ao": [
    "A04-ur,to-B18-",
    "A23-ur,or-B17-",
    "B04-ur,to-B18-",
    "B23-ur,or-B17-",
    "C09-to,ur-C17-",
    "C15-to,ca-C16-",
    "D12-ta,to-L20-",
    "F10-or-T14-",
    "F14-or,or-T15-",
    "G04-or,to-T19-",
    "I04-ur,to-B18-",
    "I16-ur,or-B17-",
    "J09-ca,ur-H19-",
    "L09-or,to-T19-",
    "L14-or,re-T20-",
    "N01-or-T14-",
    "N06-or,or-T15-",
    "O03-ca,to-H17-",
    "P04-to,or-C19-",
    "P23-to,ta-C18-",
    "Q04-ca,ur-H19-",
    "R13-to,ur-C17-",
    "R21-to,ca-C16-"
  ]
}