{
  "sid": "GR110",
  "idx": 1,
  "sh": 0,
  "t": "Gamma",
  "rh": 0,
  "ll": null,
  "pa": null,
  "pp": null,
  "pe": null,
  "og": "BCEGHIJKNPQS",
  "ao": [
    "B04-ur,to-B18-",
    "B18-ur-B13-",
    "C02-to,or-C19-",
    "C15-to,ca-C16-",
    "E01-ca,ur-H19-",
    "G09-or,ta-T18-",
    "H11-ta,or-L19-",
    "H20-ta-L15-",
    "H23-ta,ca-L17-",
    "H26-ta,to-L20-",
    "H42-ta,ur-L18-",
    "I07-ur,ur-B14-",
    "I16-ur,or-B17-",
    "J04-ca,ca-H18-",
    "K05-or,re-T20-",
    "K06-or,ur-T17-",
    "N01-or-T14-",
    "N13-or,ur-T17-",
    "P04-to,or-C19-",
    "P18-to-C14-",
    "Q01-ca,ur-H19-",
    "S04-ca,to-H17-"
  ]
}