{
  "sid": "GR541",
  "idx": 1,
  "sh": -1,
  "t": "Gamma",
  "rh": -1,
  "og": "ABDEFGHJMNQR",
  "ao": [
    "A07-ca,or-H12-",
    "A15-ur,ta-B16-",
    "A18-ur-B13-",
    "B15-ur,ta-B16-",
    "B18-ur-B13-",
    "D02-ca,re-H10-",
    "D12-ta,to-L20-",
    "E04-ca,ur-H19-",
    "F02-ca,ta-H11-",
    "G04-or,to-T19-",
    "G06-ca,ca-H9-",
    "G14-ca,re-H16-",
    "H02-ta-L15-",
    "H03-or,re-T12-",
    "H12-ta,re-L21-",
    "H23-ta,ca-L17-",
    "H31-ta,ta-L16-",
    "H54-ta,ca-L17-",
    "J03-or,or-T8-",
    "M01-to,re-C20-",
    "M09-to,ca-C16-",
    "N06-or,or-T15-",
    "N13-or,ur-T17-",
    "Q04-ca,ur-H19-",
    "R11-to,to-C15-",
    "R22-to,ur-C10-",
    "R24-ur,or-B11-",
    "R25-to,re-C20-"
  ]
}