{
  "sid": "GR033",
  "idx": 3,
  "sh": 20,
  "t": "Beta",
  "rh": 141,
  "ll": {
    "lat": 1.527324,
    "long": -116.647827
  },
  "pa": "p10,p11,p13,p14,p15,p16,p17,p18,p19,p2,p22,p23,p24,p26,p27,p30,p31,p33,p34,p36,p37,p38,p4,p41,p5,p6,p7,p8,t3,t4,t7",
  "pp": "p1,p12,p20,p21,p25,p28,p29,p3,p32,p35,p39,p40,p42,p9,t1,t2,t5,t6,t8",
  "pe": null,
  "og": "DEGJKOQ",
  "ao": [
    "D10-ca,or-H12-",
    "E06-or,re-T12-",
    "E16-to,re-C13-",
    "G02-ca,to-H15-",
    "G08-ca,re-H16-",
    "J09-or,re-T12-",
    "K09-to,re-C13-",
    "K14-to,ur-C10-",
    "O02-or,re-T13-",
    "Q03-or,ca-T9-"
  ]
}