{
  "sid": "GR067",
  "idx": 3,
  "sh": 288,
  "t": "Beta",
  "rh": 50,
  "ll": {
    "lat": -35.286682,
    "long": -130.545822
  },
  "pa": "p1,p10,p11,p13,p15,p16,p17,p18,p19,p2,p20,p22,p24,p30,p31,p32,p33,p34,p35,p36,p37,p4,p40,p41,p5,p6,p7,t1,t4,t6",
  "pp": "p12,p14,p21,p23,p25,p26,p27,p28,p29,p3,p38,p39,p42,p8,p9,t2,t3,t5,t7,t8",
  "og": "DEFGILNT",
  "ao": [
    "D06-ca,ca-H9-",
    "E13-to,ur-C10-",
    "E22-ta,ur-L11-",
    "F02-ca,ta-H11-",
    "G04-ca,re-H14-",
    "G14-ca,re-H16-",
    "I06-ta,ca-L10-",
    "L06-or,re-T13-",
    "N02-ta,re-L14-",
    "N24-ta,to-L13-",
    "T04-ca,to-H13-",
    "T14-ca,to-H15-"
  ],
  "rth": "t5:50"
}