{
  "sid": "GR310",
  "idx": 2,
  "sh": -1,
  "t": "Gamma",
  "rh": -1,
  "og": "ABDFGLMNOP",
  "ao": [
    "A07-ur,ca-B15-",
    "A25-ur,ca-B15-",
    "B07-ur,ca-B15-",
    "B25-ur,ca-B15-",
    "D11-ca,or-H21-",
    "F02-or,ur-T17-",
    "F12-or,ur-T17-",
    "G05-or,ta-T18-",
    "L07-or,ur-T17-",
    "L10-or,re-T20-",
    "M02-to,re-C20-",
    "M11-to,ta-C18-",
    "N05-or-T14-",
    "N08-or,ur-T17-",
    "O02-ca,ta-H20-",
    "P07-to,ca-C16-",
    "P25-to,ca-C16-"
  ]
}