{
  "sid": "GS195",
  "idx": 1,
  "sh": 27,
  "t": "Bowl",
  "rh": -1,
  "ll": {
    "lat": 19.981455,
    "long": -38.105019
  },
  "pa": "c2,c3,c5,c8,p10,p12,p14,p16,p19,p2,p20,p26,p27,p28,p29,p3,p32,p33,p6,py1,py10,py11,py12,py15,py16,py3,py4,py5,py6,py7,py8,py9,t1,t10,t11,t12,t13,t14,t5,t8,t9",
  "pp": "c1,c4,c6,c7,p1,p11,p13,p17,p18,p21,p22,p23,p24,p25,p30,p31,p4,p5,p7,p9,py13,py14,py18,py19,py2,py20,t15,t17,t2,t3,t4,t6,t7",
  "pe": "p8",
  "og": "ABCD",
  "ao": [
    "B07-se,me-#5-",
    "C02-re,ta-#17-",
    "C07-or,to-#18-"
  ],
  "rth": "t2:146,t3:176,t4:176,t6:202,t7:176,t15:158,t17:257"
}