{
  "sid": "GR293",
  "idx": 1,
  "sh": 21,
  "t": "Gamma",
  "rh": 50,
  "ll": {
    "lat": 32.456226,
    "long": 158.741486
  },
  "pa": "p10,p13,p14,p15,p2,p20,p23,p25,p28,p3,p33,p34,p35,p36,p38,p40,p43,p5,t1,t2,t6,t8",
  "pp": "p1,p11,p12,p16,p17,p18,p19,p21,p22,p24,p26,p27,p29,p30,p31,p32,p37,p39,p4,p41,p42,p6,p7,p8,p9,t3,t4,t5,t7,t9",
  "og": "AFHJLMOPQRS",
  "ao": [
    "A05-ur,or-B17-",
    "A13-ur,to-B18-",
    "F14-or,or-T15-",
    "F15-or-T14-",
    "H29-ta-L15-",
    "H37-ta,ta-L16-",
    "H43-ta,or-L19-",
    "H46-ta,to-L20-",
    "H55-ta,ta-L16-",
    "J09-ca,ur-H19-",
    "L09-or,to-T19-",
    "L13-or,to-T19-",
    "M13-to,to-C15-",
    "M14-to-C14-",
    "O04-ca,or-H21-",
    "P05-to,ta-C18-",
    "P13-to,or-C19-",
    "Q02-ca,ta-H20-",
    "R14-to,ta-C18-",
    "R22-to,ur-C17-",
    "S01-ca,ca-H18-"
  ],
  "rth": "t9:50"
}