{
  "sid": "GR031",
  "idx": 1,
  "sh": 323,
  "t": "Gamma",
  "rh": 353,
  "ll": {
    "lat": -45.081577,
    "long": -142.082657
  },
  "pa": "p13,p14,p15,p2,p23,p27,p28,p29,p3,p31,p33,p38,p39,p40,p41,p42,p9,t5,t6,t7",
  "pp": "p10,p11,p12,p16,p17,p18,p19,p20,p21,p22,p24,p25,p26,p30,p32,p34,p35,p36,p37,p4,p43,p5,p6,p7,p8,t1,t2,t3,t4,t8,t9",
  "pe": "p1",
  "og": "BCFHLNOQ",
  "ao": [
    "B07-ur,ca-B15-",
    "B14-ur,or-B17-",
    "C05-to-C14-",
    "C14-to,ca-C16-",
    "F02-or,ur-T17-",
    "F15-or-T14-",
    "H06-ta,or-L19-",
    "H24-ta,ur-L18-",
    "H33-ta,to-L20-",
    "H48-ta,ur-L18-",
    "H52-ta,or-L19-",
    "L05-or,re-T20-",
    "L13-or,to-T19-",
    "N02-or,or-T15-",
    "N10-or-T14-",
    "O04-ca,or-H21-",
    "Q02-ca,ta-H20-"
  ],
  "rth": "t1:353,t2:353,t3:353,t4:353,t8:353,t9:353"
}