{
  "sid": "GR074",
  "idx": 2,
  "sh": 62,
  "t": "Beta",
  "rh": 184,
  "ll": {
    "lat": -32.795288,
    "long": -41.064831
  },
  "pa": "p10,p11,p13,p14,p15,p16,p18,p2,p20,p21,p22,p24,p25,p27,p28,p30,p31,p32,p33,p35,p36,p37,p38,p42,p7,p8,t1,t5,t7,t8",
  "pp": "p1,p12,p17,p19,p23,p26,p29,p3,p34,p39,p4,p40,p41,p5,p6,p9,t2,t3,t4,t6",
  "pe": null,
  "og": "CHIOQ",
  "ao": [
    "C17-ta-L8-",
    "H05-or,ta-T11-",
    "I05-ca,ca-C9-",
    "O02-or,re-T13-",
    "Q04-or,ca-T9-"
  ]
}