{
  "sid": "GS026",
  "idx": 1,
  "sh": 130,
  "t": "Bear",
  "rh": -1,
  "ll": {
    "lat": 19.253191,
    "long": -46.770954
  },
  "pa": "c2,c4,c5,p10,p11,p12,p14,p18,p19,p2,p21,p22,p23,p26,p3,p32,p33,p34,p35,p4,p6,p8,p9,py10,py14,py2,py3,py4,py7,py8,py9",
  "pp": "c1,c3,c6,c7,p1,p13,p15,p16,p17,p20,p24,p25,p27,p28,p29,p30,p31,p5,p7,py1,py11,py12,py13,py5,py6,t1,t2,t3,t4,t5",
  "og": "ABCDE",
  "ao": [
    "B01-or,ta-#22-",
    "C02-re,or-#20-",
    "D08-re,or-#20-",
    "E03-ca,ta-#7-",
    "E05-or,to-#18-"
  ],
  "rth": "t5:249,t3:249,t2:248,t4:249,t1:248"
}