{
  "sid": "GR270",
  "idx": 2,
  "sh": 265,
  "t": "Beta",
  "rh": 28,
  "ll": {
    "lat": 24.998842,
    "long": 152.3647
  },
  "pa": "p1,p11,p12,p14,p16,p17,p18,p19,p2,p21,p25,p28,p29,p3,p30,p31,p32,p33,p34,p35,p36,p38,p4,p41,p5,p6,p8,t5,t6",
  "pp": "p10,p13,p15,p20,p22,p23,p24,p26,p27,p37,p39,p40,p42,p7,p9,t1,t2,t3,t4,t7,t8",
  "og": "CJLSU",
  "ao": [
    "C19-ta,ca-L10-",
    "C20-ta,ta-L9-",
    "J08-or,ta-T11-",
    "L03-or,ta-T11-",
    "S03-or,re-T13-",
    "U17-or,or-T8-",
    "U18-or,ta-T11-",
    "U47-ur,ur-B8-"
  ]
}