{
  "sid": "GR387",
  "idx": 1,
  "sh": -1,
  "t": "Alpha",
  "rh": -1,
  "ll": null,
  "pa": null,
  "pp": null,
  "pe": null,
  "og": "ADGHIJKLMOQ",
  "ao": [
    "A08-ur,ta-B4-",
    "A09-to,re-C1-",
    "A16-ca,ta-H4-",
    "D06-or,to-C6-",
    "D08-or,ta-T5-",
    "G01-ca,ca-H2-",
    "H05-ca-H1-",
    "I06-ur,ca-B3-",
    "I20-ur,to-B6-",
    "J07-ca,ca-H2-",
    "K03-or-T1-",
    "K08-or,ca-T3-",
    "L07-ca,to-H6-",
    "M04-ta,ur-L4-",
    "M12-ta,ur-L4-",
    "M24-ta,re-L7-",
    "O05-or,ta-T5-",
    "O07-or-T1-",
    "Q04-ta,ca-L3-",
    "Q23-ta,ca-L3-",
    "Q27-ta,re-L7-"
  ]
}