{
  "sid": "GR038",
  "idx": 3,
  "sh": -1,
  "t": "Alpha",
  "rh": -1,
  "ll": {
    "lat": -31.647327,
    "long": 150.760956
  },
  "og": "ABCDFHJKOPQ",
  "ao": [
    "A02-ta-L1-",
    "A03-ta,ta-L6-",
    "A13-ca-H1-",
    "B03-to,re-C1-",
    "B21-to,re-C1-",
    "C02-to,ur-C4-",
    "C04-to,ca-C3-",
    "D02-to,ta-C5-",
    "D04-or,ca-T3-",
    "F01-ur,re-B1-",
    "F05-ur,ur-B2-",
    "H04-ca,ca-H2-",
    "J03-ca,ur-H3-",
    "K01-or-T1-",
    "K05-or,or-T2-",
    "O11-or,ta-T5-",
    "O16-or,ca-T3-",
    "P03-or,to-T6-",
    "P13-or-T1-",
    "Q08-ta,re-L7-",
    "Q10-ta,or-L5-",
    "Q16-ta,or-L5-"
  ]
}