{
  "sid": "GR115",
  "idx": 2,
  "sh": 264,
  "t": "Beta",
  "rh": 24,
  "ll": {
    "lat": 47.770763,
    "long": 143.7043
  },
  "pa": "p1,p10,p11,p14,p15,p16,p18,p19,p2,p20,p22,p24,p26,p30,p31,p33,p35,p36,p37,p38,p4,p41,p42,p6,p8,t1,t2",
  "pp": "p12,p13,p17,p21,p23,p25,p27,p28,p29,p3,p32,p34,p39,p40,p5,p7,p9,t3,t4,t5,t6,t7,t8",
  "og": "BGHMNPRS",
  "ao": [
    "B04-or,ca-T9-",
    "B06-or,ta-T11-",
    "G03-ca,to-H15-",
    "G08-ca,re-H16-",
    "G09-ca,to-H15-",
    "H05-or,ta-T11-",
    "H09-or,or-T8-",
    "M02-or-T7-",
    "M03-or,or-T8-",
    "N10-ta,re-L14-",
    "N11-ta,to-L13-",
    "N15-ta,re-L14-",
    "P04-to,ca-C9-",
    "P05-to,ur-C10-",
    "P14-to,ur-C10-",
    "R05-ur,to-B6-",
    "R06-to,ur-C10-",
    "R14-ur,ta-B10-",
    "S02-or,re-T12-",
    "S03-or,re-T13-"
  ],
  "rth": "t5:24"
}