{
  "sid": "GR106",
  "idx": 1,
  "sh": -1,
  "t": "Alpha",
  "rh": -1,
  "ll": null,
  "pa": null,
  "pp": null,
  "pe": null,
  "og": "CDGHIJOPQ",
  "ao": [
    "C06-to,ta-C5-",
    "C13-to,re-C1-",
    "D06-to,or-C6-",
    "D13-or,to-T6-",
    "G02-ca,ur-H3-",
    "H03-ca,ur-H3-",
    "I07-ur,ca-B3-",
    "I08-ur,ur-B2-",
    "J05-ca,ta-H4-",
    "O01-or-T1-",
    "O20-or,to-T6-",
    "P01-or,to-T6-",
    "P04-or,ta-T5-",
    "Q03-ta,ca-L3-",
    "Q26-ta,ta-L6-",
    "Q27-ta,re-L7-"
  ]
}