{
  "sid": "GR035",
  "idx": 1,
  "sh": 152,
  "t": "Alpha",
  "rh": 94,
  "ll": {
    "lat": -6.347799,
    "long": 130.667557
  },
  "pa": "p20,p31,p40,p32,p38,p25,p26,p41,p28,p8,p37,p36,p14,p34,p18,p17,t5,t12,p7,p6,p3,p4,p1,p2,t9,t7,p23",
  "pp": "p30,p21,p29,p24,p27,p9,p10,p13,p11,p33,p12,p16,p15,p19,t4,p35,t2,p5,t3,t1,t8,t6,t10,t11",
  "pe": "p22,p39",
  "og": "BCDEHIJKLMOP",
  "ao": [
    "B14-to,ta-C5-",
    "B15-to,ur-C4-",
    "C03-to,ca-C3-",
    "C08-to,to-C2-",
    "D03-or,ur-T4-",
    "D08-or,ta-T5-",
    "E07-ca,to-H6-",
    "H05-ca-H1-",
    "I06-ur,ca-B3-",
    "I10-ur,ta-B4-",
    "J06-ca,or-H5-",
    "K03-or-T1-",
    "K10-ca,or-H5-",
    "L07-ca,to-H6-",
    "M01-ta-L1-",
    "M14-ta,ta-L6-",
    "M24-ta,re-L7-",
    "O05-or,ta-T5-",
    "O12-or,to-T6-",
    "P06-or,ca-T3-",
    "P10-or,or-T2-"
  ]
}