{
  "sid": "GS035",
  "idx": 1,
  "sh": 278,
  "t": "Bowl",
  "rh": -1,
  "ll": {
    "lat": -18.243898,
    "long": -175.576874
  },
  "pa": "c2,c3,c5,c8,p1,p13,p16,p18,p19,p2,p20,p22,p23,p24,p25,p26,p28,p29,p3,p31,p32,p33,p7,p8,p9,py1,py10,py11,py12,py15,py16,py3,py4,py5,py6,py7,py8,py9,t1,t10,t11,t12,t13,t14,t5,t8,t9",
  "pp": "c1,c4,c6,c7,p10,p11,p12,p14,p17,p21,p27,p30,p36,p37,p4,p5,p6,py13,py14,py18,py19,py2,py20,t15,t17,t2,t3,t4,t6,t7",
  "og": "ABCD",
  "ao": [
    "A01-re,to-#14-",
    "B02-re,or-#20-",
    "B08-or,re-#11-",
    "C07-or,to-#18-",
    "D05-ca,to-#8-"
  ],
  "rth": "t2:37,t3:66,t4:66,t6:94,t7:67,t15:49,t17:148"
}