{
  "sid": "GR344",
  "idx": 3,
  "sh": -1,
  "t": "Alpha",
  "rh": -1,
  "ll": null,
  "pa": null,
  "pp": null,
  "pe": null,
  "og": "ADFGLMNOPQ",
  "ao": [
    "A03-ta,ta-L6-",
    "A05-ur,re-B1-",
    "A12-to,ur-C4-",
    "D01-to,or-C6-",
    "D12-to,ta-C5-",
    "F14-ur,ca-B3-",
    "F16-ur,ta-B4-",
    "G02-ca,ur-H3-",
    "L04-ca,re-H7-",
    "M01-ta-L1-",
    "M09-ta-L1-",
    "M11-ta,ca-L3-",
    "N04-ca,re-H7-",
    "O04-or,ur-T4-",
    "O08-or,or-T2-",
    "P05-or,ta-T5-",
    "P08-or,ur-T4-",
    "Q08-ta,re-L7-",
    "Q14-ta,ca-L3-",
    "Q18-ta,re-L7-"
  ]
}