{
  "sid": "GR251",
  "idx": 1,
  "sh": -1,
  "t": "Gamma",
  "rh": -1,
  "ll": {
    "lat": -45.72213,
    "long": -58.251324
  },
  "og": "FHIJKNOQ",
  "ao": [
    "F10-or-T14-",
    "F13-or,ca-T16-",
    "H09-ta,ca-L17-",
    "H23-ta,ca-L17-",
    "H47-ta,or-L19-",
    "H53-ta,ur-L18-",
    "H56-ta-L15-",
    "I16-ur,or-B17-",
    "I18-ur,ca-B15-",
    "J07-ca,or-H21-",
    "K03-or,or-T15-",
    "K10-or,re-T20-",
    "N01-or-T14-",
    "N03-or,ca-T16-",
    "O06-ca,or-H21-",
    "Q09-ca,to-H17-"
  ]
}