{
  "sid": "GR114",
  "idx": 1,
  "sh": 38,
  "t": "Gamma",
  "rh": 67,
  "ll": {
    "lat": -24.793108,
    "long": -161.430939
  },
  "pa": "p10,p12,p13,p14,p19,p23,p25,p28,p30,p31,p34,p36,p37,p38,p40,p42,p43,t1,t4,t8",
  "pp": "p1,p11,p15,p16,p17,p18,p2,p20,p21,p22,p24,p26,p27,p29,p3,p32,p33,p35,p39,p4,p41,p5,p6,p7,p8,p9,t2,t3,t5,t6,t7,t9",
  "og": "BCEFGMN",
  "ao": [
    "B14-ur,or-B17-",
    "B19-ur,to-B18-",
    "B27-ur-B13-",
    "C02-to,or-C19-",
    "C08-to,or-C19-",
    "C14-to,ca-C16-",
    "E02-ca,ta-H20-",
    "E07-ca,to-H17-",
    "F06-or,ta-T18-",
    "F08-or,ca-T16-",
    "F15-or-T14-",
    "G03-or,re-T20-",
    "G08-or,to-T19-",
    "M01-to,re-C20-",
    "M03-to,ur-C17-",
    "M13-to,to-C15-",
    "N02-or,or-T15-",
    "N07-or,ca-T16-",
    "N13-or,ur-T17-"
  ],
  "rth": "t2:67"
}