{
  "sid": "GR108",
  "idx": 2,
  "sh": 0,
  "t": "Alpha",
  "rh": 0,
  "ll": null,
  "pa": null,
  "pp": null,
  "pe": null,
  "og": "ACDEFHIJKMNP",
  "ao": [
    "A03-ta,ta-L6-",
    "A14-ca,ca-H2-",
    "A20-or,ur-T4-",
    "C04-to,ca-C3-",
    "C13-to,re-C1-",
    "D04-or,ca-T3-",
    "D13-or,to-T6-",
    "E09-ca-H1-",
    "F07-ur,ur-B2-",
    "F19-ur,or-B5-",
    "H05-ca-H1-",
    "I01-ur,re-B1-",
    "I07-ur,ca-B3-",
    "J06-ca,or-H5-",
    "K07-or,ca-T3-",
    "K19-to,ur-C4-",
    "M09-ta-L1-",
    "M19-ta,ca-L3-",
    "M22-ta,ta-L6-",
    "N09-ca-H1-",
    "P01-or,to-T6-",
    "P13-or-T1-"
  ]
}