{
  "sid": "GR267",
  "idx": 1,
  "sh": 189,
  "t": "Alpha",
  "rh": 311,
  "ll": {
    "lat": 8.786351,
    "long": -117.978325
  },
  "pa": "p1,p10,p11,p12,p13,p14,p18,p20,p21,p22,p24,p26,p29,p3,p30,p31,p32,p33,p35,p36,p4,p40,p6,p8,p9,t1,t11,t12,t4,t8",
  "pp": "p15,p16,p17,p19,p2,p23,p25,p27,p28,p34,p37,p5,p7,t10,t2,t3,t5,t6,t7,t9",
  "pe": "p38,p39,p41",
  "og": "ACDEGHIJOPQ",
  "ao": [
    "A12-to,ur-C4-",
    "A15-ca,ur-H3-",
    "A16-ca,ta-H4-",
    "C01-to,ur-C4-",
    "C08-to,to-C2-",
    "D01-to,or-C6-",
    "D08-or,ta-T5-",
    "E08-ca,ca-H2-",
    "G01-ca,ca-H2-",
    "H05-ca-H1-",
    "I03-ur,re-B1-",
    "I18-ur,to-B6-",
    "J07-ca,ca-H2-",
    "O17-or,ur-T4-",
    "O19-or,ta-T5-",
    "P05-or,ta-T5-",
    "P06-or,ca-T3-",
    "Q04-ta,ca-L3-",
    "Q15-ta,ur-L4-",
    "Q25-ta,or-L5-"
  ]
}