{
  "sid": "GR123",
  "idx": 2,
  "sh": 0,
  "t": "Gamma",
  "rh": 0,
  "ll": null,
  "pa": null,
  "pp": null,
  "pe": null,
  "og": "BCDEFGHIKLNOQR",
  "ao": [
    "B16-ur,ca-B15-",
    "B24-ur,ta-B16-",
    "C04-to,ur-C17-",
    "C05-to-C14-",
    "D12-ta,to-L20-",
    "E04-ca,ur-H19-",
    "F07-or,ur-T17-",
    "F09-or,or-T15-",
    "G04-or,to-T19-",
    "H04-ta,ca-L17-",
    "H05-ta,ur-L18-",
    "H08-ta,ur-L18-",
    "H09-ta,ca-L17-",
    "H32-ta,re-L21-",
    "I09-ur,ta-B16-",
    "I14-ur,re-B19-",
    "K07-or,ca-T16-",
    "K09-or-T14-",
    "L04-or,to-T19-",
    "L05-or,re-T20-",
    "N10-or-T14-",
    "N11-or,or-T15-",
    "O03-ca,to-H17-",
    "Q04-ca,ur-H19-",
    "R16-to,re-C20-",
    "R19-to-C14-"
  ]
}