{
  "sid": "GR278",
  "idx": 1,
  "sh": 347,
  "t": "Gamma",
  "rh": 17,
  "ll": {
    "lat": -29.117455,
    "long": 137.748245
  },
  "pa": "p10,p14,p19,p2,p20,p23,p25,p27,p28,p29,p3,p31,p33,p34,p35,p36,p37,p39,p5,p9,t3,t5,t9",
  "pp": "p1,p11,p12,p13,p15,p16,p17,p18,p21,p22,p24,p26,p30,p32,p38,p4,p40,p41,p42,p43,p6,p7,p8,t1,t2,t4,t6,t7,t8",
  "og": "ABCDFGHIJKNQR",
  "ao": [
    "A07-ur,ca-B15-",
    "A17-ur,ur-B14-",
    "B07-ur,ca-B15-",
    "B17-ur,ur-B14-",
    "C05-to-C14-",
    "C10-to,to-C15-",
    "D13-ta,to-L20-",
    "F02-or,ur-T17-",
    "F07-or,ur-T17-",
    "G09-or,ta-T18-",
    "H06-ta,or-L19-",
    "H14-ta,to-L20-",
    "H24-ta,ur-L18-",
    "H25-ta,or-L19-",
    "H40-ta,ta-L16-",
    "I08-ur,ca-B15-",
    "I13-ur-B13-",
    "J08-ca,to-H17-",
    "K02-or,ca-T16-",
    "K06-or,ur-T17-",
    "N05-or-T14-",
    "N10-or-T14-",
    "Q01-ca,ur-H19-",
    "R04-to,ur-C17-",
    "R19-to-C14-"
  ],
  "rth": "t1:17,t2:17,t4:17,t6:29,t7:17,t8:17"
}