{
  "sid": "GR166",
  "idx": 2,
  "sh": 0,
  "t": "Gamma",
  "rh": 0,
  "ll": null,
  "pa": null,
  "pp": null,
  "pe": null,
  "og": "ACDFGHIJMPQRS",
  "ao": [
    "A03-ur,re-B19-",
    "A08-ur,ur-B14-",
    "C10-to,to-C15-",
    "C13-to,re-C20-",
    "D07-ta,or-L19-",
    "F02-or,ur-T17-",
    "F13-or,ca-T16-",
    "G14-or,ta-T18-",
    "H08-ta,ur-L18-",
    "H23-ta,ca-L17-",
    "H26-ta,to-L20-",
    "H37-ta,ta-L16-",
    "H44-ta,to-L20-",
    "I06-ur-B13-",
    "I13-ur-B13-",
    "J08-ca,to-H17-",
    "M05-to-C14-",
    "M11-to,ta-C18-",
    "P03-to,re-C20-",
    "P08-to,to-C15-",
    "Q06-ca,ca-H18-",
    "R04-to,ur-C17-",
    "R18-ca,to-H17-",
    "S02-ca,ca-H18-"
  ]
}