{
  "sid": "GR133",
  "idx": 2,
  "sh": 71,
  "t": "Alpha",
  "rh": -1,
  "ll": {
    "lat": 21.003735,
    "long": -173.533142
  },
  "pa": "p17,p24,p25,p22,p21,p32,p34,p36,p11,p12,p8,p38,p23,p35,t4,p40,p31,t12,t10,p37,p16,t2,p6,p5,t3,p3,p1",
  "pp": "p18,p28,p27,p26,p29,p20,p30,p19,p15,p13,p14,p33,t5,t11,t9,t8,p9,t7,p10,t6,p7,t1,p2",
  "pe": "p39,p4",
  "og": "AFGHILMNO",
  "ao": [
    "A01-ta-L1-",
    "A08-ur,ta-B4-",
    "A13-ca-H1-",
    "F01-ur,re-B1-",
    "F21-ur,to-B6-",
    "G02-ca,ur-H3-",
    "H03-ca,ur-H3-",
    "I08-ur,ur-B2-",
    "I11-ur,ta-B4-",
    "L05-ca,to-H6-",
    "M03-ta,ca-L3-",
    "M04-ta,ur-L4-",
    "M17-ta-L1-",
    "N05-ca,to-H6-",
    "O01-or-T1-",
    "O11-or,ta-T5-"
  ]
}