{
  "sid": "GR279",
  "idx": 3,
  "sh": 108,
  "t": "Beta",
  "rh": 231,
  "ll": {
    "lat": -56.778076,
    "long": -22.286072
  },
  "pa": "p1,p11,p12,p14,p15,p16,p18,p19,p2,p20,p21,p24,p25,p26,p27,p28,p30,p31,p32,p33,p34,p35,p36,p39,p4,p41,p42,p7,p8,p9,t6,t7,t8",
  "pp": "p10,p13,p17,p22,p23,p29,p3,p37,p38,p40,p5,p6,t1,t2,t3,t4,t5",
  "og": "ABCDPR",
  "ao": [
    "A04-ca-H8-",
    "B06-or,ta-T11-",
    "C15-ta,ca-L10-",
    "C21-ta-L8-",
    "D05-ca,ta-H11-",
    "P03-to,to-C8-",
    "P24-to,ta-C11-",
    "R01-to,ur-C10-",
    "R12-ur,ur-B8-"
  ],
  "rth": "t1:231,t2:231,t3:231,t4:231,t5:231"
}