{
  "sid": "GR191",
  "idx": 2,
  "sh": -1,
  "t": "Alpha",
  "rh": -1,
  "ll": {
    "lat": -23.577606,
    "long": -47.931961
  },
  "og": "ABFGIJKMNO",
  "ao": [
    "A12-to,ur-C4-",
    "A17-or-T1-",
    "A20-or,ur-T4-",
    "B02-to,to-C2-",
    "B12-to,ur-C4-",
    "F10-ur,ca-B3-",
    "F14-ur,ca-B3-",
    "G02-ca,ur-H3-",
    "I10-ur,ta-B4-",
    "I18-ur,to-B6-",
    "J04-ca,to-H6-",
    "K10-ca,or-H5-",
    "K14-ca,or-H5-",
    "M11-ta,ca-L3-",
    "M14-ta,ta-L6-",
    "M22-ta,ta-L6-",
    "N02-ca,ta-H4-",
    "O12-or,to-T6-",
    "O19-or,ta-T5-"
  ]
}