{
  "sid": "GR397",
  "idx": 1,
  "sh": 146,
  "t": "Gamma",
  "rh": 176,
  "ll": {
    "lat": -19.169279,
    "long": 6.379509
  },
  "pa": "p1,p10,p13,p14,p15,p18,p23,p26,p27,p28,p29,p3,p31,p36,p37,p38,p39,p40,p42,p43,t1,t7",
  "pp": "p11,p12,p16,p17,p19,p2,p20,p21,p22,p24,p25,p30,p32,p33,p34,p35,p4,p41,p5,p6,p7,p8,p9,t2,t3,t4,t5,t6,t8,t9",
  "og": "ABCDEFGHIJKLMP",
  "ao": [
    "A13-ur,to-B18-",
    "A21-ur,re-B19-",
    "B13-ur,to-B18-",
    "B21-ur,re-B19-",
    "C09-to,ur-C17-",
    "C13-to,re-C20-",
    "D04-ta,ca-L17-",
    "E09-ca,to-H17-",
    "F13-or,ca-T16-",
    "F14-or,or-T15-",
    "G12-or,re-T20-",
    "H01-ta,re-L21-",
    "H02-ta-L15-",
    "H18-ta,ta-L16-",
    "H29-ta-L15-",
    "H46-ta,to-L20-",
    "I04-ur,to-B18-",
    "I06-ur-B13-",
    "J07-ca,or-H21-",
    "K13-or,or-T15-",
    "K15-or,re-T20-",
    "L09-or,to-T19-",
    "L12-or,ta-T18-",
    "M05-to-C14-",
    "M13-to,to-C15-",
    "P13-to,or-C19-",
    "P21-to,re-C20-"
  ],
  "rth": "t2:176,t3:176,t4:176,t5:176,t8:176,t9:176"
}