{
  "sid": "GR362",
  "idx": 1,
  "sh": -1,
  "t": "Alpha",
  "rh": -1,
  "og": "ABCEFJKLMNOQ",
  "ao": [
    "A08-ur,ta-B4-",
    "A17-or-T1-",
    "A18-or,or-T2-",
    "B12-to,ur-C4-",
    "B14-to,ta-C5-",
    "C03-to,ca-C3-",
    "C06-to,ta-C5-",
    "E07-ca,to-H6-",
    "F03-ur,re-B1-",
    "F10-ur,ca-B3-",
    "J06-ca,or-H5-",
    "K03-or-T1-",
    "K10-ca,or-H5-",
    "L07-ca,to-H6-",
    "M04-ta,ur-L4-",
    "M07-ta,re-L7-",
    "M14-ta,ta-L6-",
    "N07-ca,to-H6-",
    "O05-or,ta-T5-",
    "O12-or,to-T6-",
    "Q01-ta,ta-L2-",
    "Q21-ta,ta-L2-",
    "Q27-ta,re-L7-"
  ]
}