{
  "sid": "GS012",
  "idx": 1,
  "sh": 64,
  "t": "Lacrosse",
  "rh": -1,
  "ll": {
    "lat": 31.457447,
    "long": -154.251556
  },
  "pa": "c2,p1,p10,p11,p12,p13,p14,p15,p17,p18,p19,p2,p20,p21,p22,p3,p4,p6,t2,t4",
  "pp": "c1,c3,c4,p16,p5,p7,p9,t1,t3",
  "pe": "p8",
  "og": "ABCD",
  "ao": [
    "A04-re,ta-#17-",
    "A06-ca,ur-#10-",
    "B03-re,ta-#17-",
    "B04-ur,to-#26-",
    "D07-ur,to-#26-",
    "D10-ca,ur-#10-",
    "D11-re,or-#20-",
    "D13-ca,ur-#10-"
  ],
  "rth": "t1:91,t3:4"
}