{
  "sid": "GR288",
  "idx": 2,
  "sh": -1,
  "t": "Gamma",
  "rh": -1,
  "og": "CDFGHIJKMNOQRS",
  "ao": [
    "C10-to,to-C15-",
    "C15-to,ca-C16-",
    "D03-ta,ur-L18-",
    "F02-or,ur-T17-",
    "F05-or-T14-",
    "G13-or,to-T19-",
    "H05-ta,ur-L18-",
    "H06-ta,or-L19-",
    "H12-ta,re-L21-",
    "H44-ta,to-L20-",
    "H52-ta,or-L19-",
    "I14-ur,re-B19-",
    "I17-ur,ta-B16-",
    "J05-ca,ta-H20-",
    "K05-or,re-T20-",
    "K07-or,ca-T16-",
    "M07-to,or-C19-",
    "M10-to,ta-C18-",
    "N01-or-T14-",
    "N05-or-T14-",
    "O05-ca,to-H17-",
    "Q05-ca,or-H21-",
    "R05-to,ta-C18-",
    "R12-to,ca-C16-",
    "S02-ca,ca-H18-"
  ]
}