{
  "sid": "GR408",
  "idx": 1,
  "sh": -1,
  "t": "Alpha",
  "rh": -1,
  "ll": null,
  "pa": null,
  "pp": null,
  "pe": null,
  "og": "BCDGHINPQ",
  "ao": [
    "B01-to,ca-C3-",
    "B20-to,to-C2-",
    "C06-to,ta-C5-",
    "C07-to,ta-C5-",
    "D06-or,to-C6-",
    "D07-to,ta-C5-",
    "G02-ca,ur-H3-",
    "H03-ca,ur-H3-",
    "I17-ur,to-B6-",
    "I20-ur,to-B6-",
    "N05-ca,to-H6-",
    "P07-or,ca-T3-",
    "P12-or-T1-",
    "Q09-ta,re-L7-",
    "Q18-ta,re-L7-",
    "Q26-ta,ta-L6-"
  ]
}