{
  "sid": "GR034",
  "idx": 2,
  "sh": 42,
  "t": "Gamma",
  "rh": -1,
  "ll": {
    "lat": -4.984453,
    "long": -175.226913
  },
  "pa": "p9",
  "pp": "t9",
  "pe": null,
  "og": "ABEHJOP",
  "ao": [
    "A12-ur,re-B19-",
    "A18-ur-B13-",
    "B12-ur,re-B19-",
    "B18-ur-B13-",
    "E09-ca,to-H17-",
    "H11-ta,or-L19-",
    "H17-ta,ca-L17-",
    "H24-ta,ur-L18-",
    "H31-ta,ta-L16-",
    "H43-ta,or-L19-",
    "J07-ca,or-H21-",
    "O06-ca,or-H21-",
    "P12-to,re-C20-",
    "P18-to-C14-"
  ]
}