{
  "sid": "GR286",
  "idx": 2,
  "sh": -1,
  "t": "Gamma",
  "rh": -1,
  "og": "DFGHKNOPRS",
  "ao": [
    "D03-ta,ur-L18-",
    "F05-or-T14-",
    "F12-or,ur-T17-",
    "G13-or,to-T19-",
    "H01-ta,re-L21-",
    "H22-ta,ta-L16-",
    "H28-ta,ur-L18-",
    "H45-ta,re-L21-",
    "H56-ta-L15-",
    "K05-or,re-T20-",
    "K12-or,ca-T16-",
    "N05-or-T14-",
    "N08-or,ur-T17-",
    "O05-ca,to-H17-",
    "P09-to-C14-",
    "P25-to,ca-C16-",
    "R02-to,to-C15-",
    "R03-to,ca-C16-",
    "S02-ca,ca-H18-"
  ]
}