{
  "sid": "GR163",
  "idx": 2,
  "sh": 257,
  "t": "Beta",
  "rh": -1,
  "ll": {
    "lat": 26.715343,
    "long": 142.798431
  },
  "pa": "p37,P35,p34,p31,p28,p25,p24,p23,p20,p17,p10,p9,p12,p7,t4,t3,p40,t1,p22",
  "pp": "p41,p39,p32,p30,p29,p19,p15,p14,p8,p5,p4,p3,t2,p13,p26,t7,t8,t6,t5",
  "pe": null,
  "og": "BKMNOQR",
  "ao": [
    "B06-or,ta-T11-",
    "K24-to,ca-C9-",
    "K25-to,to-C8-",
    "M03-or,or-T8-",
    "N03-ta,to-L13-",
    "N13-ta-L8-",
    "O03-or,re-T13-",
    "Q04-or,ca-T9-",
    "R11-ca,ca-H9-",
    "R26-ur,or-B5-"
  ]
}