{
  "sid": "GR190",
  "idx": 1,
  "sh": -1,
  "t": "Gamma",
  "rh": -1,
  "ll": {
    "lat": -42.777969,
    "long": 52.965553
  },
  "og": "ABFGHKLMOPR",
  "ao": [
    "A06-ur,ta-B16-",
    "A23-ur,or-B17-",
    "B06-ur,ta-B16-",
    "B23-ur,or-B17-",
    "F04-or,or-T15-",
    "F14-or,or-T15-",
    "G04-or,to-T19-",
    "H14-ta,to-L20-",
    "H20-ta-L15-",
    "H45-ta,re-L21-",
    "H47-ta,or-L19-",
    "H50-ta,re-L21-",
    "K09-or-T14-",
    "K14-or-T14-",
    "L04-or,to-T19-",
    "L09-or,to-T19-",
    "M04-to,ur-C17-",
    "M09-to,ca-C16-",
    "O03-ca,to-H17-",
    "P06-to,ur-C17-",
    "P23-to,ta-C18-",
    "R17-ca,ca-H18-",
    "R21-to,ca-C16-"
  ]
}