{
  "sid": "GS181",
  "idx": 1,
  "sh": 56,
  "t": "Turtle",
  "rh": -1,
  "ll": {
    "lat": 38.602749,
    "long": -159.793243
  },
  "pa": "c1,c10,c11,c12,c15,c2,c6,c7,c8,c9,p12,p15,p17,p19,p2,p20,p21,p22,p23,p24,p25,p26,p27,p28,p29,p30,p31,p5,p9,py1,py10,py11,py12,py2,py3,py6,py9,t1,t10,t11,t2,t3,t5,t6,t7,t8",
  "pp": "c13,c14,c16,c17,c3,c4,c5,p1,p10,p11,p13,p14,p16,p18,p3,p32,p4,p6,p7,p8,py13,py14,py4,py5,py7,py8,t12,t4,t9",
  "og": "ABCD",
  "ao": [
    "A11-or,ca-#19-",
    "B13-se,ba-#2-",
    "C02-ca,re-#9-",
    "C09-re,to-#14-",
    "D07-ur,ta-#27-"
  ],
  "rth": "t4:86,t9:86,t12:86"
}