{
  "sid": "GR082",
  "idx": 3,
  "sh": -1,
  "t": "Gamma",
  "rh": -1,
  "og": "ACDEFGHJKLNORS",
  "ao": [
    "A12-ur,re-B19-",
    "A18-ur-B13-",
    "C02-to,or-C19-",
    "C03-to,ta-C18-",
    "D01-ca,or-H21-",
    "E01-ca,ur-H19-",
    "F03-or,ca-T16-",
    "F07-or,ur-T17-",
    "G09-or,ta-T18-",
    "H24-ta,ur-L18-",
    "H37-ta,ta-L16-",
    "H47-ta,or-L19-",
    "H51-ta,to-L20-",
    "H52-ta,or-L19-",
    "J04-ca,ca-H18-",
    "K03-or,or-T15-",
    "K06-or,ur-T17-",
    "L02-or,ur-T17-",
    "L03-or,ta-T18-",
    "N12-or,ca-T16-",
    "N13-or,ur-T17-",
    "O01-ca,ur-H19-",
    "R11-to,to-C15-",
    "R24-to,or-C19-",
    "S04-ca,to-H17-"
  ]
}