{
  "sid": "GR290",
  "idx": 1,
  "sh": 75,
  "t": "Gamma",
  "rh": 105,
  "ll": {
    "lat": 34.89064,
    "long": -118.126839
  },
  "pa": "p10,p12,p13,p14,p15,p17,p19,p20,p23,p25,p28,p3,p34,p39,p40,p41,p43,t1,t3,t6,t7",
  "pp": "p11,p16,p18,p2,p21,p22,p24,p26,p27,p29,p30,p31,p32,p33,p35,p36,p37,p38,p4,p42,p5,p6,p7,p8,p9,t2,t4,t5,t8,t9",
  "pe": "p1",
  "og": "ABCFGHIKLNQR",
  "ao": [
    "A04-ur,to-B18-",
    "A06-ur,ta-B16-",
    "B04-ur,to-B18-",
    "B06-ur,ta-B16-",
    "C04-to,ur-C17-",
    "C15-to,ca-C16-",
    "F04-or,or-T15-",
    "F10-or-T14-",
    "G07-or,re-T20-",
    "H11-ta,or-L19-",
    "H18-ta,ta-L16-",
    "H26-ta,to-L20-",
    "H46-ta,to-L20-",
    "H49-ta,ca-L17-",
    "I03-ur,or-B17-",
    "I16-ur,or-B17-",
    "K04-or-T14-",
    "K05-or,re-T20-",
    "L04-or,to-T19-",
    "L14-or,re-T20-",
    "N01-or-T14-",
    "N11-or,or-T15-",
    "Q08-ca,ca-H18-",
    "R13-to,ur-C17-",
    "R17-ca,ca-H18-"
  ],
  "rth": "t2:105,t4:105,t5:105,t8:105,t9:105"
}