{
  "sid": "GR480",
  "idx": 1,
  "sh": 229,
  "t": "Gamma",
  "rh": -1,
  "ll": {
    "lat": -26.671301,
    "long": -16.115023
  },
  "pa": null,
  "pp": null,
  "pe": null,
  "og": "AFHIJPRS",
  "ao": [
    "A06-ur,ta-B16-",
    "A19-ur,ur-B14-",
    "A21-ur,re-B19-",
    "F04-or,or-T15-",
    "F08-or,ca-T16-",
    "F13-or,ca-T16-",
    "H16-ta,ur-L18-",
    "H18-ta,ta-L16-",
    "H37-ta,ta-L16-",
    "H40-ta,ta-L16-",
    "H43-ta,or-L19-",
    "H50-ta,re-L21-",
    "H56-ta-L15-",
    "I03-ur,or-B17-",
    "I05-ur,re-B19-",
    "I06-ur-B13-",
    "J03-ca,or-H21-",
    "J07-ca,or-H21-",
    "P06-to,ur-C17-",
    "P21-to,re-C20-",
    "R06-to,or-C19-",
    "R09-ca,ur-H19-",
    "R17-ca,ca-H18-",
    "S06-ca,ur-H19-",
    "S07-ca,ta-H20-"
  ]
}