{
  "sid": "GR481",
  "idx": 2,
  "sh": 121,
  "t": "Beta",
  "rh": 242,
  "ll": {
    "lat": -18.332613,
    "long": 45.062965
  },
  "pa": "p1,p10,p11,p14,p15,p16,p17,p18,p19,p22,p23,p24,p25,p28,p3,p30,p31,p32,p33,p35,p36,p38,p39,p41,p42,p6,p7,t3,t5,t7,t8",
  "pp": "p12,p13,p2,p20,p21,p26,p27,p29,p34,p37,p4,p40,p5,p8,p9,t1,t2,t4,t6",
  "og": "ABCHLNPU",
  "ao": [
    "A03-ca,re-H14-",
    "A08-ca,ca-H9-",
    "B03-or,ur-T10-",
    "B06-or,ta-T11-",
    "C09-ta,or-L12-",
    "C18-ta,ur-L11-",
    "C24-ta,ta-L9-",
    "H03-or,re-T12-",
    "H10-or-T7-",
    "L01-or,ca-T9-",
    "L06-or,re-T13-",
    "N05-ta,re-L14-",
    "N14-ta,ca-L10-",
    "N23-ta,re-L14-",
    "P19-to-C7-",
    "P22-to,ca-C9-",
    "P27-to-C7-",
    "U03-ur,to-B12-",
    "U04-ur,or-B11-",
    "U34-or,ur-T10-",
    "U52-or,ca-T9-"
  ],
  "rth": "t1:242,t2:241,t4:241,t6:241"
}