{
  "sid": "GR480",
  "idx": 1,
  "sh": 329,
  "t": "Gamma",
  "rh": 359,
  "ll": {
    "lat": 53.006969,
    "long": -166.713501
  },
  "pa": "p10,p12,p14,p15,p19,p23,p25,p26,p28,p3,p31,p33,p34,p38,p41,p43,p9,t3,t4,t5,t8",
  "pp": "p11,p13,p16,p17,p18,p2,p20,p21,p22,p24,p27,p29,p30,p32,p35,p36,p37,p39,p4,p40,p42,p5,p6,p7,p8,t1,t2,t6,t7,t9",
  "pe": "p1",
  "og": "AFHIJPRS",
  "ao": [
    "A06-ur,ta-B16-",
    "A19-ur,ur-B14-",
    "A21-ur,re-B19-",
    "F04-or,or-T15-",
    "F08-or,ca-T16-",
    "F13-or,ca-T16-",
    "H16-ta,ur-L18-",
    "H18-ta,ta-L16-",
    "H37-ta,ta-L16-",
    "H40-ta,ta-L16-",
    "H43-ta,or-L19-",
    "H50-ta,re-L21-",
    "H56-ta-L15-",
    "I03-ur,or-B17-",
    "I05-ur,re-B19-",
    "I06-ur-B13-",
    "J03-ca,or-H21-",
    "J07-ca,or-H21-",
    "P06-to,ur-C17-",
    "P21-to,re-C20-",
    "R06-to,or-C19-",
    "R09-ca,ur-H19-",
    "R17-ca,ca-H18-",
    "S06-ca,ur-H19-",
    "S07-ca,ta-H20-"
  ],
  "rth": "t1:359,t2:359,t6:11,t7:359,t9:359"
}