{
  "sid": "GR484",
  "idx": 2,
  "sh": 52,
  "t": "Alpha",
  "rh": 173,
  "ll": {
    "lat": 42.686398,
    "long": -79.727585
  },
  "pa": "p1,p14,p17,p19,p2,p20,p21,p22,p24,p25,p26,p29,p3,p30,p31,p32,p33,p35,p36,p37,p38,p4,p40,p41,p42,p5,p8,p9,t12,t2,t3,t5,t6,t7",
  "pp": "p10,p11,p12,p13,p15,p16,p18,p23,p27,p28,p34,p39,p6,p7,t1,t10,t11,t4,t8,t9",
  "og": "BDFLMNOPQ",
  "ao": [
    "B06-to,re-C1-",
    "B16-to,ca-C3-",
    "D04-or,ca-T3-",
    "D12-to,ta-C5-",
    "F19-ur,or-B5-",
    "F20-ur,or-B5-",
    "L06-ca,re-H7-",
    "M01-ta-L1-",
    "M19-ta,ca-L3-",
    "M20-ta,ur-L4-",
    "N06-ca,re-H7-",
    "O02-or,or-T2-",
    "O10-or,ur-T4-",
    "P08-or,ur-T4-",
    "P13-or-T1-",
    "Q15-ta,ur-L4-",
    "Q16-ta,or-L5-",
    "Q17-ta,ta-L6-"
  ],
  "rth": "t1:173,t4:173,t8:173,t9:173,t10:173,t11:173"
}