{
  "sid": "GR483",
  "idx": 1,
  "sh": 177,
  "t": "Beta",
  "rh": 297,
  "ll": {
    "lat": 45.276348,
    "long": 93.884331
  },
  "pa": "p10,p11,p12,p13,p14,p16,p18,p19,p2,p20,p21,p22,p23,p24,p25,p26,p27,p28,p3,p33,p35,p36,p38,p39,p4,p42,p5,p6,p7,t3,t6,t8",
  "pp": "p1,p15,p17,p29,p30,p31,p32,p34,p37,p40,p41,p8,p9,t1,t2,t4,t5,t7",
  "og": "DEKMR",
  "ao": [
    "D03-ca-H8-",
    "E10-to-C7-",
    "E20-ta,ta-L9-",
    "K02-to,re-C13-",
    "K03-to,or-C12-",
    "M03-or,or-T8-",
    "R10-to,re-C13-",
    "R20-ur,re-B7-"
  ],
  "rth": "t1:298,t2:297,t4:297,t5:298,t7:298"
}