{
  "sid": "GR358",
  "idx": 2,
  "sh": 5,
  "t": "Gamma",
  "rh": 35,
  "ll": {
    "lat": 32.143036,
    "long": 119.707397
  },
  "pa": "p1,p10,p13,p14,p17,p19,p20,p23,p25,p26,p30,p33,p34,p36,p39,p40,p41,p43,p5,t1,t5",
  "pp": "p11,p12,p15,p16,p18,p2,p21,p22,p24,p27,p28,p29,p3,p31,p32,p35,p37,p38,p4,p42,p6,p7,p8,p9,t2,t3,t4,t6,t7,t8,t9",
  "og": "ABCDEFGHJLMNPS",
  "ao": [
    "A07-ur,ca-B15-",
    "A24-ur,ta-B16-",
    "B07-ur,ca-B15-",
    "B24-ur,ta-B16-",
    "C04-to,ur-C17-",
    "C10-to,to-C15-",
    "D07-ta,or-L19-",
    "E06-ca,ca-H18-",
    "F02-or,ur-T17-",
    "F09-or,or-T15-",
    "G14-or,ta-T18-",
    "H06-ta,or-L19-",
    "H13-ta,re-L21-",
    "H15-ta,or-L19-",
    "H33-ta,to-L20-",
    "H46-ta,to-L20-",
    "J08-ca,to-H17-",
    "L04-or,to-T19-",
    "L10-or,re-T20-",
    "M04-to,ur-C17-",
    "M07-to,or-C19-",
    "N05-or-T14-",
    "N11-or,or-T15-",
    "P07-to,ca-C16-",
    "P24-to,ur-C17-",
    "S02-ca,ca-H18-"
  ],
  "rth": "t2:35,t3:35,t4:35,t6:48,t8:35,t9:35"
}