{
  "sid": "GR481",
  "idx": 2,
  "sh": 0,
  "t": "Beta",
  "rh": 0,
  "ll": null,
  "pa": null,
  "pp": null,
  "pe": null,
  "og": "ABCHLNPU",
  "ao": [
    "A03-ca,to-H14-",
    "A08-ca,ca-H9-",
    "B03-or,ur-T10-",
    "B06-or,ta-T11-",
    "C09-ta,or-L12-",
    "C18-ta,ur-L11-",
    "C24-ta,ta-L9-",
    "H03-or,re-T12-",
    "H10-or-T7-",
    "L01-or,ca-T9-",
    "L06-or,re-T13-",
    "N05-ta,re-L14-",
    "N14-ta,ca-L10-",
    "N23-ta,re-L14-",
    "P19-to-C7-",
    "P22-to,ca-C9-",
    "P27-to-C7-",
    "U03-ur,to-B12-",
    "U04-ur,or-B11-",
    "U34-or,ur-T10-",
    "U52-or,ca-T9-"
  ]
}