{
  "sid": "GR357",
  "idx": 1,
  "sh": 359,
  "t": "Beta",
  "rh": 120,
  "ll": {
    "lat": -31.831688,
    "long": 133.052246
  },
  "pa": "p1,p13,p14,p16,p17,p18,p19,p2,p20,p21,p23,p24,p25,p26,p27,p28,p29,p30,p33,p34,p35,p36,p37,p39,p4,p42,p6,p7,p9,t1,t7,t8",
  "pp": "p10,p11,p12,p15,p22,p3,p31,p32,p38,p40,p41,p5,p8,t2,t3,t4,t5,t6",
  "og": "EHMOPR",
  "ao": [
    "E09-ur,or-B11-",
    "E20-ta,ta-L9-",
    "H08-or,ca-T9-",
    "M03-or,or-T8-",
    "O03-or,re-T13-",
    "P02-to,re-C13-",
    "P17-to,re-C13-",
    "R09-to,ca-C9-",
    "R20-ur,re-B7-"
  ],
  "rth": "t2:119,t4:120,t5:120,t6:119"
}