{
  "sid": "GR358",
  "idx": 2,
  "sh": -1,
  "t": "Gamma",
  "rh": -1,
  "og": "ABCDEFGHJLMNPS",
  "ao": [
    "A07-ur,ca-B15-",
    "A24-ur,ta-B16-",
    "B07-ur,ca-B15-",
    "B24-ur,ta-B16-",
    "C04-to,ur-C17-",
    "C10-to,to-C15-",
    "D07-ta,or-L19-",
    "E06-ca,ca-H18-",
    "F02-or,ur-T17-",
    "F09-or,or-T15-",
    "G14-or,ta-T18-",
    "H06-ta,or-L19-",
    "H13-ta,re-L21-",
    "H15-ta,or-L19-",
    "H33-ta,to-L20-",
    "H46-ta,to-L20-",
    "J08-ca,to-H17-",
    "L04-or,to-T19-",
    "L10-or,re-T20-",
    "M04-to,ur-C17-",
    "M07-to,or-C19-",
    "N05-or-T14-",
    "N11-or,or-T15-",
    "P07-to,ca-C16-",
    "P24-to,ur-C17-",
    "S02-ca,ca-H18-"
  ]
}