{
  "sid": "GR222",
  "idx": 1,
  "sh": 198,
  "t": "Beta",
  "rh": 318,
  "ll": {
    "lat": 40.928864,
    "long": 68.960686
  },
  "pa": "p1,p10,p11,p12,p14,p16,p17,p18,p19,p2,p20,p21,p23,p24,p26,p28,p29,p3,p31,p33,p34,p35,p36,p37,p38,p39,p4,p5,p8,t1,t6,t8",
  "pp": "p13,p15,p22,p25,p27,p30,p32,p40,p41,p42,p6,p7,p9,t2,t3,t4,t5,t7",
  "og": "ABCKMR",
  "ao": [
    "A05-ca,to-H13-",
    "B02-or,or-T8-",
    "C12-ta-L8-",
    "C16-ta,ta-L9-",
    "K05-to,ur-C10-",
    "K09-to,re-C13-",
    "M02-or-T7-",
    "R05-ur,to-B6-",
    "R15-ca,to-H13-"
  ],
  "rth": "t2:318,t3:318,t4:319,t5:318,t7:318"
}