{
  "sid": "GR219",
  "idx": 2,
  "sh": 95,
  "t": "Beta",
  "rh": 222,
  "ll": {
    "lat": 37.045097,
    "long": 41.110111
  },
  "pa": "p1,p10,p11,p14,p15,p16,p17,p18,p19,p2,p20,p23,p24,p28,p29,p30,p32,p33,p34,p35,p36,p37,p38,p39,p40,p42,p6,p8,t1,t4,t6,t8",
  "pp": "p12,p13,p21,p22,p25,p26,p27,p3,p31,p4,p41,p5,p7,p9,t2,t3,t5,t7",
  "og": "BEGIMNPT",
  "ao": [
    "B04-or,ca-T9-",
    "E07-or,re-T13-",
    "E16-to,re-C13-",
    "G02-ca,to-H15-",
    "G08-ca,re-H16-",
    "I04-ca,re-H10-",
    "M02-or-T7-",
    "N06-ta,re-L14-",
    "N17-ta,or-L12-",
    "P08-to,re-C13-",
    "P13-to,ca-C9-",
    "T02-ca,to-H15-",
    "T08-ca,to-H15-"
  ],
  "rth": "t5:222"
}