{
  "sid": "GR348",
  "idx": 2,
  "sh": -1,
  "t": "Gamma",
  "rh": -1,
  "og": "ABDEFGHIJLO",
  "ao": [
    "A21-ur,re-B19-",
    "A26-ur,ur-B14-",
    "B21-ur,re-B19-",
    "B26-ur,ur-B14-",
    "D11-ca,or-H21-",
    "E03-ca,or-H21-",
    "F12-or,ur-T17-",
    "F13-or,ca-T16-",
    "G05-or,ta-T18-",
    "H03-ta,ta-L16-",
    "H04-ta,ca-L17-",
    "H18-ta,ta-L16-",
    "H46-ta,to-L20-",
    "H51-ta,to-L20-",
    "I01-ur,ca-B15-",
    "I06-ur-B13-",
    "J04-ca,ca-H18-",
    "L07-or,ur-T17-",
    "L12-or,ta-T18-",
    "O02-ca,ta-H20-"
  ]
}