{
  "sid": "GR220",
  "idx": 1,
  "sh": 55,
  "t": "Alpha",
  "rh": 179,
  "ll": {
    "lat": 53.619003,
    "long": -57.67487
  },
  "pa": "p1,p11,p14,p16,p17,p19,p20,p22,p23,p26,p29,p3,p30,p31,p32,p33,p35,p37,p38,p4,p40,p41,p42,p5,p7,p8,p9,t1,t12,t2,t3,t5,t7",
  "pp": "p10,p12,p13,p15,p18,p2,p21,p24,p25,p27,p28,p34,p39,p6,t10,t11,t4,t6,t8,t9",
  "pe": "p36",
  "og": "CDEIJKLMNOQ",
  "ao": [
    "C04-to,ca-C3-",
    "C12-to,or-C6-",
    "D04-or,ca-T3-",
    "D12-to,ta-C5-",
    "E08-ca,ca-H2-",
    "I01-ur,re-B1-",
    "I11-ur,ta-B4-",
    "J03-ca,ur-H3-",
    "K01-or-T1-",
    "K16-ca,ta-H4-",
    "L08-ca,ca-H2-",
    "M01-ta-L1-",
    "M03-ta,ca-L3-",
    "M18-ta,ta-L2-",
    "N08-ca,ca-H2-",
    "O08-or,or-T2-",
    "O11-or,ta-T5-",
    "Q06-ta,or-L5-",
    "Q18-ta,re-L7-",
    "Q29-ta,ur-L4-"
  ],
  "rth": "t4:179"
}