{
  "sid": "GR218",
  "idx": 1,
  "sh": 16,
  "t": "Gamma",
  "rh": 47,
  "ll": {
    "lat": -2.456377,
    "long": 101.12336
  },
  "pa": "p12,p14,p17,p19,p2,p26,p28,p29,p31,p33,p35,p37,p39,p40,p43,p9,t1,t4,t8,t9",
  "pp": "p10,p11,p13,p15,p16,p18,p20,p21,p22,p23,p24,p25,p27,p3,p30,p32,p34,p36,p38,p4,p41,p42,p5,p6,p7,p8,t2,t3,t5,t6,t7",
  "pe": "p1",
  "og": "ABDEJLMNO",
  "ao": [
    "A07-ur,ca-B15-",
    "A22-ur,to-B18-",
    "B07-ur,ca-B15-",
    "B22-ur,to-B18-",
    "D08-ta,ta-L16-",
    "E08-ca,ca-H18-",
    "J03-ca,or-H21-",
    "L08-or,ta-T18-",
    "L10-or,re-T20-",
    "M08-to,ca-C16-",
    "M11-to,ta-C18-",
    "N05-or-T14-",
    "N07-or,ca-T16-",
    "O07-ca,ca-H18-"
  ],
  "rth": "t2:57,t3:47,t5:47,t6:60,t7:47"
}