{
  "sid": "GR214",
  "idx": 1,
  "sh": -1,
  "t": "Alpha",
  "rh": -1,
  "og": "ABCDEFGHJKL",
  "ao": [
    "A14-ca,ca-H2-",
    "A15-ca,ur-H3-",
    "A18-or,or-T2-",
    "B06-to,re-C1-",
    "B07-to,or-C6-",
    "C04-to,ca-C3-",
    "C08-to,to-C2-",
    "D04-or,ca-T3-",
    "D08-or,ta-T5-",
    "E08-ca,ca-H2-",
    "F11-ur,ur-B2-",
    "F18-ur,to-B6-",
    "G01-ca,ca-H2-",
    "H04-ca,ca-H2-",
    "J07-ca,ca-H2-",
    "K11-ca,or-H5-",
    "K18-to,to-C2-",
    "L08-ca,ca-H2-"
  ]
}