{
  "sid": "GR220",
  "idx": 1,
  "sh": -1,
  "t": "Alpha",
  "rh": -1,
  "og": "CDEIJKLMNOQ",
  "ao": [
    "C04-to,ca-C3-",
    "C12-to,or-C6-",
    "D04-or,ca-T3-",
    "D12-to,ta-C5-",
    "E08-ca,ca-H2-",
    "I01-ur,re-B1-",
    "I11-ur,ta-B4-",
    "J03-ca,ur-H3-",
    "K01-or-T1-",
    "K16-ca,ta-H4-",
    "L08-ca,ca-H2-",
    "M01-ta-L1-",
    "M03-ta,ca-L3-",
    "M18-ta,ta-L2-",
    "N08-ca,ca-H2-",
    "O08-or,or-T2-",
    "O11-or,ta-T5-",
    "Q06-ta,or-L5-",
    "Q18-ta,re-L7-",
    "Q29-ta,ur-L4-"
  ]
}