{
  "sid": "GR260",
  "idx": 1,
  "sh": -1,
  "t": "Gamma",
  "rh": -1,
  "og": "BCDFGHJLOPR",
  "ao": [
    "B03-ur,re-B19-",
    "B16-ur,ca-B15-",
    "C05-to-C14-",
    "C13-to,re-C20-",
    "D04-ta,ca-L17-",
    "F07-or,ur-T17-",
    "F13-or,ca-T16-",
    "G12-or,re-T20-",
    "H08-ta,ur-L18-",
    "H13-ta,re-L21-",
    "H28-ta,ur-L18-",
    "H29-ta-L15-",
    "H37-ta,ta-L16-",
    "J07-ca,or-H21-",
    "L05-or,re-T20-",
    "L12-or,ta-T18-",
    "O06-ca,or-H21-",
    "P03-to,re-C20-",
    "P16-to,ca-C16-",
    "R18-ca,to-H17-",
    "R19-to-C14-"
  ]
}