{
  "sid": "GR261",
  "idx": 2,
  "sh": -1,
  "t": "Alpha",
  "rh": -1,
  "ll": {
    "lat": 5.530009,
    "long": -139.680618
  },
  "og": "ABCDGHILMNPQ",
  "ao": [
    "A01-ta-L1-",
    "A04-ta,re-L7-",
    "A18-or,or-T2-",
    "B12-to,ur-C4-",
    "B18-to,re-C1-",
    "C02-to,ur-C4-",
    "C03-to,ca-C3-",
    "D02-to,ta-C5-",
    "D03-or,ur-T4-",
    "G01-ca,ca-H2-",
    "H05-ca-H1-",
    "I06-ur,ca-B3-",
    "I13-ur,or-B5-",
    "L07-ca,to-H6-",
    "M07-ta,re-L7-",
    "M10-ta,ta-L2-",
    "M17-ta-L1-",
    "N07-ca,to-H6-",
    "P03-or,to-T6-",
    "P06-or,ca-T3-",
    "Q01-ta,ta-L2-",
    "Q10-ta,or-L5-",
    "Q21-ta,ta-L2-"
  ]
}