{
  "sid": "GR221",
  "idx": 2,
  "sh": 324,
  "t": "Gamma",
  "rh": 355,
  "ll": {
    "lat": 8.277909,
    "long": 176.780197
  },
  "pa": "p10,p13,p14,p15,p17,p18,p2,p20,p26,p3,p31,p33,p34,p36,p39,p41,p43,p5,p9,t1,t2,t4,t6,t7",
  "pp": "p1,p11,p12,p16,p19,p21,p22,p23,p24,p25,p27,p28,p29,p30,p32,p35,p37,p38,p4,p40,p42,p6,p7,p8,t3,t5,t8,t9",
  "og": "AGHJLMQ",
  "ao": [
    "A04-ur,to-B18-",
    "A08-ur,ur-B14-",
    "G13-or,to-T19-",
    "H11-ta,or-L19-",
    "H27-ta,re-L21-",
    "H44-ta,to-L20-",
    "H48-ta,ur-L18-",
    "H51-ta,to-L20-",
    "J05-ca,ta-H20-",
    "L10-or,re-T20-",
    "L14-or,re-T20-",
    "M10-to,ta-C18-",
    "M11-to,ta-C18-",
    "Q05-ca,or-H21-"
  ],
  "rth": "t9:355"
}