{
  "sid": "GR262",
  "idx": 1,
  "sh": -1,
  "t": "Gamma",
  "rh": -1,
  "ll": {
    "lat": -44.513985,
    "long": -90.374184
  },
  "og": "ABCEHIKS",
  "ao": [
    "A05-ur,or-B17-",
    "A13-ur,to-B18-",
    "B05-ur,or-B17-",
    "B13-ur,to-B18-",
    "C14-to,ca-C16-",
    "C15-to,ca-C16-",
    "E02-ca,ta-H20-",
    "H09-ta,ca-L17-",
    "H18-ta,ta-L16-",
    "H29-ta-L15-",
    "H32-ta,re-L21-",
    "H47-ta,or-L19-",
    "I10-ur,or-B17-",
    "I11-ur,to-B18-",
    "K10-or,re-T20-",
    "K15-or,re-T20-",
    "S01-ca,ca-H18-"
  ]
}