{
  "sid": "GR214",
  "idx": 1,
  "sh": 60,
  "t": "Alpha",
  "rh": 183,
  "ll": {
    "lat": -58.034016,
    "long": 43.753841
  },
  "pa": "p1,p14,p15,p16,p17,p18,p19,p2,p20,p22,p23,p24,p26,p28,p29,p3,p30,p31,p33,p34,p35,p36,p37,p38,p39,p4,p40,p41,p42,p5,p6,p7,p8,t1,t10,t11,t12,t4,t5",
  "pp": "p10,p11,p12,p13,p21,p25,p27,p32,p9,t2,t3,t6,t7,t8,t9",
  "og": "ABCDEFGHJKL",
  "ao": [
    "A14-ca,ca-H2-",
    "A15-ca,ur-H3-",
    "A18-or,or-T2-",
    "B06-to,re-C1-",
    "B07-to,or-C6-",
    "C04-to,ca-C3-",
    "C08-to,to-C2-",
    "D04-or,ca-T3-",
    "D08-or,ta-T5-",
    "E08-ca,ca-H2-",
    "F11-ur,ur-B2-",
    "F18-ur,to-B6-",
    "G01-ca,ca-H2-",
    "H04-ca,ca-H2-",
    "J07-ca,ca-H2-",
    "K11-ca,or-H5-",
    "K18-to,to-C2-",
    "L08-ca,ca-H2-"
  ],
  "rth": "t3:183"
}