{
  "sid": "GR347",
  "idx": 1,
  "sh": 193,
  "t": "Gamma",
  "rh": 226,
  "ll": {
    "lat": 41.709686,
    "long": -0.350013
  },
  "pa": "p1,p10,p13,p14,p18,p19,p20,p22,p25,p27,p28,p29,p3,p34,p35,p39,p41,p43,p9,t2,t4,t7,t9",
  "pp": "p11,p12,p15,p16,p17,p2,p21,p23,p24,p26,p30,p31,p32,p33,p36,p37,p38,p4,p40,p42,p5,p6,p7,p8,t1,t3,t5,t6,t8",
  "og": "ABCFJMRS",
  "ao": [
    "A02-ur-B13-",
    "A24-ur,ta-B16-",
    "B02-ur,re-B19-",
    "B24-ur,ta-B16-",
    "C03-to,ta-C18-",
    "C04-to,ur-C17-",
    "F04-or,or-T15-",
    "F09-or,or-T15-",
    "J09-ca,ur-H19-",
    "M03-to,ur-C17-",
    "M04-to,ur-C17-",
    "R16-to,re-C20-",
    "R17-ca,ca-H18-",
    "S07-ca,ta-H20-"
  ],
  "rth": "t1:226,t3:229,t5:226,t6:239,t8:226"
}