{
  "sid": "GR348",
  "idx": 2,
  "sh": 141,
  "t": "Gamma",
  "rh": 170,
  "ll": {
    "lat": 23.636337,
    "long": 52.313263
  },
  "pa": "p1,p10,p12,p13,p17,p18,p19,p26,p27,p3,p30,p33,p35,p37,p41,p42,p43,p5,p9,t2,t3,t6,t8,t9",
  "pp": "p11,p14,p15,p16,p2,p20,p21,p22,p23,p24,p25,p28,p29,p31,p32,p34,p36,p38,p39,p4,p40,p6,p8,t1,t4,t5,t7",
  "pe": "p7",
  "og": "ABDEFGHIJLO",
  "ao": [
    "A21-ur,re-B19-",
    "A26-ur,ur-B14-",
    "B21-ur,re-B19-",
    "B26-ur,ur-B14-",
    "D11-ca,or-H21-",
    "E03-ca,or-H21-",
    "F12-or,ur-T17-",
    "F13-or,ca-T16-",
    "G05-or,ta-T18-",
    "H03-ta,ta-L16-",
    "H04-ta,ca-L17-",
    "H18-ta,ta-L16-",
    "H46-ta,to-L20-",
    "H51-ta,to-L20-",
    "I01-ur,ca-B15-",
    "I06-ur-B13-",
    "J04-ca,ca-H18-",
    "L07-or,ur-T17-",
    "L12-or,ta-T18-",
    "O02-ca,ta-H20-"
  ],
  "rth": "t1:171,t4:166,t5:179,t7:170"
}