{
  "sid": "GR155",
  "idx": 3,
  "sh": 350,
  "t": "Gamma",
  "rh": 20,
  "ll": {
    "lat": -11.018473,
    "long": 115.328758
  },
  "pa": "p1,p12,p13,p15,p17,p18,p19,p2,p25,p26,p27,p3,p30,p31,p35,p37,p38,p39,p42,p5,p9,t1,t2,t4,t5,t6",
  "pp": "p10,p11,p14,p16,p20,p21,p22,p23,p24,p28,p29,p32,p33,p34,p36,p4,p40,p41,p43,p6,p7,p8,t3,t7,t8,t9",
  "og": "DFGHLMOPQS",
  "ao": [
    "D07-ta,or-L19-",
    "F02-or,ur-T17-",
    "F06-or,ta-T18-",
    "G14-or,ta-T18-",
    "H03-ta,ta-L16-",
    "H23-ta,ca-L17-",
    "H25-ta,or-L19-",
    "H45-ta,re-L21-",
    "H52-ta,or-L19-",
    "L02-or,ur-T17-",
    "L10-or,re-T20-",
    "M01-to,re-C20-",
    "M07-to,or-C19-",
    "O01-ca,ur-H19-",
    "P07-to,ca-C16-",
    "P27-to-C14-",
    "Q06-ca,ca-H18-",
    "S02-ca,ca-H18-"
  ],
  "rth": "t7:20"
}