{
  "sid": "GR156",
  "idx": 1,
  "sh": 116,
  "t": "Alpha",
  "rh": 240,
  "ll": {
    "lat": 30.952396,
    "long": 35.77401
  },
  "pa": "p1,p10,p11,p12,p14,p17,p19,p2,p20,p22,p28,p29,p3,p30,p31,p32,p33,p34,p38,p39,p4,p40,p41,p42,p5,p6,p8,t12,t2,t7,t8",
  "pp": "p13,p15,p16,p18,p21,p23,p24,p25,p26,p27,p35,p36,p37,p7,p9,t1,t10,t11,t3,t4,t5,t6,t9",
  "og": "BCGIJKLMOQ",
  "ao": [
    "B04-to,ca-C3-",
    "B05-to,to-C2-",
    "C01-to,ur-C4-",
    "C11-to,or-C6-",
    "G02-ca,ur-H3-",
    "I15-ur,or-B5-",
    "I18-ur,to-B6-",
    "J04-ca,to-H6-",
    "K14-ca,or-H5-",
    "K22-to,or-C6-",
    "L02-ca,ta-H4-",
    "M04-ta,ur-L4-",
    "M12-ta,ur-L4-",
    "M20-ta,ur-L4-",
    "O18-or,ta-T5-",
    "O19-or,ta-T5-",
    "Q15-ta,ur-L4-",
    "Q23-ta,ca-L3-",
    "Q27-ta,re-L7-"
  ],
  "rth": "t6:240"
}