{
  "sid": "GR154",
  "idx": 2,
  "sh": 87,
  "t": "Alpha",
  "rh": 210,
  "ll": {
    "lat": -36.399574,
    "long": 48.843933
  },
  "pa": "p1,p10,p11,p13,p14,p16,p17,p18,p2,p20,p22,p25,p26,p27,p29,p3,p32,p33,p34,p35,p36,p38,p39,p4,p40,p41,p42,p5,p6,p7,p8,p9,t1,t11,t12,t7,t8",
  "pp": "p12,p15,p19,p21,p23,p24,p28,p30,p37,t10,t2,t3,t4,t5,t6,t9",
  "pe": "p31",
  "og": "ACDEGHMNOQ",
  "ao": [
    "A01-ta-L1-",
    "A03-ta,ta-L6-",
    "A12-to,ur-C4-",
    "C01-to,ur-C4-",
    "C02-to,ur-C4-",
    "D01-to,or-C6-",
    "D02-to,ta-C5-",
    "E04-ca,re-H7-",
    "G02-ca,ur-H3-",
    "H04-ca,ca-H2-",
    "M09-ta-L1-",
    "M11-ta,ca-L3-",
    "M17-ta-L1-",
    "N04-ca,re-H7-",
    "O04-or,ur-T4-",
    "O09-or,ca-T3-",
    "Q07-ta,ta-L6-",
    "Q10-ta,or-L5-",
    "Q14-ta,ca-L3-"
  ],
  "rth": "t5:210"
}