{
  "sid": "GR155",
  "idx": 3,
  "sh": -1,
  "t": "Gamma",
  "rh": -1,
  "og": "DFGHLMOPQS",
  "ao": [
    "D07-ta,or-L19-",
    "F02-or,ur-T17-",
    "F06-or,ta-T18-",
    "G14-or,ta-T18-",
    "H03-ta,ta-L16-",
    "H23-ta,ca-L17-",
    "H25-ta,or-L19-",
    "H45-ta,re-L21-",
    "H52-ta,or-L19-",
    "L02-or,ur-T17-",
    "L10-or,re-T20-",
    "M01-to,re-C20-",
    "M07-to,or-C19-",
    "O01-ca,ur-H19-",
    "P07-to,ca-C16-",
    "P27-to-C14-",
    "Q06-ca,ca-H18-",
    "S02-ca,ca-H18-"
  ]
}