{
  "sid": "GR154",
  "idx": 2,
  "sh": -1,
  "t": "Alpha",
  "rh": -1,
  "ll": null,
  "pa": null,
  "pp": null,
  "pe": null,
  "og": "ACDEGHMNOQ",
  "ao": [
    "A01-ta-L1-",
    "A03-ta,ta-L6-",
    "A12-to,ur-C4-",
    "C01-to,ur-C4-",
    "C02-to,ur-C4-",
    "D01-or,to-C6-",
    "D02-or,ta-C5-",
    "E04-ca,re-H7-",
    "G02-ca,ur-H3-",
    "H04-ca,ca-H2-",
    "M09-ta-L1-",
    "M11-ta,ca-L3-",
    "M17-ta-L1-",
    "N04-ca,re-H7-",
    "O04-or,ur-T4-",
    "O09-or,ca-T3-",
    "Q07-ta,ta-L6-",
    "Q10-ta,or-L5-",
    "Q14-ta,ca-L3-"
  ]
}