{
  "sid": "GR151",
  "idx": 3,
  "sh": 262,
  "t": "Gamma",
  "rh": 292,
  "ll": {
    "lat": -19.503494,
    "long": 68.999031
  },
  "pa": "p1,p10,p13,p14,p15,p17,p2,p20,p23,p25,p27,p28,p31,p34,p35,p37,p38,p39,p41,t2,t5,t6",
  "pp": "p11,p12,p16,p18,p19,p21,p22,p24,p26,p29,p3,p30,p32,p33,p36,p4,p40,p42,p43,p5,p6,p7,p8,p9,t1,t3,t4,t7,t8,t9",
  "og": "ABEFGIJLMNOPRS",
  "ao": [
    "A22-ur,to-B18-",
    "A24-ur,ta-B16-",
    "B22-ur,to-B18-",
    "B24-ur,ta-B16-",
    "E08-ca,ca-H18-",
    "F08-or,ca-T16-",
    "F09-or,or-T15-",
    "G07-or,re-T20-",
    "I03-ur,or-B17-",
    "I05-ur,re-B19-",
    "J03-ca,or-H21-",
    "L04-or,to-T19-",
    "L08-or,ta-T18-",
    "M04-to,ur-C17-",
    "M08-to,ca-C16-",
    "N07-or,ca-T16-",
    "N11-or,or-T15-",
    "O03-ca,to-H17-",
    "P22-to,or-C19-",
    "P24-to,ur-C17-",
    "R15-to,or-C19-",
    "R17-ca,ca-H18-",
    "S07-ca,ta-H20-"
  ],
  "rth": "t7:292"
}