{
  "sid": "GR151",
  "idx": 3,
  "sh": 0,
  "t": "Gamma",
  "rh": 0,
  "ll": null,
  "pa": null,
  "pp": null,
  "pe": null,
  "og": "ABEFGIJLMNOPRS",
  "ao": [
    "A22-ur,to-B18-",
    "A24-ur,ta-B16-",
    "B22-ur,to-B18-",
    "B24-ur,ta-B16-",
    "E08-ca,ca-H18-",
    "F08-or,ca-T16-",
    "F09-or,or-T15-",
    "G07-or,re-T20-",
    "I03-ur,or-B17-",
    "I05-ur,re-B19-",
    "J03-ca,or-H21-",
    "L04-or,to-T19-",
    "L08-or,ta-T18-",
    "M04-to,ur-C17-",
    "M08-to,ca-C16-",
    "N07-or,ca-T16-",
    "N11-or,or-T15-",
    "O03-ca,to-H17-",
    "P22-to,or-C19-",
    "P24-to,ur-C17-",
    "R15-to,or-C19-",
    "R17-ca,ca-H18-",
    "S07-ca,ta-H20-"
  ]
}