{
  "sid": "GR153",
  "idx": 1,
  "sh": 200,
  "t": "Gamma",
  "rh": 229,
  "ll": {
    "lat": -36.167725,
    "long": -50.345085
  },
  "pa": "p1,p10,p13,p15,p17,p18,p19,p25,p26,p29,p3,p30,p36,p37,p39,p40,p42,p9,t1,t3,t4,t5,t9",
  "pp": "p11,p12,p16,p2,p20,p21,p22,p23,p24,p27,p28,p31,p32,p33,p34,p38,p4,p41,p43,p5,p6,p7,p8,t2,t6,t7,t8",
  "pe": "p14,p35",
  "og": "ACDEGLMNP",
  "ao": [
    "A09-ur-B13-",
    "A13-ur,to-B18-",
    "C09-to,ur-C17-",
    "C15-to,ca-C16-",
    "D02-ta,re-L21-",
    "E04-ca,ur-H19-",
    "G04-or,to-T19-",
    "L09-or,to-T19-",
    "L14-or,re-T20-",
    "M10-to,ta-C18-",
    "M13-to,to-C15-",
    "N01-or-T14-",
    "N06-or,or-T15-",
    "P09-to-C14-",
    "P13-to,or-C19-"
  ],
  "rth": "t2:229"
}