{
  "sid": "GR156",
  "idx": 1,
  "sh": -1,
  "t": "Alpha",
  "rh": -1,
  "ll": null,
  "pa": null,
  "pp": null,
  "pe": null,
  "og": "BCGIJKLMOQ",
  "ao": [
    "B04-to,ca-C3-",
    "B05-to,to-C2-",
    "C01-to,ur-C4-",
    "C11-to,or-C6-",
    "G02-ca,ur-H3-",
    "I15-ur,or-B5-",
    "I18-ur,to-B6-",
    "J04-ca,to-H6-",
    "K14-ca,or-H5-",
    "K22-to,or-C6-",
    "L02-ca,ta-H4-",
    "M04-ta,ur-L4-",
    "M12-ta,ur-L4-",
    "M20-ta,ur-L4-",
    "O18-or,ta-T5-",
    "O19-or,ta-T5-",
    "Q15-ta,ur-L4-",
    "Q23-ta,ca-L3-",
    "Q27-ta,re-L7-"
  ]
}