{
  "sid": "GR152",
  "idx": 2,
  "sh": 251,
  "t": "Beta",
  "rh": 12,
  "ll": {
    "lat": 28.402754,
    "long": -144.767242
  },
  "pa": "p1,p11,p12,p14,p15,p16,p18,p19,p2,p21,p24,p25,p27,p28,p29,p31,p32,p33,p36,p37,p38,p39,p4,p40,p41,p42,p8,p9,t3,t4,t6",
  "pp": "p10,p13,p17,p20,p22,p23,p26,p3,p30,p34,p35,p5,p6,p7,t1,t2,t5,t7,t8",
  "og": "CEIMNPRS",
  "ao": [
    "C05-ta,or-L12-",
    "C14-ta,ur-L11-",
    "E17-ur,ta-B10-",
    "E25-ta,re-L14-",
    "I08-to,to-C8-",
    "M01-or-T7-",
    "N01-ta,to-L13-",
    "N12-ta,or-L12-",
    "P08-to,re-C13-",
    "P27-to-C7-",
    "R17-ca,to-H15-",
    "R25-to,ur-C10-",
    "S01-or,re-T13-"
  ],
  "rth": "t2:12"
}