{
  "sid": "GR513",
  "idx": 2,
  "sh": 76,
  "t": "Alpha",
  "rh": 204,
  "ll": {
    "lat": -24.928978,
    "long": -49.649189
  },
  "pa": "p1,p10,p14,p16,p17,p18,p19,p2,p20,p22,p24,p25,p28,p29,p3,p30,p31,p32,p33,p34,p36,p37,p38,p39,p4,p40,p41,p5,p6,p8,t12,t6,t7,t8",
  "pp": "p11,p12,p13,p15,p21,p23,p26,p27,p35,p42,p7,p9,t1,t10,t11,t2,t3,t4,t5,t9",
  "og": "BCFGHJMP",
  "ao": [
    "B20-to,to-C2-",
    "B21-to,re-C1-",
    "C02-to,ur-C4-",
    "C07-to,ta-C5-",
    "F05-ur,ur-B2-",
    "F17-ur,to-B6-",
    "G03-ca,or-H5-",
    "H01-ca,ta-H4-",
    "J01-ca-H1-",
    "M10-ta,ta-L2-",
    "M18-ta,ta-L2-",
    "M19-ta,ca-L3-",
    "P03-or,to-T6-",
    "P12-or-T1-"
  ],
  "rth": "t4:204"
}