{
  "sid": "GR383",
  "idx": 2,
  "sh": 85,
  "t": "Beta",
  "rh": -1,
  "ll": {
    "lat": 1.050882,
    "long": -49.383057
  },
  "pa": "p1,p14,p15,p16,p17,p18,p2,p22,p24,p26,p27,p29,p3,p31,p32,p33,p34,p35,p36,p37,p38,p39,p4,p41,p42,p5,t1,t2,t3,t4,t5,t6,t7,t8",
  "pp": "p10,p11,p12,p13,p19,p20,p21,p23,p25,p28,p30,p40,p6,p7,p8,p9,t1,t2,t3,t5,t6,t7",
  "og": "BDFHQTU",
  "ao": [
    "B04-or,ca-T9-",
    "D12-ca-H8-",
    "F05-ca,re-H14-",
    "H09-or,or-T8-",
    "Q05-or,ur-T10-",
    "T05-ca,or-H12-",
    "T09-ca,re-H14-",
    "U07-ur,ta-B10-",
    "U09-ur,ta-B10-",
    "U17-or,or-T8-"
  ]
}