{
  "sid": "GR422",
  "idx": 2,
  "sh": 0,
  "t": "Alpha",
  "rh": 0,
  "ll": null,
  "pa": null,
  "pp": null,
  "pe": null,
  "og": "ABDFGHLMOQ",
  "ao": [
    "A11-to,ca-C3-",
    "A12-to,ur-C4-",
    "A16-ca,ta-H4-",
    "B05-to,to-C2-",
    "B07-to,or-C6-",
    "D01-or,to-C6-",
    "D08-or,ta-T5-",
    "F11-ur,ur-B2-",
    "F15-ur,ta-B4-",
    "G02-ca,ur-H3-",
    "H04-ca,ca-H2-",
    "L02-ca,ta-H4-",
    "M11-ta,ca-L3-",
    "M20-ta,ur-L4-",
    "M24-ta,re-L7-",
    "O17-or,ur-T4-",
    "O19-or,ta-T5-",
    "Q04-ta,ca-L3-",
    "Q14-ta,ca-L3-",
    "Q24-ta,ur-L4-"
  ]
}