{
  "sid": "GR373",
  "idx": 2,
  "sh": 188,
  "t": "Alpha",
  "rh": -1,
  "ll": {
    "lat": -45.081059,
    "long": -53.79969
  },
  "pa": "p1,p10,p11,p14,p15,p17,p18,p19,p2,p24,p26,p29,p3,p30,p32,p33,p34,p35,p38,p39,p40,p41,p5,p8,p9,t1,t10,t11,t12,t2,t3,t4,t5,t6,t7,t8,t9",
  "pp": "p12,p13,p16,p20,p21,p23,p25,p27,p28,p37,p6,p7",
  "pe": "p22,p31,p36,p4",
  "og": "ABDEFHJKLMOP",
  "ao": [
    "A10-to,to-C2-",
    "A17-or-T1-",
    "A20-or,ur-T4-",
    "B09-to,ur-C4-",
    "B12-to,ur-C4-",
    "D03-or,ur-T4-",
    "D13-or,to-T6-",
    "E09-ca-H1-",
    "F07-ur,ur-B2-",
    "F10-ur,ca-B3-",
    "H05-ca-H1-",
    "J06-ca,or-H5-",
    "K07-or,ca-T3-",
    "K10-ca,or-H5-",
    "L09-ca-H1-",
    "M12-ta,ur-L4-",
    "M14-ta,ta-L6-",
    "M22-ta,ta-L6-",
    "O12-or,to-T6-",
    "O20-or,to-T6-",
    "P01-or,to-T6-",
    "P10-or,or-T2-"
  ]
}