{
  "sid": "GR319",
  "idx": 2,
  "sh": 127,
  "t": "Gamma",
  "rh": 155,
  "ll": {
    "lat": 0.469522,
    "long": 55.585617
  },
  "pa": "p1,p12,p13,p14,p15,p17,p18,p19,p2,p20,p23,p26,p31,p33,p34,p35,p37,p38,p39,p41,p43,p5,p9,t1,t3,t6",
  "pp": "p10,p11,p16,p21,p22,p24,p25,p27,p28,p29,p3,p30,p32,p36,p4,p40,p42,p6,p7,p8,t2,t4,t5,t7,t8,t9",
  "og": "CDEFGJLMOPQ",
  "ao": [
    "C05-to-C14-",
    "C08-to,or-C19-",
    "C15-to,ca-C16-",
    "D03-ta,ur-L18-",
    "D08-ta,ta-L16-",
    "E05-ca,ta-H20-",
    "E08-ca,ca-H18-",
    "F04-or,or-T15-",
    "F05-or-T14-",
    "F07-or,ur-T17-",
    "G07-or,re-T20-",
    "G13-or,to-T19-",
    "J03-ca,or-H21-",
    "J05-ca,ta-H20-",
    "L05-or,re-T20-",
    "L08-or,ta-T18-",
    "L14-or,re-T20-",
    "M07-to,or-C19-",
    "M08-to,ca-C16-",
    "M10-to,ta-C18-",
    "O05-ca,to-H17-",
    "O07-ca,ca-H18-",
    "P09-to-C14-",
    "P16-to,ca-C16-",
    "P22-to,or-C19-",
    "Q05-ca,or-H21-",
    "Q08-ca,ca-H18-"
  ],
  "rth": "t2:157,t4:156,t5:155,t7:160,t8:156,t9:153"
}