{
  "sid": "GR327",
  "idx": 1,
  "sh": 0,
  "t": "Gamma",
  "rh": 0,
  "ll": null,
  "pa": null,
  "pp": null,
  "pe": null,
  "og": "CDEFGILPQRS",
  "ao": [
    "C05-to-C14-",
    "C09-to,ur-C17-",
    "D02-ta,re-L21-",
    "E04-ca,ur-H19-",
    "F07-or,ur-T17-",
    "F14-or,or-T15-",
    "G04-or,to-T19-",
    "I04-ur,to-B18-",
    "I14-ur,re-B19-",
    "L05-or,re-T20-",
    "L09-or,to-T19-",
    "P13-to,or-C19-",
    "P16-to,ca-C16-",
    "Q04-ca,ur-H19-",
    "R19-to-C14-",
    "R21-to,ca-C16-",
    "S01-ca,ca-H18-"
  ]
}