{
  "sid": "GR518",
  "idx": 2,
  "sh": -1,
  "t": "Alpha",
  "rh": -1,
  "ll": {
    "lat": 45.271603,
    "long": -94.208862
  },
  "og": "ABCDEFGIKMQ",
  "ao": [
    "A04-ta,re-L7-",
    "A14-ca,ca-H2-",
    "A16-ca,ta-H4-",
    "B06-to,re-C1-",
    "B07-to,or-C6-",
    "C04-to,ca-C3-",
    "C08-to,to-C2-",
    "D04-or,ca-T3-",
    "D08-or,ta-T5-",
    "E08-ca,ca-H2-",
    "F11-ur,ur-B2-",
    "F18-ur,to-B6-",
    "G01-ca,ca-H2-",
    "I03-ur,re-B1-",
    "I19-ur,or-B5-",
    "K11-ca,or-H5-",
    "K18-to,to-C2-",
    "M10-ta,ta-L2-",
    "M19-ta,ca-L3-",
    "M24-ta,re-L7-",
    "Q04-ta,ca-L3-",
    "Q05-ta,ur-L4-",
    "Q09-ta,re-L7-"
  ]
}