{
  "sid": "GR438",
  "idx": 1,
  "sh": 94,
  "t": "Beta",
  "rh": 219,
  "ll": {
    "lat": 53.076237,
    "long": -41.167397
  },
  "pa": "p1,p10,p12,p16,p17,p18,p19,p2,p20,p21,p22,p25,p26,p27,p28,p3,p30,p31,p32,p33,p34,p35,p36,p38,p39,p4,p40,p41,p42,p7,t1,t4,t5",
  "pp": "p11,p13,p14,p15,p16,p17,p23,p24,p29,p37,p5,p6,p8,p9,t2,t3,t6,t7,t8",
  "og": "FKPRU",
  "ao": [
    "F05-ca,re-H14-",
    "K14-to,ur-C10-",
    "K18-to,or-C12-",
    "P14-to,ur-C10-",
    "P18-to,ta-C11-",
    "R06-to,ur-C10-",
    "R08-to-C7-",
    "U23-ur,or-B11-",
    "U29-ur,ca-B9-",
    "U48-ur,ur-B8-"
  ]
}