{
  "sid": "GR489",
  "idx": 2,
  "sh": 122,
  "t": "Gamma",
  "rh": 152,
  "ll": {
    "lat": -49.330994,
    "long": 11.428535
  },
  "pa": "p10,p12,p14,p15,p17,p18,p2,p27,p3,p33,p34,p37,p39,p41,p9,t1,t2,t6,t8,t9",
  "pp": "p1,p11,p13,p16,p19,p20,p21,p22,p23,p24,p25,p26,p28,p29,p30,p31,p32,p35,p36,p38,p4,p40,p42,p43,p5,p6,p7,p8,t3,t4,t5,t7",
  "og": "ACDEGHIKNOPQR",
  "ao": [
    "A17-ur,ur-B14-",
    "A21-ur,re-B19-",
    "C05-to-C14-",
    "C13-to,re-C20-",
    "D04-ta,ca-L17-",
    "E09-ca,to-H17-",
    "G12-or,re-T20-",
    "H10-ta,ta-L16-",
    "H18-ta,ta-L16-",
    "H37-ta,ta-L16-",
    "H40-ta,ta-L16-",
    "H55-ta,ta-L16-",
    "I06-ur-B13-",
    "I08-ur,ca-B15-",
    "K06-or,ur-T17-",
    "K13-or,or-T15-",
    "N03-or,ca-T16-",
    "N10-or-T14-",
    "O06-ca,or-H21-",
    "P17-to,to-C15-",
    "P21-to,re-C20-",
    "Q09-ca,to-H17-",
    "R09-ca,ur-H19-",
    "R19-to-C14-"
  ],
  "rth": "t5:152"
}