{
  "sid": "GR472",
  "idx": 2,
  "sh": -1,
  "t": "Gamma",
  "rh": -1,
  "ll": null,
  "pa": null,
  "pp": null,
  "pe": null,
  "og": "AEFHIJLMNOPRS",
  "ao": [
    "A14-ur,or-B17-",
    "A22-ur,to-B18-",
    "E08-ca,ca-H18-",
    "F04-or,or-T15-",
    "F15-or-T14-",
    "H10-ta,ta-L16-",
    "H20-ta-L15-",
    "H21-ta-L15-",
    "H29-ta-L15-",
    "H54-ta,ca-L17-",
    "I10-ur,or-B17-",
    "I15-ur,to-B18-",
    "J03-ca,or-H21-",
    "L08-or,ta-T18-",
    "L13-or,to-T19-",
    "M08-to,ca-C16-",
    "M14-to-C14-",
    "N02-or,or-T15-",
    "N07-or,ca-T16-",
    "O07-ca,ca-H18-",
    "P14-to,ta-C18-",
    "P22-to,or-C19-",
    "R07-to,re-C20-",
    "R23-to,ta-C18-",
    "S07-ca,ta-H20-"
  ]
}