{
  "sid": "GR458",
  "idx": 1,
  "sh": 0,
  "t": "Beta",
  "rh": 0,
  "ll": null,
  "pa": null,
  "pp": null,
  "pe": null,
  "og": "ABCKLRS",
  "ao": [
    "A04-ca-H8-",
    "A09-ca,ur-H10-",
    "B01-or-T7-",
    "B04-or,re-T9-",
    "C19-ta,ca-L10-",
    "K03-to,or-C12-",
    "K14-to,ur-C10-",
    "K23-to,ur-C10-",
    "L03-or,ta-T11-",
    "L05-or,re-T12-",
    "R01-to,ur-C10-",
    "R03-ca,ta-H10-",
    "R06-to,ur-C10-",
    "S02-or,re-T12-",
    "S03-or,re-T13-"
  ]
}