{
  "sid": "GR373",
  "idx": 2,
  "sh": -1,
  "t": "Alpha",
  "rh": -1,
  "og": "ABDEFHJKLMOP",
  "ao": [
    "A10-to,to-C2-",
    "A17-or-T1-",
    "A20-or,ur-T4-",
    "B09-to,ur-C4-",
    "B12-to,ur-C4-",
    "D03-or,ur-T4-",
    "D13-or,to-T6-",
    "E09-ca-H1-",
    "F07-ur,ur-B2-",
    "F10-ur,ca-B3-",
    "H05-ca-H1-",
    "J06-ca,or-H5-",
    "K07-or,ca-T3-",
    "K10-ca,or-H5-",
    "L09-ca-H1-",
    "M12-ta,ur-L4-",
    "M14-ta,ta-L6-",
    "M22-ta,ta-L6-",
    "O12-or,to-T6-",
    "O20-or,to-T6-",
    "P01-or,to-T6-",
    "P10-or,or-T2-"
  ]
}