{
  "sid": "GR488",
  "idx": 1,
  "sh": 31,
  "t": "Alpha",
  "rh": 153,
  "ll": {
    "lat": 49.371143,
    "long": -28.955641
  },
  "pa": "p10,p11,p12,p14,p16,p17,p18,p2,p20,p21,p22,p27,p28,p29,p31,p32,p33,p34,p35,p37,p38,p39,p40,p41,p6,p7,p8,t1,t12,t2,t3,t4,t9",
  "pp": "p1,p13,p15,p19,p23,p24,p25,p26,p30,p36,p4,p42,p5,p9,t10,t11,t5,t6,t7,t8",
  "pe": "p3",
  "og": "CFGHJKMP",
  "ao": [
    "C02-to,ur-C4-",
    "C04-to,ca-C3-",
    "F05-ur,ur-B2-",
    "F19-ur,or-B5-",
    "G03-ca,or-H5-",
    "H01-ca,ta-H4-",
    "J02-ca,re-H7-",
    "K05-or,or-T2-",
    "K19-to,ur-C4-",
    "M11-ta,ca-L3-",
    "M18-ta,ta-L2-",
    "M19-ta,ca-L3-",
    "P03-or,to-T6-",
    "P13-or-T1-"
  ],
  "rth": "t5:153"
}