{
  "sid": "GR432",
  "idx": 2,
  "sh": 340,
  "t": "Beta",
  "rh": -1,
  "ll": {
    "lat": 21.837429,
    "long": -142.42598
  },
  "pa": "p1,p10,p13,p14,p16,p17,p18,p19,p22,p25,p27,p28,p29,p3,p31,p33,p34,p36,p37,p38,p4,p40,p42,p6,p8,t4,t5,t8",
  "pp": "p11,p12,p15,p2,p20,p21,p23,p24,p26,p30,p32,p35,p39,p41,p5,p7,p9,t1,t2,t3,t6,t7",
  "og": "FHIQR",
  "ao": [
    "F08-ca,re-H16-",
    "H07-or,ur-T10-",
    "I11-to-C7-",
    "Q03-or,ca-T9-",
    "R11-ca,ca-H9-",
    "R24-ur,or-B11-"
  ]
}