{
  "sid": "GR329",
  "idx": 1,
  "sh": 122,
  "t": "Gamma",
  "rh": 151,
  "ll": {
    "lat": -42.053898,
    "long": 97.562523
  },
  "pa": "p10,p13,p14,p15,p18,p2,p23,p26,p28,p29,p31,p34,p36,p40,p41,p42,t1,t3,t6,t8",
  "pp": "p11,p12,p16,p17,p19,p20,p21,p22,p24,p25,p27,p3,p30,p32,p33,p35,p37,p38,p39,p4,p5,p6,p7,p8,p9,t2,t4,t5,t7",
  "pe": "p1",
  "og": "ADEFGIJKLNOQS",
  "ao": [
    "A09-ur-B13-",
    "A19-ur,ur-B14-",
    "D08-ta,ta-L16-",
    "E07-ca,to-H17-",
    "F05-or-T14-",
    "F08-or,ca-T16-",
    "G03-or,re-T20-",
    "I05-ur,re-B19-",
    "I17-ur,ta-B16-",
    "J03-ca,or-H21-b",
    "K05-or,re-T20-",
    "K08-or,or-T15-",
    "L08-or,ta-T18-",
    "L14-or,re-T20-",
    "N01-or-T14-",
    "N07-or,ca-T16-",
    "O07-ca,ca-H18-",
    "Q07-ca,ta-H20-",
    "S05-ca,ur-H19-"
  ]
}