{
  "sid": "GR428",
  "idx": 2,
  "sh": 227,
  "t": "Beta",
  "rh": 347,
  "ll": {
    "lat": 31.671568,
    "long": 135.454132
  },
  "pa": "p11,p12,p13,p15,p16,p18,p19,p2,p20,p21,p22,p23,p26,p28,p3,p30,p32,p33,p35,p36,p37,p38,p39,p4,p42,p6,p7,p8,p9,t6,t8",
  "pp": "p1,p10,p14,p17,p24,p25,p27,p29,p31,p34,p40,p41,p5,t1,t2,t3,t4,t5,t7",
  "og": "CDLOQ",
  "ao": [
    "C16-ta,ta-L9-",
    "C22-ta,ur-L11-",
    "D11-ca,re-H10-",
    "L02-or,ur-T10-",
    "O01-or,re-T13-",
    "Q03-or,ca-T9-"
  ],
  "rth": "t1:347,t2:347,t3:347,t4:347,t5:347,t7:347"
}