{
  "sid": "GR414",
  "idx": 1,
  "sh": 0,
  "t": "Gamma",
  "rh": 0,
  "ll": null,
  "pa": null,
  "pp": null,
  "pe": null,
  "og": "ACEGHIKLOPRS",
  "ao": [
    "A02-ur-B13-",
    "A14-ur,or-B17-",
    "C03-to,ta-C18-",
    "C14-to,ca-C16-",
    "E02-ca,ta-H20-",
    "G08-or,to-T19-",
    "H04-ta,ca-L17-",
    "H13-ta,re-L21-",
    "H15-ta,or-L19-",
    "H17-ta,ca-L17-",
    "H48-ta,ur-L18-",
    "I11-ur,to-B18-",
    "I12-ur,ur-B14-",
    "K03-or,or-T15-",
    "K15-or,re-T20-",
    "L03-or,ta-T18-",
    "L13-or,to-T19-",
    "O04-ca,or-H21-",
    "P14-to,ta-C18-",
    "R23-to,ta-C18-",
    "R24-to,or-C19-",
    "S01-ca,ca-H18-"
  ]
}