{
  "sid": "GR491",
  "idx": 1,
  "sh": 330,
  "t": "Alpha",
  "rh": 95,
  "ll": {
    "lat": 4.855154,
    "long": -132.646561
  },
  "pa": "p1,p10,p11,p14,p15,p19,p2,p20,p21,p22,p25,p27,p3,p30,p32,p33,p35,p37,p38,p39,p4,p40,p6,p8,t10,t12,t3,t8",
  "pp": "p12,p13,p16,p17,p18,p23,p24,p26,p28,p29,p34,p36,p5,p7,p9,t1,t11,t2,t4,t5,t6,t7,t9",
  "pe": "p31,p41",
  "og": "ABDGIKLMNOPQ",
  "ao": [
    "A10-to,to-C2-",
    "A15-ca,ur-H3-",
    "A20-or,ur-T4-",
    "B07-to,or-C6-",
    "B09-to,ur-C4-",
    "D08-or,ta-T5-",
    "D13-or,to-T6-",
    "G01-ca,ca-H2-",
    "I07-ur,ca-B3-",
    "I11-ur,ta-B4-",
    "K07-or,ca-T3-",
    "K11-ca,or-H5-",
    "L09-ca-H1-",
    "M12-ta,ur-L4-",
    "M21-ta,or-L5-",
    "M22-ta,ta-L6-",
    "N09-ca-H1-",
    "O17-or,ur-T4-",
    "O20-or,to-T6-",
    "P01-or,to-T6-",
    "P11-or,or-T2-",
    "Q03-ta,ca-L3-",
    "Q25-ta,or-L5-",
    "Q28-ta,ta-L6-"
  ]
}