{
  "sid": "GR319",
  "idx": 2,
  "sh": 58,
  "t": "Gamma",
  "rh": -1,
  "ll": {
    "lat": 0.469522,
    "long": 55.585617
  },
  "og": "CDEFGJLMOPQ",
  "ao": [
    "C05-to-C14-",
    "C08-to,or-C19-",
    "C15-to,ca-C16-",
    "D03-ta,ur-L18-",
    "D08-ta,ta-L16-",
    "E05-ca,ta-H20-",
    "E08-ca,ca-H18-",
    "F04-or,or-T15-",
    "F05-or-T14-",
    "F07-or,ur-T17-",
    "G07-or,re-T20-",
    "G13-or,to-T19-",
    "J03-ca,or-H21-",
    "J05-ca,ta-H20-",
    "L05-or,re-T20-",
    "L08-or,ta-T18-",
    "L14-or,re-T20-",
    "M07-to,or-C19-",
    "M08-to,ca-C16-",
    "M10-to,ta-C18-",
    "O05-ca,to-H17-",
    "O07-ca,ca-H18-",
    "P09-to-C14-",
    "P16-to,ca-C16-",
    "P22-to,or-C19-",
    "Q05-ca,or-H21-",
    "Q08-ca,ca-H18-"
  ]
}