{
  "sid": "GR419",
  "idx": 2,
  "sh": 257,
  "t": "Beta",
  "rh": 18,
  "ll": {
    "lat": 34.525944,
    "long": 87.780167
  },
  "pa": "p10,p11,p12,p14,p16,p18,p19,p2,p22,p23,p24,p25,p26,p27,p28,p31,p32,p33,p34,p35,p36,p37,p38,p4,p41,p42,t2,t3,t5",
  "pp": "p1,p13,p15,p17,p20,p21,p29,p3,p30,p39,p40,p5,p6,p7,p8,p9,t1,t4,t6,t7,t8",
  "og": "BEFMOQ",
  "ao": [
    "B01-or-T7-",
    "B02-or,or-T8-",
    "E10-to-C7-",
    "E12-to,ca-C9-",
    "E23-ta,or-L12-",
    "F03-ca,ca-H9-",
    "F08-ca,re-H16-",
    "M01-or-T7-",
    "M03-or,or-T8-",
    "O01-or,re-T13-",
    "O03-or,re-T13-",
    "Q03-or,ca-T9-",
    "Q06-or,ta-T11-"
  ]
}