{
  "sid": "GR464",
  "idx": 1,
  "sh": 74,
  "t": "Alpha",
  "rh": 196,
  "ll": {
    "lat": -25.143946,
    "long": 36.250561
  },
  "pa": "p1,p10,p11,p14,p16,p18,p19,p21,p22,p23,p25,p27,p28,p3,p30,p33,p35,p36,p37,p38,p39,p4,p40,p41,p42,p6,p7,p8,p9,t12,t3,t5,t6",
  "pp": "p12,p13,p15,p17,p2,p20,p24,p26,p29,p32,p34,p5,t1,t10,t11,t2,t4,t7,t8,t9",
  "pe": "p31",
  "og": "ACFGHIKLNO",
  "ao": [
    "A02-ta-L1-",
    "A11-to,ca-C3-",
    "A17-or-T1-",
    "C01-to,ur-C4-",
    "C02-to,ur-C4-",
    "F05-ur,ur-B2-",
    "F14-ur,ca-B3-",
    "G02-ca,ur-H3-",
    "H04-ca,ca-H2-",
    "I05-ur,ur-B2-",
    "I14-ur,or-B5-",
    "K05-or,or-T2-",
    "K14-ca,or-H5-",
    "L02-ca,ta-H4-",
    "N02-ca,ta-H4-",
    "O16-or,ca-T3-",
    "O19-or,ta-T5-"
  ],
  "rth": "t1:196,t2:196,t4:196,t7:196,t8:196,t9:196,t10:196,t11:196"
}