{
  "sid": "GR437",
  "idx": 1,
  "sh": 208,
  "t": "Gamma",
  "rh": 247,
  "ll": {
    "lat": 10.569999,
    "long": -2.05828
  },
  "pa": "p10,p14,p18,p19,p20,p25,p26,p27,p28,p29,p31,p34,p35,p36,p37,p38,p40,p42,p5,t1,t2,t3,t6,t8",
  "pp": "p11,p12,p13,p15,p16,p17,p2,p21,p22,p23,p24,p3,p30,p32,p33,p39,p4,p41,p43,p6,p7,p8,p9,t4,t5,t7,t9",
  "og": "BCEFGHJLNPR",
  "ao": [
    "B08-ur,ur-B14-",
    "B23-ur,or-B17-",
    "C09-to,ur-C17-",
    "C10-to,to-C15-",
    "E06-ca,ca-H18-",
    "F05-or-T14-",
    "F14-or,or-T15-",
    "G14-or,ta-T18-",
    "H05-ta,ur-L18-",
    "H13-ta,re-L21-",
    "H26-ta,to-L20-",
    "H27-ta,re-L21-",
    "H42-ta,ur-L18-",
    "J08-ca,to-H17-",
    "L09-or,to-T19-",
    "L10-or,re-T20-",
    "N05-or-T14-",
    "N06-or,or-T15-",
    "P08-to,to-C15-",
    "P23-to,ta-C18-",
    "R03-to,ca-C16-",
    "R21-to,ca-C16-"
  ],
  "rth": "t7:247"
}