{
  "sid": "GR514",
  "idx": 1,
  "sh": -1,
  "t": "Alpha",
  "rh": -1,
  "ll": {
    "lat": 0.656817,
    "long": 133.632217
  },
  "og": "CDFHIJKLMO",
  "ao": [
    "C01-to,ur-C4-",
    "C04-to,ca-C3-",
    "D01-to,or-C6-",
    "D04-or,ca-T3-",
    "F15-ur,ta-B4-",
    "F19-ur,or-B5-",
    "H04-ca,ca-H2-",
    "I14-ur,or-B5-",
    "I19-ur,or-B5-",
    "J04-ca,to-H6-",
    "K15-ca,or-H5-",
    "K19-to,ur-C4-",
    "L02-ca,ta-H4-",
    "M12-ta,ur-L4-",
    "M19-ta,ca-L3-",
    "M20-ta,ur-L4-",
    "O10-or,ur-T4-",
    "O19-or,ta-T5-"
  ]
}