{
  "sid": "GR456",
  "idx": 1,
  "sh": 5,
  "t": "Alpha",
  "rh": 127,
  "ll": {
    "lat": -37.659351,
    "long": 64.195709
  },
  "pa": "p1,p10,p14,p15,p16,p17,p18,p22,p23,p25,p28,p29,p3,p31,p33,p34,p35,p36,p37,p39,p40,p41,p6,p8,p9,t11,t12,t4,t9",
  "pp": "p11,p12,p13,p19,p2,p20,p21,p24,p26,p27,p30,p32,p38,p4,p5,p7,t1,t10,t2,t3,t5,t6,t7,t8",
  "og": "DEFHIJKLQ",
  "ao": [
    "D06-to,or-C6-",
    "D11-to,or-C6-",
    "E05-ca,to-H6-",
    "F08-ur,ur-B2-",
    "F22-ur,or-B5-",
    "H03-ca,ur-H3-",
    "I15-ur,or-B5-",
    "I20-ur,to-B6-",
    "J05-ca,ta-H4-",
    "K08-or,ca-T3-",
    "K22-to,or-C6-",
    "L05-ca,to-H6-",
    "Q17-ta,ta-L6-",
    "Q23-ta,ca-L3-",
    "Q26-ta,ta-L6-"
  ]
}