{
  "sid": "GR374",
  "idx": 1,
  "sh": 187,
  "t": "Gamma",
  "rh": 220,
  "ll": {
    "lat": 41.275333,
    "long": -16.668974
  },
  "pa": "p1,p10,p12,p14,p17,p2,p20,p25,p26,p27,p29,p3,p30,p33,p35,p36,p37,p39,p41,p42,t1,t5,t7,t8",
  "pp": "p11,p13,p15,p16,p18,p19,p21,p22,p23,p24,p28,p31,p32,p34,p38,p4,p40,p43,p5,p6,p7,p8,p9,t2,t3,t4,t6,t9",
  "og": "ADEFGHIKMOR",
  "ao": [
    "A06-ur,ta-B16-",
    "A22-ur,to-B18-",
    "D15-ta-L15-",
    "E08-ca,ca-H18-",
    "F04-or,or-T15-",
    "F13-or,ca-T16-",
    "G07-or,re-T20-",
    "H40-ta,ta-L16-",
    "H49-ta,ca-L17-",
    "H53-ta,ur-L18-",
    "H54-ta,ca-L17-",
    "H56-ta-L15-",
    "I15-ur,to-B18-",
    "I18-ur,ca-B15-",
    "K04-or-T14-",
    "K13-or,or-T15-",
    "M05-to-C14-",
    "M08-to,ca-C16-",
    "O07-ca,ca-H18-",
    "R07-to,re-C20-",
    "R18-ca,to-H17-"
  ],
  "rth": "t9:220"
}