{
  "sid": "GR502",
  "idx": 1,
  "sh": 0,
  "t": "Alpha",
  "rh": 0,
  "ll": null,
  "pa": null,
  "pp": null,
  "pe": null,
  "og": "BCFGHIJLMOPQ",
  "ao": [
    "B12-to,ur-C4-",
    "B15-to,ur-C4-",
    "C03-to,ca-C3-",
    "C13-to,re-C1-",
    "F04-ur,re-B1-",
    "F06-ur,ur-B2-",
    "G01-ca,ca-H2-",
    "H05-ca-H1-",
    "I04-ur,re-B1-",
    "I06-ur,ca-B3-",
    "J07-ca,ca-H2-",
    "L07-ca,to-H6-",
    "M06-ta,ta-L6-",
    "M07-ta,re-L7-",
    "M22-ta,ta-L6-",
    "O05-or,ta-T5-",
    "O06-or,to-T6-",
    "P01-or,to-T6-",
    "P06-or,ca-T3-",
    "Q01-ta,ta-L2-",
    "Q03-ta,ca-L3-",
    "Q22-ta,ta-L2-"
  ]
}