{
  "sid": "GR516",
  "idx": 1,
  "sh": 255,
  "t": "Gamma",
  "rh": 297,
  "ll": {
    "lat": 43.100727,
    "long": 52.397034
  },
  "pa": "p1,p10,p12,p13,p14,p18,p19,p2,p23,p25,p26,p27,p28,p3,p31,p33,p34,p35,p38,p40,p42,p9,t1,t3,t4",
  "pp": "p11,p15,p16,p17,p20,p21,p22,p24,p29,p30,p32,p36,p37,p39,p4,p41,p43,p5,p6,p7,p8,t2,t5,t6,t7,t8,t9",
  "og": "ACDGHIMNOQS",
  "ao": [
    "A06-ur,ta-B16-",
    "A27-ur-B13-",
    "C02-to,or-C19-",
    "C08-to,or-C19-",
    "D01-ca,or-H21-",
    "G05-or,ta-T18-",
    "H03-ta,ta-L16-",
    "H11-ta,or-L19-",
    "H24-ta,ur-L18-",
    "H44-ta,to-L20-",
    "H49-ta,ca-L17-",
    "I01-ur,ca-B15-",
    "I15-ur,to-B18-",
    "M01-to,re-C20-",
    "M08-to,ca-C16-",
    "N07-or,ca-T16-",
    "N13-or,ur-T17-",
    "O02-ca,ta-H20-",
    "Q03-ca,or-H21-",
    "S08-ca,ta-H20-"
  ],
  "rth": "t2:285,t5:285,t6:297,t7:285,t8:285,t9:285"
}