{
  "sid": "GR314",
  "idx": 1,
  "sh": 138,
  "t": "Alpha",
  "rh": 78,
  "ll": {
    "lat": -54.467453,
    "long": 145.726105
  },
  "pa": "p1,p10,p11,p12,p13,p14,p15,p19,p20,p23,p25,p29,p3,p30,p32,p33,p34,p36,p37,p38,p4,p40,p8,p9,t11,t12,t2,t3,t4,t7",
  "pp": "p16,p17,p18,p2,p21,p24,p26,p27,p28,p35,p39,p5,p6,p7,t1,t10,t5,t6,t8,t9",
  "pe": "p22,p31",
  "og": "ABCEFHIOPQ",
  "ao": [
    "A04-ta,re-L7-",
    "A12-to,ur-C4-",
    "A13-ca-H1-",
    "A17-or-T1-",
    "B02-to,to-C2-",
    "B03-to,re-C1-",
    "B20-to,to-C2-",
    "C01-to,ur-C4-",
    "C04-to,ca-C3-",
    "C07-to,ta-C5-",
    "E04-ca,re-H7-",
    "E08-ca,ca-H2-",
    "F01-ur,re-B1-",
    "F14-ur,ca-B3-",
    "F17-ur,to-B6-",
    "H01-ca,ta-H4-",
    "H04-ca,ca-H2-",
    "I11-ur,ta-B4-",
    "I17-ur,to-B6-",
    "I18-ur,to-B6-",
    "O04-or,ur-T4-",
    "O11-or,ta-T5-",
    "O15-or,or-T2-",
    "P05-or,ta-T5-",
    "P12-or-T1-",
    "P13-or-T1-",
    "Q06-ta,or-L5-",
    "Q09-ta,re-L7-",
    "Q14-ta,ca-L3-",
    "Q21-ta,ta-L2-"
  ]
}