{
  "sid": "GR508",
  "idx": 1,
  "sh": 0,
  "t": "Alpha",
  "rh": 0,
  "ll": null,
  "pa": null,
  "pp": null,
  "pe": null,
  "og": "ACEGHIJKNOPQ",
  "ao": [
    "A03-ta,ta-L6-",
    "A11-to,ca-C3-",
    "A17-or-T1-",
    "C03-to,ca-C3-",
    "C07-to,ta-C5-",
    "E07-ca,to-H6-",
    "G01-ca,ca-H2-",
    "H05-ca-H1-",
    "I09-ur,or-B5-",
    "I10-ur,ta-B4-",
    "J06-ca,or-H5-",
    "K09-ca-H1-",
    "K10-ca,or-H5-",
    "N07-ca,to-H6-",
    "O03-or,ca-T3-",
    "O12-or,to-T6-",
    "P02-or,to-T6-",
    "P10-or,or-T2-",
    "Q07-ta,ta-L6-",
    "Q08-ta,re-L7-",
    "Q21-ta,ta-L2-"
  ]
}