{
  "sid": "GR566",
  "idx": 2,
  "sh": -1,
  "t": "Gamma",
  "rh": -1,
  "og": "BCDEFHIJKLMOS",
  "ao": [
    "B12-ur,re-B19-",
    "B19-ur,to-B18-",
    "C08-to,or-C19-",
    "C09-to,ur-C17-",
    "D02-ta,re-L21-",
    "E02-ca,ta-H20-",
    "F08-or,ca-T16-",
    "F14-or,or-T15-",
    "H07-ta,to-L20-",
    "H15-ta,or-L19-",
    "H17-ta,ca-L17-",
    "H36-ta,ca-L17-",
    "H46-ta,to-L20-",
    "I05-ur,re-B19-",
    "I11-ur,to-B18-",
    "J09-ca,ur-H19-",
    "K08-or,or-T15-",
    "K15-or,re-T20-",
    "L08-or,ta-T18-",
    "L09-or,to-T19-",
    "M03-to,ur-C17-",
    "M13-to,to-C15-",
    "O04-ca,or-H21-",
    "S01-ca,ca-H18-"
  ]
}