{
  "sid": "GR487",
  "idx": 2,
  "sh": 33,
  "t": "Beta",
  "rh": 153,
  "ll": {
    "lat": -31.837275,
    "long": 98.019241
  },
  "pa": "p1,p10,p14,p15,p16,p17,p18,p20,p24,p27,p28,p29,p3,p30,p31,p33,p34,p35,p36,p38,p40,p41,p42,p6,p8,p9,t2,t4,t5,t7",
  "pp": "p11,p12,p13,p19,p2,p21,p22,p23,p25,p26,p32,p37,p39,p4,p5,p7,t1,t3,t6,t8",
  "pe": null,
  "og": "JKLOQSU",
  "ao": [
    "J09-or,re-T12-",
    "K14-to,ur-C10-",
    "K22-to,ta-C11-",
    "L05-or,re-T12-",
    "O02-or,re-T13-",
    "Q05-or,ur-T10-",
    "S02-or,re-T12-",
    "U04-ur,or-B11-",
    "U29-ur,ca-B9-",
    "U53-or,re-T12-"
  ]
}