{
  "sid": "GR515",
  "idx": 2,
  "sh": 305,
  "t": "Alpha",
  "rh": 67,
  "ll": {
    "lat": -6.998212,
    "long": 168.776535
  },
  "pa": "p1,p11,p12,p14,p16,p17,p18,p19,p22,p27,p28,p3,p30,p31,p32,p33,p34,p35,p36,p38,p39,p4,p41,p8,p9,t11,t12,t4,t6,t8,t9",
  "pp": "p10,p13,p15,p2,p20,p21,p23,p24,p25,p26,p29,p37,p40,p5,p6,p7,t1,t10,t2,t3,t5,t7",
  "pe": "p42",
  "og": "ACGHJMNOP",
  "ao": [
    "A07-ur,ca-B3-",
    "A09-to,re-C1-",
    "A20-or,ur-T4-",
    "C06-to,ta-C5-",
    "C11-to,or-C6-",
    "G03-ca,or-H5-",
    "H03-ca,ur-H3-",
    "J05-ca,ta-H4-",
    "M05-ta,or-L5-",
    "M13-ta,or-L5-",
    "M22-ta,ta-L6-",
    "N06-ca,re-H7-",
    "O02-or,or-T2-",
    "O18-or,ta-T5-",
    "P07-or,ca-T3-",
    "P09-or,ur-T4-"
  ],
  "rth": "t1:67,t2:67,t3:67,t5:67,t7:67,t10:67"
}