{
  "sid": "GR421",
  "idx": 1,
  "sh": 185,
  "t": "Alpha",
  "rh": 306,
  "ll": {
    "lat": 42.421646,
    "long": 83.573105
  },
  "pa": "p1,p14,p15,p17,p18,p19,p2,p21,p22,p23,p24,p27,p28,p3,p30,p31,p34,p35,p36,p38,p39,p4,p40,p41,p5,p6,p7,p8,p9,t12,t2,t3,t5,t8,t9",
  "pp": "p10,p11,p12,p13,p16,p20,p25,p26,p29,p32,p33,p37,t1,t10,t11,t4,t6,t7",
  "pe": null,
  "og": "ABCGIJKLO",
  "ao": [
    "A08-ur,ta-B4-",
    "A15-ca,ur-H3-",
    "A16-ca,ta-H4-",
    "B01-to,ca-C3-",
    "B03-to,re-C1-",
    "C06-to,ta-C5-",
    "C08-to,to-C2-",
    "G02-ca,ur-H3-",
    "I11-ur,ta-B4-",
    "I20-ur,to-B6-",
    "J05-ca,ta-H4-",
    "K01-or-T1-",
    "K08-or,ca-T3-",
    "L05-ca,to-H6-",
    "O07-or-T1-",
    "O11-or,ta-T5-"
  ]
}