{
  "sid": "GR518",
  "idx": 2,
  "sh": 336,
  "t": "Alpha",
  "rh": 98,
  "ll": {
    "lat": 45.271603,
    "long": -94.208862
  },
  "pa": "p1,p13,p14,p17,p18,p19,p2,p20,p21,p24,p26,p27,p28,p29,p30,p31,p33,p34,p36,p37,p38,p39,p4,p41,p42,p6,p8,p9,t12,t2,t4,t5,t7",
  "pp": "p10,p11,p12,p15,p16,p22,p23,p25,p3,p32,p35,p40,p5,p7,t1,t10,t11,t3,t6,t8,t9",
  "og": "ABCDEFGIKMQ",
  "ao": [
    "A04-ta,re-L7-",
    "A14-ca,ca-H2-",
    "A16-ca,ta-H4-",
    "B06-to,re-C1-",
    "B07-to,or-C6-",
    "C04-to,ca-C3-",
    "C08-to,to-C2-",
    "D04-or,ca-T3-",
    "D08-or,ta-T5-",
    "E08-ca,ca-H2-",
    "F11-ur,ur-B2-",
    "F18-ur,to-B6-",
    "G01-ca,ca-H2-",
    "I03-ur,re-B1-",
    "I19-ur,or-B5-",
    "K11-ca,or-H5-",
    "K18-to,to-C2-",
    "M10-ta,ta-L2-",
    "M19-ta,ca-L3-",
    "M24-ta,re-L7-",
    "Q04-ta,ca-L3-",
    "Q05-ta,ur-L4-",
    "Q09-ta,re-L7-"
  ],
  "rth": "t1:98,t3:98,t6:98,t8:98,t9:98,t10:98,t11:98"
}