{
  "sid": "GR461",
  "idx": 1,
  "sh": 0,
  "t": "Alpha",
  "rh": 0,
  "ll": null,
  "pa": null,
  "pp": null,
  "pe": null,
  "og": "ABCDFGHJLOP",
  "ao": [
    "A07-ur,ca-B3-",
    "A12-to,ur-C4-",
    "A13-ca-H1-",
    "B02-to,to-C2-",
    "B03-to,re-C1-",
    "C01-to,ur-C4-",
    "C04-to,ca-C3-",
    "D01-or,to-C6-",
    "D04-or,ca-T3-",
    "F01-ur,re-B1-",
    "F14-ur,ca-B3-",
    "G01-ca,ca-H2-",
    "H04-ca,ca-H2-",
    "J03-ca,ur-H3-",
    "L08-ca,ca-H2-",
    "O11-or,ta-T5-",
    "O19-or,ta-T5-",
    "P05-or,ca-T5-",
    "P11-or,or-T2-"
  ]
}