{
  "sid": "GR316",
  "idx": 2,
  "sh": 271,
  "t": "Alpha",
  "rh": -1,
  "ll": {
    "lat": 17.325712,
    "long": -105.156517
  },
  "pa": "p1,p10,p11,p14,p15,p16,p17,p18,p19,p24,p27,p29,p3,p30,p31,p32,p33,p35,p38,p39,p4,p6,p8,t11,t12,t5,t6,t7",
  "pp": "p12,p13,p2,p20,p21,p23,p25,p26,p28,p34,p37,p40,p5,p7,p9,t1,t10,t2,t3,t4,t8,t9",
  "pe": "p22,p36",
  "og": "CEFHJLMNOPQ",
  "ao": [
    "C02-to,ur-C4-",
    "C03-to,ca-C3-",
    "C08-to,to-C2-",
    "E07-ca,to-H6-",
    "E08-ca,ca-H2-",
    "F03-ur,re-B1-",
    "F10-ur,ca-B3-",
    "F13-ur,ca-B3-",
    "H01-ca,ta-H4-",
    "H05-ca-H1-",
    "J06-ca,or-H5-",
    "J07-ca,ca-H2-",
    "L07-ca,to-H6-",
    "L08-ca,ca-H2-",
    "M14-ta,ta-L6-",
    "M17-ta-L1-",
    "M20-ta,ur-L4-",
    "M24-ta,re-L7-",
    "N07-ca,to-H6-",
    "N08-ca,ca-H2-",
    "O09-or,ca-T3-",
    "O12-or,to-T6-",
    "O17-or,ur-T4-",
    "P02-or,to-T6-",
    "P10-or,or-T2-",
    "P11-or,or-T2-",
    "Q04-ta,ca-L3-",
    "Q10-ta,or-L5-",
    "Q13-ta,ta-L2-",
    "Q15-ta,ur-L4-"
  ]
}