{
  "sid": "GR427",
  "idx": 1,
  "sh": 87,
  "t": "Gamma",
  "rh": 118,
  "ll": {
    "lat": -45.012508,
    "long": 87.42482
  },
  "pa": "p1,p10,p13,p14,p15,p17,p20,p26,p28,p29,p3,p32,p34,p37,p38,p39,p40,p41,p42,p43,t2,t4,t5,t7,t8",
  "pp": "p11,p12,p16,p18,p19,p2,p21,p22,p23,p24,p25,p27,p30,p31,p33,p35,p36,p4,p5,p6,p7,p8,p9,t1,t3,t6,t9",
  "og": "ABCDFHIJKMNQRS",
  "ao": [
    "A04-ur,to-B18-",
    "A12-ur,re-B19-",
    "B04-ur,to-B18-",
    "B12-ur,re-B19-",
    "C13-to,re-C20-",
    "C15-to,ca-C16-",
    "D14-ta-L15-",
    "F03-or,ca-T16-",
    "F10-or-T14-",
    "H02-ta-L15-",
    "H20-ta-L15-",
    "H32-ta,re-L21-",
    "H37-ta,ta-L16-",
    "H43-ta,or-L19-",
    "I16-ur,or-B17-",
    "I18-ur,ca-B15-",
    "J07-ca,or-H21-",
    "K03-or,or-T15-",
    "K05-or,re-T20-",
    "M10-to,ta-C18-",
    "M12-to,to-C15-",
    "N01-or-T14-",
    "N03-or,ca-T16-",
    "Q09-ca,to-H17-",
    "R08-ca,ta-H20-",
    "R12-to,ca-C16-",
    "S06-ca,ur-H19-"
  ],
  "rth": "t1:118,t6:132,t9:118"
}