{
  "sid": "GR433",
  "idx": 1,
  "sh": 357,
  "t": "Gamma",
  "rh": -1,
  "ll": {
    "lat": 44.894035,
    "long": 138.226364
  },
  "pa": "p2",
  "pp": "p4",
  "og": "ACEFGJKNORS",
  "ao": [
    "A07-ur,ca-B15-",
    "A18-ur-B13-",
    "C02-to,or-C19-",
    "C10-to,to-C15-",
    "E06-ca,ca-H18-",
    "F02-or,ur-T17-",
    "F07-or,ur-T17-",
    "G14-or,ta-T18-",
    "J08-ca,to-H17-",
    "K06-or,ur-T17-",
    "K07-or,ca-T16-",
    "N05-or-T14-",
    "N13-or,ur-T17-",
    "O01-ca,ur-H19-",
    "R04-to,ur-C17-",
    "R11-to,to-C15-",
    "S02-ca,ca-H18-"
  ]
}