{
  "sid": "GR500",
  "idx": 2,
  "sh": 0,
  "t": "Gamma",
  "rh": 0,
  "ll": null,
  "pa": null,
  "pp": null,
  "pe": null,
  "og": "BCDFGHIJOPQR",
  "ao": [
    "B05-ur,or-B17-",
    "B21-ur,re-B19-",
    "C13-to,re-C20-",
    "C15-to,ca-C16-",
    "D04-ta,ca-L17-",
    "F10-or-T14-",
    "F13-or,ca-T16-",
    "G12-or,re-T20-",
    "H03-ta,ta-L16-",
    "H09-ta,ca-L17-",
    "H18-ta,ta-L16-",
    "H24-ta,ur-L18-",
    "H52-ta,or-L19-",
    "I06-ur-B13-",
    "I16-ur,or-B17-",
    "J07-ca,or-H21-",
    "O06-ca,or-H21-",
    "P05-to,ta-C18-",
    "P21-to,re-C20-",
    "Q09-ca,to-H17-",
    "R09-ca,ur-H19-",
    "R13-to,ur-C17-"
  ]
}