{
  "sid": "GR509",
  "idx": 1,
  "sh": 273,
  "t": "Beta",
  "rh": 34,
  "ll": {
    "lat": 22.209421,
    "long": -112.090813
  },
  "pa": "p10,p14,p16,p17,p18,p21,p22,p23,p26,p29,p30,p32,p33,p34,p35,p36,p37,p4,p41,p42,p6,p9,t6",
  "pp": "p11,p12,p13,p15,p19,p20,p24,p25,p27,p28,p31,p38,p39,p40,p5,p7,p8,t1,t2,t3,t4,t5,t7,t8",
  "og": "GIJPQ",
  "ao": [
    "G07-ca,to-H13-",
    "G14-ca,re-H16-",
    "I02-to,ur-C10-",
    "J03-or,or-T8-",
    "P02-to,re-C13-",
    "P13-to,ca-C9-",
    "Q06-or,ta-T11-"
  ]
}