{
  "sid": "GR517",
  "idx": 1,
  "sh": -1,
  "t": "Alpha",
  "rh": -1,
  "ll": {
    "lat": -42.009892,
    "long": -84.964058
  },
  "og": "ABFGIJMNPQ",
  "ao": [
    "A03-ta,ta-L6-",
    "A12-to,ur-C4-",
    "A14-ca,ca-H2-",
    "B02-to,to-C2-",
    "B06-to,re-C1-",
    "F14-ur,ca-B3-",
    "F19-ur,or-B5-",
    "G02-ca,ur-H3-",
    "I01-ur,re-B1-",
    "I18-ur,to-B6-",
    "J04-ca,to-H6-",
    "M09-ta-L1-",
    "M11-ta,ca-L3-",
    "M19-ta,ca-L3-",
    "N04-ca,re-H7-",
    "P05-or,ta-T5-",
    "P13-or-T1-",
    "Q08-ta,re-L7-",
    "Q14-ta,ca-L3-",
    "Q16-ta,or-L5-"
  ]
}