{
  "sid": "GR458",
  "idx": 1,
  "sh": 55,
  "t": "Beta",
  "rh": 176,
  "ll": {
    "lat": -6.095742,
    "long": -44.780403
  },
  "pa": "p13,p14,p16,p17,p18,p19,p20,p21,p22,p24,p25,p27,p28,p31,p32,p33,p34,p36,p38,p39,p4,p40,p42,p5,p7,p8,p9,t3,t4,t5,t7",
  "pp": "p1,p10,p11,p12,p15,p2,p23,p26,p29,p3,p30,p35,p37,p41,p6,t1,t2,t6,t8",
  "pe": null,
  "og": "ABCKLRS",
  "ao": [
    "A04-ca-H8-",
    "A09-ca,ur-H10-",
    "B01-or-T7-",
    "B04-or,ca-T9-",
    "C10-ta,ca-L10-",
    "C16-ta,ta-L9-",
    "C19-ta,ca-L10-",
    "K03-to,or-C12-",
    "K14-to,ur-C10-",
    "K23-to,ur-C10-e,b",
    "L03-or,ta-T11-",
    "L05-or,re-T12-",
    "R01-to,ur-C10-d",
    "R03-ca,ur-H10-",
    "R06-to,ur-C10-",
    "S02-or,re-T12-",
    "S03-or,re-T13-"
  ]
}