{
  "sid": "GR371",
  "idx": 1,
  "sh": 87,
  "t": "Beta",
  "rh": -1,
  "ll": {
    "lat": -9.91196,
    "long": 21.810028
  },
  "pa": "p11,p13,p14,p15,p18,p2,p21,p22,p24,p25,p26,p27,p29,p30,p31,p33,p35,p36,p38,p4,p41,p5,p6,p9,t1,t2,t3,t4,t5,t6,t7,t8",
  "pp": "p1,p10,p12,p16,p17,p19,p20,p23,p28,p3,p32,p34,p37,p39,p40,p42,p7,p8",
  "og": "EGNOQT",
  "ao": [
    "E09-ur,or-B11-",
    "E21-ta,ca-L10-",
    "G04-ca,re-H14-",
    "G11-ca,ur-H10-",
    "N02-ta,re-L14-",
    "N18-ta,ta-L9-",
    "O03-or,re-T13-",
    "Q04-or,ca-T9-",
    "T04-ca,to-H13-",
    "T11-ca,or-H12-"
  ]
}