{
  "sid": "GR514",
  "idx": 1,
  "sh": 303,
  "t": "Alpha",
  "rh": 65,
  "ll": {
    "lat": 0.656817,
    "long": 133.632217
  },
  "pa": "p1,p10,p13,p14,p16,p17,p18,p20,p22,p25,p3,p30,p31,p32,p33,p34,p35,p36,p37,p39,p4,p40,p41,p42,p5,p8,p9,t1,t12,t2,t3,t7,t8",
  "pp": "p11,p12,p15,p19,p2,p21,p23,p24,p26,p27,p28,p29,p38,p6,p7,t10,t11,t4,t5,t6,t9",
  "og": "CDFHIJKLMO",
  "ao": [
    "C01-to,ur-C4-",
    "C04-to,ca-C3-",
    "D01-to,or-C6-",
    "D04-or,ca-T3-",
    "F15-ur,ta-B4-",
    "F19-ur,or-B5-",
    "H04-ca,ca-H2-",
    "I14-ur,or-B5-",
    "I19-ur,or-B5-",
    "J04-ca,to-H6-",
    "K15-ca,or-H5-",
    "K19-to,ur-C4-",
    "L02-ca,ta-H4-",
    "M12-ta,ur-L4-",
    "M19-ta,ca-L3-",
    "M20-ta,ur-L4-",
    "O10-or,ur-T4-",
    "O19-or,ta-T5-"
  ],
  "rth": "t4:65,t5:65,t6:65,t9:65,t10:65,t11:65"
}