{
  "sid": "GR464",
  "idx": 1,
  "sh": 74,
  "t": "Alpha",
  "rh": -1,
  "ll": {
    "lat": -25.143946,
    "long": 36.250561
  },
  "pa": "p14,p21,p23,p25,p39,p40,p41,p42,p8",
  "pp": "p20,p24,p26,p32",
  "og": "ACFGHIKLNO",
  "ao": [
    "A02-ta-L1-",
    "A11-to,ca-C3-",
    "A17-or-T1-",
    "C01-to,ur-C4-",
    "C02-to,ur-C4-",
    "F05-ur,ur-B2-",
    "F14-ur,ca-B3-",
    "G02-ca,ur-H3-",
    "H04-ca,ca-H2-",
    "I05-ur,ur-B2-",
    "I14-ur,or-B5-",
    "K05-or,or-T2-",
    "K14-ca,or-H5-",
    "L02-ca,ta-H4-",
    "N02-ca,ta-H4-",
    "O16-or,ca-T3-",
    "O19-or,ta-T5-"
  ]
}