{
  "sid": "GR508",
  "idx": 1,
  "sh": 162,
  "t": "Alpha",
  "rh": 285,
  "ll": {
    "lat": -43.566963,
    "long": -45.432392
  },
  "pa": "p12,p14,p15,p16,p18,p2,p20,p21,p22,p25,p27,p29,p32,p33,p34,p35,p36,p37,p38,p39,p4,p40,p41,p42,p5,p7,p8,p9,t10,t11,t12,t3,t5,t8",
  "pp": "p10,p11,p13,p17,p19,p23,p24,p26,p28,p30,p6,t1,t2,t4,t6,t7,t9",
  "pe": "p31",
  "og": "ACEGHIJKNOPQ",
  "ao": [
    "A03-ta,ta-L6-",
    "A11-to,ca-C3-",
    "A17-or-T1-",
    "C03-to,ca-C3-",
    "C07-to,ta-C5-",
    "E07-ca,to-H6-",
    "G01-ca,ca-H2-",
    "H05-ca-H1-",
    "I09-ur,or-B5-",
    "I10-ur,ta-B4-",
    "J06-ca,or-H5-",
    "K09-ca-H1-",
    "K10-ca,or-H5-",
    "N07-ca,to-H6-",
    "O03-or,ca-T3-",
    "O12-or,to-T6-",
    "P02-or,to-T6-",
    "P10-or,or-T2-",
    "Q07-ta,ta-L6-",
    "Q08-ta,re-L7-",
    "Q21-ta,ta-L2-"
  ]
}