{
  "sid": "GR418",
  "idx": 1,
  "sh": 0,
  "t": "Gamma",
  "rh": 0,
  "ll": null,
  "pa": null,
  "pp": null,
  "pe": null,
  "og": "ABDGHJKMNOP",
  "ao": [
    "A03-ur,re-B19-",
    "A15-ur,ta-B16-",
    "A16-ur,ca-B15-",
    "B03-ur,re-B19-",
    "B15-ur,ta-B16-",
    "B16-ur,ca-B15-",
    "D04-ta,ca-L17-",
    "D12-ta,to-L20-",
    "G04-or,to-T19-",
    "G12-or,re-T20-",
    "H05-ta,ur-L18-",
    "H06-ta,or-L19-",
    "H08-ta,ur-L18-",
    "H11-ta,or-L19-",
    "H12-ta,re-L21-",
    "H16-ta,ur-L18-",
    "H56-ta-L15-",
    "J07-ca,or-H21-",
    "J09-ca,ur-H19-",
    "K07-or,ca-T16-",
    "K13-or,or-T15-",
    "K14-or-T14-",
    "M05-to-C14-",
    "M07-to,or-C19-",
    "M09-to,ca-C16-",
    "N03-or,ca-T16-",
    "N06-or,or-T15-",
    "N10-or-T14-",
    "O03-ca,to-H17-",
    "O06-ca,or-H21-",
    "P03-to,re-C20-",
    "P15-to,ur-C17-",
    "P16-to,ca-C16-"
  ]
}