{
  "sid": "GR465",
  "idx": 2,
  "sh": 249,
  "t": "Alpha",
  "rh": 11,
  "ll": {
    "lat": -28.338264,
    "long": -143.827927
  },
  "pa": "p1,p11,p12,p13,p14,p15,p18,p2,p21,p22,p23,p26,p29,p3,p30,p31,p32,p33,p35,p36,p37,p38,p39,p4,p40,p41,p42,p5,p8,t12,t4,t5,t7,t8",
  "pp": "p10,p16,p17,p19,p20,p24,p25,p27,p28,p34,p6,p7,p9,t1,t10,t11,t2,t3,t6,t9",
  "og": "ACDEGILO",
  "ao": [
    "A04-ta,re-L7-",
    "A12-to,ur-C4-",
    "A16-ca,ta-H4-",
    "C07-to,ta-C5-",
    "C08-to,to-C2-",
    "D07-to,ta-C5-",
    "D08-or,ta-T5-",
    "E01-ca,ur-H3-",
    "G03-ca,or-H5-",
    "I03-ur,re-B1-",
    "I17-ur,to-B6-",
    "L01-ca,ur-H3-",
    "O15-or,or-T2-",
    "O17-or,ur-T4-"
  ],
  "rth": "t1:11,t2:11,t3:11,t6:11,t9:11,t10:11,t11:11"
}