{
  "sid": "GR507",
  "idx": 2,
  "sh": 337,
  "t": "Gamma",
  "rh": 7,
  "ll": {
    "lat": 15.938621,
    "long": 132.153992
  },
  "pa": "p12,p14,p19,t1,t6",
  "pp": "p11,p13,p21,p8,t2,t8",
  "og": "AEGHIJKMOPR",
  "ao": [
    "A15-ur,ta-B16-",
    "A22-ur,to-B18-",
    "E08-ca,ca-H18-",
    "G07-or,re-T20-",
    "H22-ta,ta-L16-",
    "H31-ta,ta-L16-",
    "H32-ta,re-L21-",
    "H48-ta,ur-L18-",
    "H53-ta,ur-L18-",
    "I09-ur,ta-B16-",
    "I15-ur,to-B18-",
    "J03-ca,or-H21-",
    "K04-or-T14-",
    "K14-or-T14-",
    "M08-to,ca-C16-",
    "M09-to,ca-C16-",
    "O07-ca,ca-H18-",
    "P15-to,ur-C17-",
    "P22-to,or-C19-",
    "R07-to,re-C20-",
    "R25-to,re-C20-"
  ]
}