{
  "sid": "GR437",
  "idx": 1,
  "sh": 208,
  "t": "Gamma",
  "rh": 0,
  "ll": {
    "lat": 10.569999,
    "long": -2.05828
  },
  "pa": null,
  "pp": "p12",
  "pe": null,
  "og": "BCEFGHJLNPR",
  "ao": [
    "B08-ur,ur-B14-",
    "B23-ur,or-B17-",
    "C09-to,ur-C17-",
    "C10-to,to-C15-",
    "E06-ca,ca-H18-",
    "F05-or-T14-",
    "F14-or,or-T15-",
    "G14-or,ta-T18-",
    "H05-ta,ur-L18-",
    "H13-ta,re-L21-",
    "H26-ta,to-L20-",
    "H27-ta,re-L21-",
    "H42-ta,ur-L18-",
    "J08-ca,to-H17-",
    "L09-or,to-T19-",
    "L10-or,re-T20-",
    "N05-or-T14-",
    "N06-or,or-T15-",
    "P08-to,to-C15-",
    "P23-to,ta-C18-",
    "R03-to,ca-C16-",
    "R21-to,ca-C16-"
  ]
}