{
  "sid": "GR384",
  "idx": 1,
  "sh": 120,
  "t": "Alpha",
  "rh": 241,
  "ll": {
    "lat": -39.337906,
    "long": -11.380491
  },
  "pa": "p1,p10,p11,p13,p14,p17,p2,p20,p22,p26,p27,p3,p30,p31,p32,p35,p36,p37,p38,p41,p42,p5,p6,p8,t1,t10,t11,t12,t2,t3,t4,t5,t6,t7,t8,t9",
  "pp": "p12,p15,p16,p18,p19,p21,p23,p24,p25,p28,p29,p33,p34,p39,p40,p7,p9",
  "pe": "p4",
  "og": "ABCDEFGKLMOQ",
  "ao": [
    "A03-ta,ta-L6-",
    "A15-ca,ur-H3-",
    "A17-or-T1-",
    "B07-to,or-C6-",
    "B15-to,ur-C4-",
    "C03-to,ca-C3-",
    "C08-to,to-C2-",
    "D03-or,ur-T4-",
    "D08-or,ta-T5-",
    "E09-ca-H1-",
    "F10-ur,ca-B3-",
    "F11-ur,ur-B2-",
    "G01-ca,ca-H2-",
    "K10-ca,or-H5-",
    "K11-ca,or-H5-",
    "L09-ca-H1-",
    "M09-ta-L1-",
    "M14-ta,ta-L6-",
    "M21-ta,or-L5-",
    "O06-or,to-T6-",
    "O17-or,ur-T4-",
    "Q08-ta,re-L7-",
    "Q13-ta,ta-L2-",
    "Q25-ta,or-L5-"
  ]
}