{
  "sid": "GR435",
  "idx": 1,
  "sh": 322,
  "t": "Gamma",
  "rh": 350,
  "ll": {
    "lat": -2.819338,
    "long": -176.397766
  },
  "pa": "p13,p14,p18,p19,p23,p25,p28,p3,p30,p33,p35,p36,p37,p38,p40,p42,p43,p9,t2,t3,t6,t8",
  "pp": "p10,p11,p12,p15,p16,p17,p2,p20,p21,p22,p24,p26,p27,p29,p31,p32,p34,p39,p4,p41,p5,p6,p7,p8,t1,t4,t5,t7,t9",
  "og": "ADEGHKLR",
  "ao": [
    "A14-ur,or-B17-",
    "A27-ur-B13-",
    "D01-ca,or-H21-",
    "E01-ca,ur-H19-",
    "G09-or,ta-T18-",
    "H02-ta-L15-",
    "H12-ta,re-L21-",
    "H18-ta,ta-L16-",
    "H22-ta,ta-L16-",
    "H29-ta-L15-",
    "K10-or,re-T20-",
    "K11-or,ur-T17-",
    "L02-or,ur-T17-",
    "L13-or,to-T19-",
    "R11-to,to-C15-",
    "R23-to,ta-C18-"
  ],
  "rth": "t4:350"
}