{
  "sid": "GR330",
  "idx": 2,
  "sh": 0,
  "t": "Gamma",
  "rh": 0,
  "ll": null,
  "pa": null,
  "pp": null,
  "pe": null,
  "og": "ABDFGHIJMOPQRS",
  "ao": [
    "A05-ur,or-B17-",
    "A18-ur-B13-",
    "B05-ur,or-B17-",
    "B18-ur-B13-",
    "D06-ta,re-L21-",
    "F07-or,ur-T17-",
    "F15-or-T14-",
    "G08-or,to-T19-",
    "H10-ta,ta-L16-",
    "H28-ta,ur-L18-",
    "H29-ta-L15-",
    "H42-ta,ur-L18-",
    "H46-ta,to-L20-",
    "I08-ur,ca-B15-",
    "I10-ur,or-B17-",
    "J05-ca,ta-H20-",
    "M06-to,or-C19-",
    "M14-to-C14-",
    "O04-ca,or-H21-",
    "P05-to,ta-C18-",
    "P18-to-C14-",
    "Q02-ca,ta-H20-",
    "R14-to,ta-C18-",
    "R20-to,to-C15-",
    "S03-ca,to-H17-"
  ]
}