{
  "sid": "GR431",
  "idx": 1,
  "sh": 184,
  "t": "Gamma",
  "rh": -1,
  "ll": {
    "lat": -31.797693,
    "long": -76.153397
  },
  "pa": "p2,p9",
  "pp": "p12,p31,t4",
  "og": "EFJMNOQRS",
  "ao": [
    "E05-ca,ta-H20-",
    "F05-or-T14-",
    "F13-or,ca-T16-",
    "J05-ca,ta-H20-",
    "M10-to,ta-C18-",
    "M12-to,to-C15-",
    "N03-or,ca-T16-",
    "N05-or-T14-",
    "O05-ca,to-H17-",
    "Q05-ca,or-H21-",
    "R12-to,ca-C16-",
    "R18-ca,to-H17-",
    "S02-ca,ca-H18-"
  ]
}