{
  "sid": "GR500",
  "idx": 2,
  "sh": 111,
  "t": "Gamma",
  "rh": 140,
  "ll": {
    "lat": -52.087685,
    "long": 35.6404
  },
  "pa": "p10,p13,p17,p19,p20,p23,p26,p28,p30,p32,p35,p36,p37,p38,t6,t7",
  "pp": "p11,p12,p14,p15,p16,p18,p2,p21,p22,p24,p25,p27,p29,p3,p31,p33,p34,p4,p5,p6,p7,p8,p9,t1,t2,t3,t4,t5,t8",
  "pe": "p1",
  "og": "BCDFGHIJOPQR",
  "ao": [
    "B05-ur,or-B17-",
    "B21-ur,re-B19-",
    "C13-to,re-C20-",
    "C15-to,ca-C16-",
    "D04-ta,ca-L17-",
    "F10-or-T14-",
    "F13-or,ca-T16-",
    "G12-or,re-T20-",
    "H03-ta,ta-L16-",
    "H09-ta,ca-L17-",
    "H18-ta,ta-L16-",
    "H24-ta,ur-L18-",
    "H52-ta,or-L19-",
    "I06-ur-B13-",
    "I16-ur,or-B17-",
    "J07-ca,or-H21-",
    "O06-ca,or-H21-",
    "P05-to,ta-C18-",
    "P21-to,re-C20-",
    "Q09-ca,to-H17-",
    "R09-ca,ur-H19-",
    "R13-to,ur-C17-"
  ]
}