{
  "sid": "GR326",
  "idx": 2,
  "sh": 226,
  "t": "Beta",
  "rh": 0,
  "ll": {
    "lat": 20.990799,
    "long": 136.019531
  },
  "pa": "p1,p14,p15,p16,p17,p18,p2,p21,p22,p25,p26,p27,p28,p29,p30,p31,p32,p33,p34,p36,p4,p41,p8,p9,t3,t6",
  "pp": "p10,p11,p12,p13,p19,p20,p23,p24,p3,p35,p37,p38,p39,p40,p5,p6,p7,t1,t2,t4,t5,t7,t8",
  "pe": null,
  "og": "AFIJKM",
  "ao": [
    "A05-ca,to-H13-",
    "F04-ca,or-H12-",
    "I10-ca-H8-",
    "J09-or,re-T12-",
    "K08-to-C7-",
    "K12-to,or-C12-",
    "M02-or-T7-"
  ]
}