{
  "sid": "GR515",
  "idx": 2,
  "sh": -1,
  "t": "Alpha",
  "rh": -1,
  "ll": {
    "lat": -6.998212,
    "long": 168.776535
  },
  "og": "ACGHJMNOP",
  "ao": [
    "A07-ur,ca-B3-",
    "A09-to,re-C1-",
    "A20-or,ur-T4-",
    "C06-to,ta-C5-",
    "C11-to,or-C6-",
    "G03-ca,or-H5-",
    "H03-ca,ur-H3-",
    "J05-ca,ta-H4-",
    "M05-ta,or-L5-",
    "M13-ta,or-L5-",
    "M22-ta,ta-L6-",
    "N06-ca,re-H7-",
    "O02-or,or-T2-",
    "O18-or,ta-T5-",
    "P07-or,ca-T3-",
    "P09-or,ur-T4-"
  ]
}