{
  "sid": "GR424",
  "idx": 2,
  "sh": 0,
  "t": "Alpha",
  "rh": 0,
  "ll": null,
  "pa": null,
  "pp": null,
  "pe": null,
  "og": "BCFHILMNQ",
  "ao": [
    "B20-to,to-C2-",
    "B21-to,re-C1-",
    "C02-to,ur-C4-",
    "C12-to,or-C6-",
    "F05-ur,ur-B2-",
    "F12-ur,ta-B4-",
    "H01-ca,ta-H4-",
    "I05-ur,ur-B2-",
    "I12-ur,to-B6-",
    "L01-ca,ur-H3-",
    "M02-ta,ta-L2-",
    "M09-ta-L1-",
    "M18-ta,ta-L2-",
    "N01-ca,ur-H3-",
    "Q07-ta,ta-L6-",
    "Q19-ta,re-L7-",
    "Q29-ta,ur-L4-"
  ]
}