{
  "sid": "GR314",
  "idx": 1,
  "sh": 0,
  "t": "Alpha",
  "rh": 0,
  "ll": null,
  "pa": null,
  "pp": null,
  "pe": null,
  "og": "ABCEFHIOPQ",
  "ao": [
    "A04-ta,re-L7-",
    "A12-to,ur-C4-",
    "A13-ca-H1-",
    "A17-or-T1-",
    "B02-to,to-C2-",
    "B03-to,re-C1-",
    "B20-to,to-C2-",
    "C01-to,ur-C4-",
    "C04-to,ca-C3-",
    "C07-to,ta-C5-",
    "E04-ca,re-H7-",
    "E08-ca,ca-H2-",
    "F01-ur,re-B1-",
    "F14-ur,ca-B3-",
    "F17-ur,to-B6-",
    "H01-ca,ta-H4-",
    "H04-ca,ca-H2-",
    "I11-ur,ta-B4-",
    "I17-ur,to-B6-",
    "I18-ur,to-B6-",
    "O04-or,ur-T4-",
    "O11-or,ta-T5-",
    "O15-or,or-T2-",
    "P05-or,ca-T5-",
    "P12-or-T1-",
    "P13-or-T1-",
    "Q06-ta,or-L5-",
    "Q09-ta,re-L7-",
    "Q14-ta,ca-L3-",
    "Q21-ta,ta-L2-"
  ]
}