{
  "sid": "GR504",
  "idx": 1,
  "sh": 330,
  "t": "Beta",
  "rh": 90,
  "ll": {
    "lat": 56.479362,
    "long": -128.927765
  },
  "pa": "p10,p11,p14,p16,p17,p18,p19,p2,p20,p21,p22,p24,p25,p27,p28,p29,p3,p32,p33,p34,p35,p36,p37,p38,p39,p4,p40,p5,p7,p8,t3,t5,t6,t7",
  "pp": "p1,p12,p13,p15,p23,p26,p30,p31,p41,p42,p6,p9,t1,t2,t4,t8",
  "og": "AGHKLNQU",
  "ao": [
    "A03-ca,re-H14-",
    "G10-ca,re-H14-",
    "G17-ca,ur-H10-",
    "H10-or-T7-",
    "K15-to,ca-C9-",
    "K25-to,to-C8-",
    "L01-or,ca-T9-",
    "N08-ta,or-L12-",
    "N13-ta-L8-",
    "Q01-or-T7-",
    "U02-ur,to-B12-",
    "U21-ur,to-B12-",
    "U30-ur,ur-B8-"
  ]
}