{
  "sid": "GR503",
  "idx": 2,
  "sh": 0,
  "t": "Alpha",
  "rh": 0,
  "ll": null,
  "pa": null,
  "pp": null,
  "pe": null,
  "og": "ABDFHIKMOPQ",
  "ao": [
    "A05-ur,re-B1-",
    "A08-ur,ta-B4-",
    "A20-or,ur-T4-",
    "B01-to,ca-C3-",
    "B09-to,ur-C4-",
    "D06-or,to-C6-",
    "D13-or,to-T6-",
    "F07-ur,ur-B2-",
    "F08-ur,ur-B2-",
    "H05-ca-H1-",
    "I07-ur,ca-B3-",
    "I08-ur,ur-B2-",
    "K07-or,ca-T3-",
    "K08-or,ca-T3-",
    "M01-ta-L1-",
    "M04-ta,ur-L4-",
    "M22-ta,ta-L6-",
    "O07-or-T1-",
    "O20-or,to-T6-",
    "P01-or,to-T6-",
    "P07-or,ca-T3-",
    "Q03-ta,ca-L3-",
    "Q18-ta,re-L7-",
    "Q27-ta,re-L7-"
  ]
}