{
  "sid": "GR422",
  "idx": 2,
  "sh": 37,
  "t": "Alpha",
  "rh": 159,
  "ll": {
    "lat": 24.603571,
    "long": 122.417343
  },
  "pa": "p1,p13,p14,p15,p17,p18,p19,p22,p23,p26,p29,p3,p30,p31,p34,p35,p36,p37,p38,p4,p40,p6,p8,t1,t10,t12,t4,t6",
  "pp": "p10,p11,p12,p16,p2,p20,p21,p24,p25,p27,p28,p32,p33,p39,p41,p5,p7,p9,t11,t2,t3,t5,t7,t8,t9",
  "pe": null,
  "og": "ABDFGHLMOQ",
  "ao": [
    "A11-to,ca-C3-",
    "A12-to,ur-C4-",
    "A16-ca,ta-H4-",
    "B05-to,to-C2-",
    "B07-to,or-C6-",
    "D01-to,or-C6-",
    "D08-or,ta-T5-",
    "F11-ur,ur-B2-",
    "F15-ur,ta-B4-",
    "G02-ca,ur-H3-",
    "H04-ca,ca-H2-b",
    "L02-ca,ta-H4-",
    "M11-ta,ca-L3-",
    "M20-ta,ur-L4-",
    "M24-ta,re-L7-",
    "O17-or,ur-T4-",
    "O19-or,ta-T5-",
    "Q04-ta,ca-L3-",
    "Q14-ta,ca-L3-",
    "Q24-ta,ur-L4-"
  ]
}