{
  "sid": "GR430",
  "idx": 1,
  "sh": 226,
  "t": "Beta",
  "rh": -1,
  "ll": {
    "lat": -51.622456,
    "long": -101.464989
  },
  "pa": "p1,p10,p11,p15,p16,p17,p18,p19,p2,p23,p24,p26,p27,p30,p31,p33,p34,p35,p36,p37,p41,p42,p6,p7,p9,t1,t2,t3,t4,t5,t7,t8",
  "pp": "p12,p13,p14,p20,p21,p22,p25,p28,p29,p3,p32,p38,p39,p4,p40,p5,p8,t6",
  "og": "EGHLNR",
  "ao": [
    "E05-or,ta-T11-",
    "E11-to,to-C8-",
    "G09-ca,to-H15-",
    "G16-ca,re-H10-",
    "H03-or,re-T12-",
    "L06-or,re-T13-",
    "N04-ta,or-L12-",
    "N10-ta,re-L14-",
    "R05-ur,to-B6-",
    "R11-ca,ca-H9-"
  ]
}