{
  "sid": "GR426",
  "idx": 2,
  "sh": 126,
  "t": "Beta",
  "rh": -1,
  "ll": {
    "lat": -15.050044,
    "long": -9.589736
  },
  "pa": "p1,p10,p11,p12,p14,p16,p17,p18,p19,p2,p20,p22,p23,p3,p4,p42,p6,p7,p8,t6,t8",
  "pp": "p13,p15,p21,p41,p5,p9,t4,t5,t7",
  "og": "AGHIOPU",
  "ao": [
    "A09-ca,ur-H10-",
    "G01-ca,re-H14-",
    "G09-ca,to-H15-",
    "H08-or,ca-T9-",
    "I01-ca,ta-H11-",
    "O03-or,re-T13-",
    "P03-to,to-C8-",
    "P05-to,ur-C10-",
    "U27-ur,ca-B9-",
    "U51-ur,re-B7-",
    "U55-or,or-T8-"
  ]
}