{
  "sid": "GR439",
  "idx": 2,
  "sh": 209,
  "t": "Beta",
  "rh": 330,
  "ll": {
    "lat": 40.12722,
    "long": 165.494446
  },
  "pa": "p1,p11,p12,p16,p18,p19,p2,p22,p23,p26,p27,p3,p30,p32,p33,p34,p35,p36,p37,p38,p39,p4,p40,p41,p6,p7,p8,p9,t4,t7",
  "pp": "p10,p13,p14,p15,p17,p20,p21,p24,p25,p28,p29,p31,p42,p5,t1,t2,t3,t5,t6,t8",
  "pe": null,
  "og": "FGHJLP",
  "ao": [
    "F04-ca,or-H12-",
    "G06-ca,ca-H9-",
    "G07-ca,to-H13-",
    "H07-or,ur-T10-",
    "J07-or,ur-T10-",
    "L02-or,ur-T10-",
    "P02-to,re-C13-",
    "P07-to,or-C12-"
  ]
}