{
  "sid": "GR420",
  "idx": 1,
  "sh": 110,
  "t": "Gamma",
  "rh": 139,
  "ll": {
    "lat": 7.182106,
    "long": -117.505402
  },
  "pa": "p1,p10,p12,p13,p17,p19,p28,p29,p3,p30,p31,p36,p37,p38,p39,p40,p42,p5,p9,S06,t2,t4,t5",
  "pp": "p11,p14,p15,p16,p18,p2,p20,p21,p22,p23,p24,p25,p26,p27,p32,p33,p34,p35,p4,p41,p6,p7,p8,t1,t3,t6,t7,t8",
  "og": "AEFGIJKLNOPRS",
  "ao": [
    "A04-ur,to-B18-",
    "A17-ur,ur-B14-",
    "A25-ur,ca-B15-",
    "E01-ca,ur-H19-",
    "E03-ca,or-H21-",
    "F07-or,ur-T17-",
    "F10-or-T14-",
    "F12-or,ur-T17-",
    "G05-or,ta-T18-",
    "G09-or,ta-T18-",
    "I02-ur,ta-B16-",
    "I08-ur,ca-B15-",
    "I16-ur,or-B17-",
    "J04-ca,ca-H18-",
    "J08-ca,to-H17-",
    "K05-or,re-T20-",
    "K06-or,ur-T17-",
    "K12-or,ca-T16-",
    "L05-or,re-T20-",
    "L07-or,ur-T17-",
    "L14-or,re-T20-",
    "N01-or-T14-",
    "N08-or,ur-T17-",
    "N10-or-T14-",
    "O01-ca,ur-H19-",
    "O02-ca,ta-H20-",
    "P04-to,or-C19-",
    "P17-to,to-C15-",
    "P25-to,ca-C16-",
    "R02-to,to-C15-",
    "R13-to,ur-C17-",
    "R19-to-C14-",
    "S04-ca,to-H17-",
    "S08-ca,ta-H20-"
  ]
}