{
  "sid": "GR498",
  "idx": 1,
  "sh": 74,
  "t": "Beta",
  "rh": 194,
  "ll": {
    "lat": 0.633229,
    "long": 38.642303
  },
  "pa": "p10,p14,p15,p16,p18,p19,p20,p22,p23,p24,p25,p26,p28,p30,p31,p33,p35,p36,p37,p40",
  "pp": "p12,p13,p17,p21,p27,p29,p32,p34,p38,p39,p9,t3",
  "pe": null,
  "og": "AFGKOPST",
  "ao": [
    "A06-ca-H8-",
    "F04-ca,or-H12-",
    "G06-ca,ca-H9-",
    "G11-ca,ur-H10-",
    "K07-to,to-C8-",
    "K17-to-C7-",
    "O01-or,re-T13-",
    "P07-to,or-C12-",
    "P17-to,re-C13-",
    "S01-or,re-T13-",
    "T06-ca,ta-H11-",
    "T11-ca,or-H12-"
  ]
}