{
  "sid": "GR507",
  "idx": 2,
  "sh": 337,
  "t": "Gamma",
  "rh": 7,
  "ll": {
    "lat": 15.938621,
    "long": 132.153992
  },
  "pa": "p10,p12,p14,p15,p19,p23,p26,p29,p3,p30,p31,p36,p39,p40,p41,p42,p43,t1,t4,t6",
  "pp": "p11,p13,p16,p17,p18,p20,p21,p22,p24,p25,p27,p28,p32,p33,p34,p35,p37,p38,p4,p5,p6,p7,p8,p9,t2,t3,t5,t7,t8,t9",
  "og": "AEGHIJKMOPR",
  "ao": [
    "A15-ur,ta-B16-",
    "A22-ur,to-B18-",
    "E08-ca,ca-H18-",
    "G07-or,re-T20-",
    "H22-ta,ta-L16-",
    "H31-ta,ta-L16-",
    "H32-ta,re-L21-",
    "H48-ta,ur-L18-",
    "H53-ta,ur-L18-",
    "I09-ur,ta-B16-",
    "I15-ur,to-B18-",
    "J03-ca,or-H21-",
    "K04-or-T14-",
    "K14-or-T14-",
    "M08-to,ca-C16-",
    "M09-to,ca-C16-",
    "O07-ca,ca-H18-",
    "P15-to,ur-C17-",
    "P22-to,or-C19-",
    "R07-to,re-C20-",
    "R25-to,re-C20-"
  ]
}