{
  "sid": "GR434",
  "idx": 2,
  "sh": 0,
  "t": "Alpha",
  "rh": 0,
  "ll": null,
  "pa": null,
  "pp": null,
  "pe": null,
  "og": "BFGIJLNOPQ",
  "ao": [
    "B03-to,re-C1-",
    "B05-to,to-C2-",
    "F01-ur,re-B1-",
    "F15-ur,ta-B4-",
    "G02-ca,ur-H3-",
    "I11-ur,ta-B4-",
    "I14-ur,or-B5-",
    "J04-ca,to-H6-",
    "L02-ca,ta-H4-",
    "N02-ca,ta-H4-",
    "O11-or,ta-T5-",
    "O18-or,ta-T5-",
    "P09-or,ur-T4-",
    "P13-or-T1-",
    "Q06-ta,or-L5-",
    "Q23-ta,ca-L3-",
    "Q24-ta,ur-L4-"
  ]
}