{
  "sid": "GR369",
  "idx": 1,
  "sh": -1,
  "t": "Gamma",
  "rh": -1,
  "ll": null,
  "pa": null,
  "pp": null,
  "pe": null,
  "og": "ACDEFGJKLMNORS",
  "ao": [
    "A03-ur,re-B19-",
    "A17-ur,ur-B14-",
    "C05-to-C14-",
    "C13-to,re-C20-",
    "D13-ta,to-L20-",
    "E01-ca,ur-H19-",
    "F07-or,ur-T17-",
    "F13-or,ca-T16-",
    "G09-or,ta-T18-",
    "J08-ca,to-H17-",
    "K06-or,ur-T17-",
    "K13-or,or-T15-",
    "L05-or,re-T20-",
    "L12-or,ta-T18-",
    "M05-to-C14-",
    "M06-to,or-C19-",
    "N03-or,ca-T16-",
    "N10-or-T14-",
    "O01-ca,ur-H19-",
    "R18-ca,to-H17-",
    "R19-to-C14-",
    "S04-ca,to-H17-"
  ]
}