{
  "sid": "GR460",
  "idx": 1,
  "sh": 205,
  "t": "Beta",
  "rh": 326,
  "ll": {
    "lat": -37.440922,
    "long": -99.58387
  },
  "pa": "p1,p10,p11,p13,p14,p16,p18,p2,p24,p26,p27,p29,p31,p33,p35,p36,p37,p38,p4,p40,p42,p8,p9,t2,t3,t6",
  "pp": "p12,p15,p17,p19,p20,p21,p22,p23,p25,p28,p3,p30,p32,p34,p39,p41,p5,p6,p7,t1,t4,t5,t7,t8",
  "pe": null,
  "og": "ABFIJLST",
  "ao": [
    "A04-ca-H8-",
    "B06-or,ta-T11-",
    "F06-ca,to-H13-",
    "I05-to,ca-C9-",
    "J05-or,ca-T9-",
    "L06-or,re-T13-",
    "S02-or,re-T12-",
    "T15-ca,re-H14-",
    "T16-ca,to-H13-"
  ]
}