{
  "sid": "GR457",
  "idx": 1,
  "sh": 0,
  "t": "Alpha",
  "rh": 0,
  "ll": null,
  "pa": null,
  "pp": null,
  "pe": null,
  "og": "BCDEFGJKNPQ",
  "ao": [
    "B03-to,re-C1-",
    "B14-to,ta-C5-",
    "C04-to,ca-C3-",
    "C08-to,to-C2-",
    "D04-or,ca-T3-",
    "D08-or,ta-T5-",
    "E08-ca,ca-H2-",
    "F01-ur,re-B1-",
    "F03-ur,re-B1-",
    "G01-ca,ca-H2-",
    "J03-ca,ur-H3-",
    "K01-or-T1-",
    "K03-or-T1-",
    "N08-ca,ca-H2-",
    "P06-or,ca-T3-",
    "P13-or-T1-",
    "Q04-ta,ca-L3-",
    "Q16-ta,or-L5-",
    "Q17-ta,ta-L6-"
  ]
}