{
  "sid": "GR459",
  "idx": 2,
  "sh": -1,
  "t": "Alpha",
  "rh": -1,
  "ll": null,
  "pa": null,
  "pp": null,
  "pe": null,
  "og": "BDFGHIJMNOQ",
  "ao": [
    "B03-to,re-C1-",
    "B14-to,ta-C5-",
    "B17-to,to-C2-",
    "D04-or,ca-T3-",
    "D07-to,ta-C5-",
    "D08-or,ta-T5-",
    "F03-ur,re-B1-",
    "F17-ur,to-B6-",
    "F19-ur,or-B5-",
    "G01-ca,ca-H2-",
    "G02-ca,ur-H3-",
    "H04-ca,ca-H2-",
    "H05-ca-H1-",
    "I01-ur,re-B1-",
    "I03-ur,re-B1-",
    "I17-ur,to-B6-",
    "J03-ca,ur-H3-",
    "J07-ca,ca-H2-",
    "M02-ta,ta-L2-",
    "M03-ta,ca-L3-",
    "M10-ta,ta-L2-",
    "M24-ta,re-L7-",
    "N04-ca,re-H7-",
    "N07-ca,to-H6-",
    "O03-or,ca-T3-",
    "O05-or,ta-T5-",
    "O10-or,ur-T4-",
    "Q04-ta,ca-L3-",
    "Q09-ta,re-L7-",
    "Q16-ta,or-L5-",
    "Q19-ta,re-L7-"
  ]
}