{
  "sid": "GR494",
  "idx": 2,
  "sh": 53,
  "t": "Beta",
  "rh": 174,
  "ll": {
    "lat": -43.623703,
    "long": 71.240189
  },
  "pa": "p1,p10,p12,p14,p16,p18,p21,p22,p23,p24,p25,p27,p3,p30,p32,p33,p35,p36,p38,p4,p41,p42,p5,p8,t2,t3,t6,t8",
  "pp": "p11,p13,p15,p17,p19,p2,p20,p26,p28,p29,p31,p34,p37,p39,p40,p6,p7,p9,t1,t4,t5,t7",
  "pe": null,
  "og": "CGJOP",
  "ao": [
    "C13-ta-L8-",
    "G16-ca,ur-H10-",
    "G17-ca,ur-H10-",
    "J03-or,or-T8-",
    "O03-or,re-T13-",
    "P06-to,ta-C11-",
    "P25-to,or-C12-"
  ]
}