{
  "sid": "GR415",
  "idx": 2,
  "sh": -1,
  "t": "Gamma",
  "rh": -1,
  "ll": {
    "lat": -31.83791,
    "long": 128.56694
  },
  "pa": null,
  "pp": null,
  "pe": null,
  "og": "ABCDGHLMOP",
  "ao": [
    "A16-ur,ca-B15-",
    "A22-ur,to-B18-",
    "B16-ur,ca-B15-",
    "B22-ur,to-B18-",
    "C05-to-C14-",
    "C08-to,or-C19-",
    "D08-ta,ta-L16-",
    "G07-or,re-T20-",
    "H07-ta,to-L20-",
    "H24-ta,ur-L18-",
    "H29-ta-L15-",
    "H50-ta,re-L21-",
    "H54-ta,ca-L17-",
    "L05-or,re-T20-",
    "L08-or,ta-T18-",
    "M07-to,or-C19-",
    "M08-to,ca-C16-",
    "O07-ca,ca-H18-",
    "P16-to,ca-C16-",
    "P22-to,or-C19-"
  ]
}