{
  "sid": "GR318",
  "idx": 1,
  "sh": 118,
  "t": "Alpha",
  "rh": 235,
  "ll": {
    "lat": -36.303894,
    "long": -44.759796
  },
  "pa": "p1,p12,p13,p14,p18,p19,p22,p24,p25,p26,p27,p3,p30,p31,p32,p33,p34,p35,p36,p37,p39,p40,p41,p42,p5,p6,p8,t12,t3,t4,t9",
  "pp": "p10,p11,p15,p16,p17,p2,p20,p21,p23,p28,p29,p4,p7,p9,t1,t10,t11,t2,t5,t6,t7,t8",
  "pe": "p38",
  "og": "DEFGJKLMNOQ",
  "ao": [
    "D04-or,ca-T3-",
    "D06-to,or-C6-",
    "D07-to,ta-C5-",
    "E04-ca,re-H7-",
    "E06-ca,re-H7-",
    "F18-ur,to-B6-",
    "F19-ur,or-B5-",
    "F20-ur,or-B5-",
    "G02-ca,ur-H3-",
    "G03-ca,or-H5-",
    "J03-ca,ur-H3-",
    "J05-ca,ta-H4-",
    "K18-to,to-C2-",
    "K19-to,ur-C4-",
    "K20-to,ta-C5-",
    "L04-ca,re-H7-",
    "L06-ca,re-H7-",
    "M03-ta,ca-L3-",
    "M05-ta,or-L5-",
    "M10-ta,ta-L2-",
    "M19-ta,ca-L3-",
    "N04-ca,re-H7-",
    "N06-ca,re-H7-",
    "O02-or,or-T2-",
    "O04-or,ur-T4-",
    "O10-or,ur-T4-",
    "Q05-ta,ur-L4-",
    "Q06-ta,or-L5-",
    "Q16-ta,or-L5-",
    "Q17-ta,ta-L6-"
  ],
  "rth": "t1:236,t2:237,t5:239,t6:237,t8:234,t10:238,t11:235"
}