{
  "sid": "GR503",
  "idx": 2,
  "sh": 252,
  "t": "Alpha",
  "rh": 14,
  "ll": {
    "lat": -41.70805,
    "long": -152.511337
  },
  "pa": "p1,p10,p12,p13,p14,p16,p17,p19,p2,p21,p22,p26,p27,p28,p3,p31,p32,p34,p35,p36,p37,p38,p39,p4,p40,p41,p8,t10,t12,t3,t5,t6,t8",
  "pp": "p11,p15,p18,p20,p23,p24,p25,p29,p30,p33,p5,p6,p7,p9,t1,t11,t2,t4,t5,t7,t9",
  "og": "ABDFGHIKMOPQ",
  "ao": [
    "A05-ur,re-B1-",
    "A08-ur,ta-B4-",
    "A20-or,ur-T4-",
    "B01-to,ca-C3-",
    "B09-to,ur-C4-",
    "D06-to,or-C6-",
    "D13-or,to-T6-",
    "F07-ur,ur-B2-",
    "F08-ur,ur-B2-",
    "G01-ca,ca-H2-",
    "H05-ca-H1-",
    "I07-ur,ca-B3-",
    "I08-ur,ur-B2-",
    "K07-or,ca-T3-",
    "K08-or,ca-T3-",
    "M01-ta-L1-",
    "M04-ta,ur-L4-",
    "M22-ta,ta-L6-",
    "O07-or-T1-",
    "O20-or,to-T6-",
    "P01-or,to-T6-",
    "P07-or,ca-T3-",
    "Q03-ta,ca-L3-",
    "Q18-ta,re-L7-",
    "Q27-ta,re-L7-"
  ]
}