{
  "sid": "GR436",
  "idx": 2,
  "sh": 232,
  "t": "Gamma",
  "rh": 264,
  "ll": {
    "lat": 17.476921,
    "long": 52.14439
  },
  "pa": "p10,p18,p19,p2,p20,p23,p25,p26,p27,p29,p30,p31,p33,p36,p37,p39,p40,p41,p43,p5,t1,t2,t4,t6,t8",
  "pp": "p11,p12,p13,p14,p15,p16,p17,p21,p22,p24,p28,p3,p32,p34,p35,p38,p4,p42,p6,p7,p8,p9,t3,t5,t7,t9",
  "og": "ACEFHIKLMOPQS",
  "ao": [
    "A26-ur,ur-B14-",
    "A27-ur-B13-",
    "C02-to,or-C19-",
    "C07-to,ta-C18-",
    "E01-ca,ur-H19-",
    "F06-or,ta-T18-",
    "F12-or,ur-T17-",
    "H05-ta,ur-L18-",
    "H12-ta,re-L21-",
    "H22-ta,ta-L16-",
    "H28-ta,ur-L18-",
    "H49-ta,ca-L17-",
    "I01-ur,ca-B15-",
    "I07-ur,ur-B14-",
    "K11-or,ur-T17-",
    "K12-or,ca-T16-",
    "L02-or,ur-T17-",
    "L07-or,ur-T17-",
    "M01-to,re-C20-",
    "M02-to,re-C20-",
    "O02-ca,ta-H20-",
    "P26-to,to-C15-",
    "P27-to-C14-",
    "Q01-ca,ur-H19-",
    "S08-ca,ta-H20-"
  ],
  "rth": "t9:264"
}