{
  "sid": "GR317",
  "idx": 1,
  "sh": 171,
  "t": "Gamma",
  "rh": -1,
  "ll": {
    "lat": -31.981228,
    "long": 44.757191
  },
  "pa": "p3",
  "pp": "p4",
  "pe": null,
  "og": "ADHMOQS",
  "ao": [
    "A02-ur-B13-",
    "A18-ur-B13-",
    "A27-ur-B13-",
    "D01-ta,or-H21-",
    "D13-ta,to-L20-",
    "H13-ta,re-L21-",
    "H22-ta,ta-L16-",
    "H30-ta-L15-",
    "H34-ta,or-L19-",
    "H36-ta,ca-L17-",
    "H42-ta,ur-L18-",
    "H56-ta-L15-",
    "M01-to,re-C20-",
    "M03-to,ur-C17-",
    "M06-to,or-C19-",
    "O01-ca,ur-H19-",
    "O02-ca,ta-H20-",
    "Q01-ca,ur-H19-",
    "Q07-ca,ta-H20-",
    "S04-ca,to-H17-",
    "S05-ca,ur-H19-"
  ]
}