{
  "sid": "GR459",
  "idx": 2,
  "sh": 93,
  "t": "Alpha",
  "rh": 214,
  "ll": {
    "lat": -47.045448,
    "long": 10.889312
  },
  "pa": "p1,p10,p12,p13,p14,p15,p17,p18,p2,p21,p22,p29,p3,p30,p31,p32,p33,p34,p36,p37,p38,p39,p4,p40,p41,p42,p5,p7,p8,p9,t1,t10,t11,t12,t3,t6",
  "pp": "p11,p16,p19,p20,p23,p24,p25,p26,p27,p28,p35,p6,t2,t4,t5,t7,t8,t9",
  "pe": null,
  "og": "BDFGHIJMNOQ",
  "ao": [
    "B03-to,re-C1-",
    "B14-to,ta-C5-",
    "B17-to,to-C2-",
    "D04-or,ca-T3-",
    "D07-to,ta-C5-",
    "D08-or,ta-T5-",
    "F03-ur,re-B1-",
    "F17-ur,to-B6-",
    "F19-ur,or-B5-",
    "G01-ca,ca-H2-",
    "G02-ca,ur-H3-",
    "H04-ca,ca-H2-",
    "H05-ca-H1-",
    "I01-ur,re-B1-",
    "I03-ur,re-B1-",
    "I17-ur,to-B6-",
    "J03-ca,ur-H3-",
    "J07-ca,ca-H2-",
    "M02-ta,ta-L2-",
    "M03-ta,ca-L3-",
    "M10-ta,ta-L2-",
    "M24-ta,re-L7-",
    "N04-ca,re-H7-",
    "N07-ca,to-H6-",
    "O03-or,ca-T3-",
    "O05-or,ta-T5-",
    "O10-or,ur-T4-",
    "Q04-ta,ca-L3-",
    "Q09-ta,re-L7-",
    "Q16-ta,or-L5-",
    "Q19-ta,re-L7-"
  ]
}