{
  "sid": "GR499",
  "idx": 1,
  "sh": 14,
  "t": "Gamma",
  "rh": 44,
  "ll": {
    "lat": 32.340317,
    "long": 146.81369
  },
  "pa": "E02,E03,E05,p12,p13,p14,p15,p17,p18,p19,p23,p26,p27,p3,p31,p33,p39,p41,p42,p9,t3,t4,t6",
  "pp": "p10,p11,p16,p2,p20,p21,p22,p24,p25,p28,p29,p30,p32,p34,p35,p36,p37,p38,p4,p40,p5,p6,p7,p8,t1,t2,t5,t7,t8",
  "pe": "p1",
  "og": "AGHIKLNQS",
  "ao": [
    "A19-ur,ur-B14-",
    "A21-ur,re-B19-",
    "G12-or,re-T20-",
    "H03-ta,ta-L16-",
    "H11-ta,or-L19-",
    "H20-ta-L15-",
    "H36-ta,ca-L17-",
    "H37-ta,ta-L16-",
    "I05-ur,re-B19-",
    "I06-ur-B13-",
    "K08-or,or-T15-",
    "K13-or,or-T15-",
    "L08-or,ta-T18-",
    "L12-or,ta-T18-",
    "N03-or,ca-T16-",
    "N07-or,ca-T16-",
    "Q09-ca,to-H17-",
    "S06-ca,ur-H19-"
  ]
}