{
  "sid": "GR496",
  "idx": 2,
  "sh": 79,
  "t": "Alpha",
  "rh": 201,
  "ll": {
    "lat": 70.624649,
    "long": -1.822445
  },
  "pa": "p1,p11,p12,p13,p14,p15,p16,p2,p20,p21,p26,p30,p31,p33,p34,p35,p36,p37,p38,p39,p40,p42,p5,p7,p8,t1,t11,t12,t3,t4",
  "pp": "p10,p17,p18,p19,p22,p23,p24,p25,p27,p28,p29,p3,p32,p4,p41,p6,p9,t10,t2,t5,t6,t7,t8,t9",
  "og": "BCDEIJKMPQ",
  "ao": [
    "B03-to,re-C1-",
    "B04-to,ca-C3-",
    "C04-to,ca-C3-",
    "C11-to,or-C6-",
    "D04-or,ca-T3-",
    "D11-to,or-C6-",
    "E05-ca,to-H6-",
    "I01-ur,re-B1-",
    "I08-ur,ur-B2-",
    "J05-ca,ta-H4-",
    "K01-or-T1-",
    "K21-to,or-C6-",
    "M01-ta-L1-",
    "M03-ta,ca-L3-",
    "M12-ta,ur-L4-",
    "P04-or,ta-T5-",
    "P13-or-T1-",
    "Q06-ta,or-L5-",
    "Q17-ta,ta-L6-",
    "Q28-ta,ta-L6-"
  ],
  "rth": "t10:201"
}