{
  "sid": "GR427",
  "idx": 1,
  "sh": -1,
  "t": "Gamma",
  "rh": -1,
  "ll": null,
  "pa": null,
  "pp": null,
  "pe": null,
  "og": "ABCDFHIJKMNQRS",
  "ao": [
    "A04-ur,to-B18-",
    "A12-ur,re-B19-",
    "B04-ur,to-B18-",
    "B12-ur,re-B19-",
    "C13-to,re-C20-",
    "C15-to,ca-C16-",
    "D14-ta-L15-",
    "F03-or,ca-T16-",
    "F10-or-T14-",
    "H02-ta-L15-",
    "H20-ta-L15-",
    "H32-ta,re-L21-",
    "H37-ta,ta-L16-",
    "H43-ta,or-L19-",
    "I16-ur,or-B17-",
    "I18-ur,ca-B15-",
    "J07-ca,or-H21-",
    "K03-or,or-T15-",
    "K05-or,re-T20-",
    "M10-to,ta-C18-",
    "M12-to,to-C15-",
    "N01-or-T14-",
    "N03-or,ca-T16-",
    "Q09-ca,to-H17-",
    "R08-ca,ta-H20-",
    "R12-to,ca-C16-",
    "S06-ca,ur-H19-"
  ]
}