{
  "sid": "GR431",
  "idx": 1,
  "sh": 184,
  "t": "Gamma",
  "rh": 213,
  "ll": {
    "lat": -31.797693,
    "long": -76.153397
  },
  "pa": "p10,p15,p17,p19,p2,p23,p25,p26,p27,p29,p3,p30,p33,p36,p37,p38,p42,p43,p9,t2,t6",
  "pp": "p1,p11,p12,p13,p14,p16,p18,p20,p21,p22,p24,p28,p31,p32,p34,p35,p39,p4,p40,p41,p5,p6,p7,p8,t1,t3,t4,t5,t7,t8,t9",
  "og": "EFJMNOQRS",
  "ao": [
    "E05-ca,ta-H20-",
    "F05-or-T14-",
    "F13-or,ca-T16-",
    "J05-ca,ta-H20-",
    "M10-to,ta-C18-",
    "M12-to,to-C15-",
    "N03-or,ca-T16-",
    "N05-or-T14-",
    "O05-ca,to-H17-",
    "Q05-ca,or-H21-",
    "R12-to,ca-C16-",
    "R18-ca,to-H17-",
    "S02-ca,ca-H18-"
  ],
  "rth": "t1:213,t3:213,t5:213,t7:213,t8:213,t9:213"
}