{
  "sid": "GR489",
  "idx": 2,
  "sh": -1,
  "t": "Gamma",
  "rh": -1,
  "ll": null,
  "pa": null,
  "pp": null,
  "pe": null,
  "og": "ACDEGHIKNOPQR",
  "ao": [
    "A17-ur,ur-B14-",
    "A21-ur,re-B19-",
    "C05-to-C14-",
    "C13-to,re-C20-",
    "D04-ta,ca-L17-",
    "E09-ca,to-H17-",
    "G12-or,re-T20-",
    "H10-ta,ta-L16-",
    "H18-ta,ta-L16-",
    "H37-ta,ta-L16-",
    "H40-ta,ta-L16-",
    "H55-ta,ta-L16-",
    "I06-ur-B13-",
    "I08-ur,ca-B15-",
    "K06-or,ur-T17-",
    "K13-or,or-T15-",
    "N03-or,ca-T16-",
    "N10-or-T14-",
    "O06-ca,or-H21-",
    "P17-to,to-C15-",
    "P21-to,re-C20-",
    "Q09-ca,to-H17-",
    "R09-ca,ur-H19-",
    "R19-to-C14-"
  ]
}