{
  "sid": "GR457",
  "idx": 1,
  "sh": 307,
  "t": "Alpha",
  "rh": 69,
  "ll": {
    "lat": 34.914604,
    "long": 120.991287
  },
  "pa": "p1,p10,p14,p18,p2,p20,p21,p22,p24,p25,p28,p3,p30,p31,p32,p36,p37,p38,p39,p4,p40,p41,p5,p6,p8,p9,t11,t12,t3,t6,t8",
  "pp": "p11,p12,p13,p15,p16,p17,p19,p23,p26,p27,p29,p33,p34,p35,p42,p7,t1,t10,t2,t4,t5,t7,t9",
  "og": "BCDEFGJKNPQ",
  "ao": [
    "B03-to,re-C1-",
    "B14-to,ta-C5-",
    "C04-to,ca-C3-",
    "C08-to,to-C2-",
    "D04-or,ca-T3-",
    "D08-or,ta-T5-",
    "E08-ca,ca-H2-",
    "F01-ur,re-B1-",
    "F03-ur,re-B1-",
    "G01-ca,ca-H2-",
    "J03-ca,ur-H3-",
    "K01-or-T1-",
    "K03-or-T1-",
    "N08-ca,ca-H2-",
    "P06-or,ca-T3-",
    "P13-or-T1-",
    "Q04-ta,ca-L3-",
    "Q16-ta,or-L5-",
    "Q17-ta,ta-L6-"
  ]
}