{
  "sid": "GR495",
  "idx": 1,
  "sh": 274,
  "t": "Beta",
  "rh": 37,
  "ll": {
    "lat": -33.708,
    "long": 108.620865
  },
  "pa": "p1,p11,p15,p16,p18,p19,p21,p23,p28,p29,p3,p31,p33,p34,p35,p36,p37,p38,p39,p4,p40,p42,p5,p6,t1,t2,t5",
  "pp": "p10,p12,p13,p14,p17,p2,p20,p22,p24,p25,p26,p27,p30,p32,p41,p7,p8,p9,t3,t4,t6,t7,t8",
  "og": "DFHIJKO",
  "ao": [
    "D12-ca-H8-",
    "F05-ca,re-H14-",
    "H09-or,or-T8-",
    "I12-ta-L8-",
    "J09-or,re-T12-",
    "K05-to,ur-C10-",
    "K22-to,ta-C11-",
    "O02-or,re-T13-"
  ],
  "rth": "t7:37"
}