{
  "sid": "GR316",
  "idx": 2,
  "sh": 0,
  "t": "Alpha",
  "rh": 0,
  "ll": null,
  "pa": null,
  "pp": null,
  "pe": null,
  "og": "CEFHJLMNOPQ",
  "ao": [
    "C02-to,ur-C4-",
    "C03-to,ca-C3-",
    "C08-to,to-C2-",
    "E07-ca,to-H6-",
    "E08-ca,ca-H2-",
    "F03-ur,re-B1-",
    "F10-ur,ca-B3-",
    "F13-ur,ca-B3-",
    "H01-ca,ta-H4-",
    "H05-ca-H1-",
    "J06-ca,or-H5-",
    "J07-ca,ca-H2-",
    "L07-ca,to-H6-",
    "L08-ca,ca-H2-",
    "M14-ta,ta-L6-",
    "M17-ta-L1-",
    "M20-ta,ur-L4-",
    "M24-ta,re-L7-",
    "N07-ca,to-H6-",
    "N08-ca,ca-H2-",
    "O09-or,ca-T3-",
    "O12-or,to-T6-",
    "O17-or,ur-T4-",
    "P02-or,to-T6-",
    "P10-or,or-T2-",
    "P11-or,or-T2-",
    "Q04-ta,ca-L3-",
    "Q10-ta,or-L5-",
    "Q13-ta,ta-L2-",
    "Q15-ta,ur-L4-"
  ]
}