{
  "sid": "GR382",
  "idx": 1,
  "sh": 190,
  "t": "Gamma",
  "rh": 219,
  "ll": {
    "lat": -2.208227,
    "long": 25.808788
  },
  "pa": "p1,p10,p13,p14,p15,p20,p23,p26,p28,p30,p33,p34,p36,p37,p38,p39,p42,p43,p5,t2,t4,t5,t9",
  "pp": "p11,p12,p16,p17,p18,p19,p2,p21,p22,p24,p25,p27,p29,p3,p31,p32,p35,p4,p40,p41,p6,p7,p8,p9,t1,t3,t6,t7,t8",
  "og": "BFGKNQS",
  "ao": [
    "B05-ur,or-B17-",
    "B06-ur,ta-B16-",
    "B13-ur,to-B18-",
    "F03-or,ca-T16-",
    "F04-or,or-T15-",
    "F15-or-T14-",
    "G07-or,re-T20-",
    "G08-or,to-T19-",
    "K09-or-T14-",
    "K10-or,re-T20-",
    "K15-or,re-T20-",
    "N02-or,or-T15-",
    "N07-or,ca-T16-",
    "N11-or,or-T15-",
    "Q02-ca,ta-H20-",
    "Q08-ca,ca-H18-",
    "S01-ca,ca-H18-",
    "S03-ca,to-H17-"
  ],
  "rth": "t8:219"
}