{
  "sid": "GR328",
  "idx": 2,
  "sh": 306,
  "t": "Beta",
  "rh": 65,
  "ll": {
    "lat": -3.381925,
    "long": -156.261154
  },
  "pa": "p1,p10,p12,p13,p14,p15,p16,p17,p18,p19,p2,p22,p23,p24,p25,p26,p27,p29,p3,p30,p32,p33,p34,p36,p38,p39,p4,p41,p42,p5,p6,p7,p8,t3,t6,t7,t8",
  "pp": "p11,p17,p20,p21,p28,p31,p35,p37,p40,p8,p9,t1,t2,t4,t5",
  "og": "GIJKQRT",
  "ao": [
    "G05-ca,ca-H9-",
    "G09-ca,to-H15-",
    "I12-ta-L8-",
    "J09-or,re-T12-",
    "K05-to,ur-C10-",
    "K16-to,to-C8-",
    "Q05-or,ur-T10-",
    "R05-ur,to-B6-",
    "R23-ca,or-H12-",
    "T05-ca,or-H12-",
    "T09-ca,re-H14-"
  ]
}