{
  "sid": "GR384",
  "idx": 1,
  "sh": 0,
  "t": "Alpha",
  "rh": 0,
  "ll": null,
  "pa": null,
  "pp": null,
  "pe": null,
  "og": "ABCDEFGKLMOQ",
  "ao": [
    "A03-ta,ta-L6-",
    "A15-ca,ur-H3-",
    "A17-or-T1-",
    "B07-to,or-C6-",
    "B15-to,ur-C4-",
    "C03-to,ca-C3-",
    "C08-to,to-C2-",
    "D03-or,ur-T4-",
    "D08-or,ta-T5-",
    "E09-ca-H1-",
    "F10-ur,ca-B3-",
    "F11-ur,ur-B2-",
    "G01-ca,ca-H2-",
    "K10-ca,or-H5-",
    "K11-ca,or-H5-",
    "L09-ca-H1-",
    "M09-ta-L1-",
    "M14-ta,ta-L6-",
    "M21-ta,or-L5-",
    "O06-or,to-T6-",
    "O17-or,ur-T4-",
    "Q08-ta,re-L7-",
    "Q13-ta,ta-L2-",
    "Q25-ta,or-L5-"
  ]
}