{
  "sid": "GR315",
  "idx": 2,
  "sh": 244,
  "t": "Gamma",
  "rh": 0,
  "ll": {
    "lat": 28.99748,
    "long": 49.365681
  },
  "pa": "t5",
  "pp": "p3,p4,p5,p7,p8,t1,t2,t3",
  "pe": null,
  "og": "ADEGIJKLMNOPRS",
  "ao": [
    "A03-ur,re-B19-",
    "A22-ur,to-B18-",
    "A24-ur,ta-B16-",
    "D08-ta,ta-L16-",
    "D15-ta-L15-",
    "E08-ca,ca-H18-",
    "E09-ca,to-H17-",
    "G07-or,re-T20-",
    "G12-or,re-T20-",
    "I03-ur,or-B17-",
    "I15-ur,to-B18-",
    "I18-ur,ca-B15-",
    "J03-ca,or-H21-",
    "J07-ca,or-H21-",
    "K04-or-T14-",
    "K09-or-T14-",
    "K13-or,or-T15-",
    "L04-or,to-T19-",
    "L08-or,ta-T18-",
    "L12-or,ta-T18-",
    "M04-to,ur-C17-",
    "M05-to-C14-",
    "M08-to,ca-C16-",
    "N03-or,ca-T16-",
    "N07-or,ca-T16-",
    "N11-or,or-T15-",
    "O03-ca,to-H17-",
    "O07-ca,ca-H18-",
    "P03-to,re-C20-",
    "P22-to,or-C19-",
    "P24-to,ur-C17-",
    "R15-to,or-C19-",
    "R16-to,re-C20-",
    "R18-ca,to-H17-",
    "S05-ca,ur-H19-",
    "S07-ca,ta-H20-"
  ]
}