{
  "sid": "GR318",
  "idx": 1,
  "sh": 0,
  "t": "Alpha",
  "rh": 0,
  "ll": null,
  "pa": null,
  "pp": null,
  "pe": null,
  "og": "DEFGJKLMNOQ",
  "ao": [
    "D04-or,ca-T3-",
    "D06-or,to-C6-",
    "D07-to,ta-C5-",
    "E04-ca,re-H7-",
    "E06-ca,re-H7-",
    "F18-ur,to-B6-",
    "F19-ur,or-B5-",
    "F20-ur,or-B5-",
    "G02-ca,ur-H3-",
    "G03-ca,or-H5-",
    "J03-ca,ur-H3-",
    "J05-ca,ta-H4-",
    "K18-to,to-C2-",
    "K19-to,ur-C4-",
    "K20-to,ta-C5-",
    "L04-ca,re-H7-",
    "L06-ca,re-H7-",
    "M03-ta,ca-L3-",
    "M05-ta,or-L5-",
    "M10-ta,ta-L2-",
    "M19-ta,ca-L3-",
    "N04-ca,re-H7-",
    "N06-ca,re-H7-",
    "O02-or,or-T2-",
    "O04-or,ur-T4-",
    "O10-or,ur-T4-",
    "Q05-ta,ur-L4-",
    "Q06-ta,or-L5-",
    "Q16-ta,or-L5-",
    "Q17-ta,ta-L6-"
  ]
}