{
  "sid": "GR512",
  "idx": 1,
  "sh": 235,
  "t": "Gamma",
  "rh": 267,
  "ll": {
    "lat": -62.757656,
    "long": -66.128876
  },
  "pa": "p10,p12,p13,p14,p19,p20,p23,p26,p27,p29,p3,p33,p34,p35,p37,p39,p41,p43,p5,t1,t2,t4,t6",
  "pp": "p1,p11,p15,p16,p17,p18,p2,p21,p22,p24,p25,p28,p30,p31,p32,p36,p38,p4,p40,p42,p6,p7,p8,p9,t3,t5,t7,t8,t9",
  "og": "CDFGIKLMORS",
  "ao": [
    "C05-to-C14-",
    "C14-to,ca-C16-",
    "D02-ta,re-L21-",
    "F02-or,ur-T17-",
    "F15-or-T14-",
    "G08-or,to-T19-",
    "I11-ur,to-B18-",
    "I14-ur,re-B19-",
    "K07-or,ca-T16-",
    "K15-or,re-T20-",
    "L05-or,re-T20-",
    "L13-or,to-T19-",
    "M07-to,or-C19-",
    "M13-to,to-C15-",
    "O04-ca,or-H21-",
    "R05-to,ta-C18-",
    "R23-to,ta-C18-",
    "S01-ca,ca-H18-"
  ],
  "rth": "t8:267"
}