{
  "sid": "GR429",
  "idx": 1,
  "sh": 190,
  "t": "Beta",
  "rh": 310,
  "ll": {
    "lat": -45.852489,
    "long": 1.677375
  },
  "pa": "p1,p10,p13,p14,p16,p18,p19,p20,p22,p23,p24,p25,p26,p27,p28,p29,p3,p30,p31,p32,p33,p34,p36,p38,p4,p41,p42,t6,t8",
  "pp": "p11,p12,p15,p17,p2,p21,p35,p37,p39,p40,p5,p6,p7,p8,p9,t1,t2,t3,t4,t5,t7",
  "og": "ABIKLSU",
  "ao": [
    "A08-ca,ca-H9-",
    "B06-or,ta-T11-",
    "I06-ta,ca-L10-",
    "K03-to,or-C12-",
    "K06-to,ca-C9-",
    "L06-or,re-T13-",
    "S03-or,re-T13-",
    "U48-ur,ur-B8-",
    "U52-or,ca-T9-"
  ],
  "rth": "t1:310,t2:310,t3:310,t4:310,t5:310"
}