{
  "sid": "GR375",
  "idx": 2,
  "sh": 212,
  "t": "Beta",
  "rh": 331,
  "ll": {
    "lat": -33.765495,
    "long": -161.570251
  },
  "pa": "p11,p14,p15,p16,p17,p18,p19,p2,p20,p21,p22,p23,p24,p29,p30,p31,p32,p33,p34,p36,p37,p39,p4,p40,p41,p42,p6,p8,p9,t1,t2,t3,t8",
  "pp": "p1,p10,p12,p13,p25,p26,p27,p28,p3,p35,p38,p5,p7,t4,t5,t6,t7",
  "og": "HIKOU",
  "ao": [
    "H09-or,or-T8-",
    "I10-ca-H8-",
    "K09-to,re-C13-",
    "O02-or,re-T13-",
    "U04-ur,or-B11-",
    "U42-ur,or-B11-",
    "U43-ur,ta-B10-"
  ]
}