{
  "sid": "GR418",
  "idx": 1,
  "sh": 27,
  "t": "Gamma",
  "rh": 55,
  "ll": {
    "lat": -41.451416,
    "long": -161.536728
  },
  "pa": "p14,p17,p18,p2,p25,p26,p27,p28,p31,p33,p34,p35,p36,p37,p38,p39,p42,p9,t2,t3,t5,t6,t7",
  "pp": "p10,p11,p12,p13,p15,p16,p19,p20,p21,p22,p23,p24,p25,p29,p3,p30,p32,p4,p40,p41,p5,p6,p7,p8,t1,t3,t4,t8",
  "pe": "p1,p12",
  "og": "ABDGHJKMNOP",
  "ao": [
    "A03-ur,re-B19-",
    "A15-ur,ta-B16-",
    "A16-ur,ca-B15-",
    "B03-ur,re-B19-",
    "B15-ur,ta-B16-",
    "B16-ur,ca-B15-",
    "D04-ta,ca-L17-",
    "D12-ta,to-L20-",
    "G04-or,to-T19-",
    "G12-or,re-T20-",
    "H05-ta,ur-L18-",
    "H06-ta,or-L19-",
    "H08-ta,ur-L18-",
    "H11-ta,or-L19-",
    "H12-ta,re-L21-",
    "H16-ta,ur-L18-",
    "H56-ta-L15-",
    "J07-ca,or-H21-",
    "J09-ca,ur-H19-",
    "K07-or,ca-T16-",
    "K13-or,or-T15-",
    "K14-or-T14-",
    "M05-to-C14-",
    "M07-to,or-C19-",
    "M09-to,ca-C16-",
    "N03-or,ca-T16-",
    "N06-or,or-T15-",
    "N10-or-T14-",
    "O03-ca,to-H17-",
    "O06-ca,or-H21-",
    "P03-to,re-C20-",
    "P15-to,ur-C17-",
    "P16-to,ca-C16-"
  ]
}