{
  "sid": "GR517",
  "idx": 1,
  "sh": 212,
  "t": "Alpha",
  "rh": 334,
  "ll": {
    "lat": -42.009892,
    "long": -84.964058
  },
  "pa": "p1,p11,p12,p14,p15,p16,p18,p19,p2,p20,p22,p24,p25,p27,p29,p30,p31,p33,p34,p35,p36,p37,p38,p39,p40,p41,p42,p6,p8,t10,t11,t12,t2,t3,t4",
  "pp": "p10,p13,p17,p21,p23,p26,p28,p3,p32,p5,p7,p9,t1,t5,t6,t7,t8,t9",
  "pe": "p4",
  "og": "ABFGIJMNPQ",
  "ao": [
    "A03-ta,ta-L6-",
    "A12-to,ur-C4-",
    "A14-ca,ca-H2-",
    "B02-to,to-C2-",
    "B06-to,re-C1-",
    "F14-ur,ca-B3-",
    "F19-ur,or-B5-",
    "G02-ca,ur-H3-",
    "I01-ur,re-B1-",
    "I18-ur,to-B6-",
    "J04-ca,to-H6-",
    "M09-ta-L1-",
    "M11-ta,ca-L3-",
    "M19-ta,ca-L3-",
    "N04-ca,re-H7-",
    "P05-or,ta-T5-",
    "P13-or-T1-",
    "Q08-ta,re-L7-",
    "Q14-ta,ca-L3-",
    "Q16-ta,or-L5-"
  ],
  "rth": "t1:334,t5:334,t6:334,t7:334,t8:334,t9:334"
}