{
  "sid": "GR491",
  "idx": 1,
  "sh": -1,
  "t": "Alpha",
  "rh": -1,
  "ll": null,
  "pa": null,
  "pp": null,
  "pe": null,
  "og": "ABDGIKLMNOPQ",
  "ao": [
    "A10-to,to-C2-",
    "A15-ca,ur-H3-",
    "A20-or,ur-T4-",
    "B07-to,or-C6-",
    "B09-to,ur-C4-",
    "D08-or,ta-T5-",
    "D13-or,to-T6-",
    "G01-ca,ca-H2-",
    "I07-ur,ca-B3-",
    "I11-ur,ta-B4-",
    "K07-or,ca-T3-",
    "K11-ca,or-H5-",
    "L09-ca-H1-",
    "M12-ta,ur-L4-",
    "M21-ta,or-L5-",
    "M22-ta,ta-L6-",
    "N09-ca-H1-",
    "O17-or,ur-T4-",
    "O20-or,to-T6-",
    "P01-or,to-T6-",
    "P11-or,or-T2-",
    "Q03-ta,ca-L3-",
    "Q25-ta,or-L5-",
    "Q28-ta,ta-L6-"
  ]
}