{
  "sid": "GR516",
  "idx": 1,
  "sh": -1,
  "t": "Gamma",
  "rh": -1,
  "ll": {
    "lat": 43.100727,
    "long": 52.397034
  },
  "og": "ACDGHIMNOQS",
  "ao": [
    "A06-ur,ta-B16-",
    "A27-ur-B13-",
    "C02-to,or-C19-",
    "C08-to,or-C19-",
    "D01-ca,or-H21-",
    "G05-or,ta-T18-",
    "H03-ta,ta-L16-",
    "H11-ta,or-L19-",
    "H24-ta,ur-L18-",
    "H44-ta,to-L20-",
    "H49-ta,ca-L17-",
    "I01-ur,ca-B15-",
    "I15-ur,to-B18-",
    "M01-to,re-C20-",
    "M08-to,ca-C16-",
    "N07-or,ca-T16-",
    "N13-or,ur-T17-",
    "O02-ca,ta-H20-",
    "Q03-ca,or-H21-",
    "S08-ca,ta-H20-"
  ]
}