{
  "sid": "GR372",
  "idx": 1,
  "sh": 144,
  "t": "Gamma",
  "rh": 174,
  "ll": {
    "lat": 37.092598,
    "long": -70.483406
  },
  "pa": "p1,p10,p13,p17,p19,p2,p20,p22,p23,p25,p28,p31,p33,p34,p36,p39,p40,p41,t1,t2,t3,t4,t5,t6,t7,t8",
  "pp": "p1,p11,p12,p14,p15,p16,p18,p21,p22,p23,p24,p26,p27,p29,p3,p30,p32,p35,p37,p38,p4,p42,p5,p6,p7,p8,p9,t1,t2,t6,t7",
  "pe": "p15,p30",
  "og": "FGIKLQRS",
  "ao": [
    "F05-or-T14-",
    "F13-or,ca-T16-",
    "G12-or,re-T20-",
    "I17-ur,ta-B16-",
    "I18-ur,ca-B15-",
    "K02-or,ca-T16-",
    "K03-or,or-T15-",
    "L10-or,re-T20-",
    "L12-or,ta-T18-",
    "Q09-ca,to-H17-",
    "R03-to,ca-C16-",
    "R18-ca,to-H17-",
    "S06-ca,ur-H19-"
  ]
}