{
  "sid": "GR436",
  "idx": 2,
  "sh": 0,
  "t": "Gamma",
  "rh": 0,
  "ll": null,
  "pa": null,
  "pp": null,
  "pe": null,
  "og": "ACEFHIKLMOPQS",
  "ao": [
    "A26-ur,ur-B14-",
    "A27-ur-B13-",
    "C02-to,or-C19-",
    "C07-to,ta-C18-",
    "E01-ca,ur-H19-",
    "F06-or,ta-T18-",
    "F12-or,ur-T17-",
    "H05-ta,ur-L18-",
    "H12-ta,re-L21-",
    "H22-ta,ta-L16-",
    "H28-ta,ur-L18-",
    "H49-ta,ca-L17-",
    "I01-ur,ca-B15-",
    "I07-ur,ur-B14-",
    "K11-or,ur-T17-",
    "K12-or,ca-T16-",
    "L02-or,ur-T17-",
    "L07-or,ur-T17-",
    "M01-to,re-C20-",
    "M02-to,re-C20-",
    "O02-ca,ta-H20-",
    "P26-to,to-C15-",
    "P27-to-C14-",
    "Q01-ca,ur-H19-",
    "S08-ca,ta-H20-"
  ]
}