{
  "sid": "GR490",
  "idx": 1,
  "sh": 8,
  "t": "Alpha",
  "rh": 129,
  "ll": {
    "lat": 4.067916,
    "long": 108.551102
  },
  "pa": "p1,p10,p11,p13,p14,p18,p19,p21,p27,p28,p3,p31,p32,p33,p34,p35,p36,p37,p38,p39,p4,p40,p41,p5,p6,p8,t10,t2,t8",
  "pp": "p12,p15,p16,p17,p2,p20,p23,p24,p25,p26,p29,p30,p7,p9,t1,t11,t12,t3,t4,t5,t6,t7,t9",
  "pe": "p22",
  "og": "BCEFHJKP",
  "ao": [
    "B04-to,ca-C3-",
    "B17-to,to-C2-",
    "C07-to,ta-C5-",
    "C11-to,or-C6-",
    "E01-ca,ur-H3-",
    "F09-ur,ca-B3-",
    "F22-ur,or-B5-",
    "H01-ca,ta-H4-",
    "J02-ca,re-H7-",
    "K09-ca-H1-",
    "K22-to,or-C6-",
    "P02-or,to-T6-",
    "P04-or,ta-T5-"
  ]
}