{
  "sid": "GR501",
  "idx": 1,
  "sh": 63,
  "t": "Beta",
  "rh": 182,
  "ll": {
    "lat": 3.24297,
    "long": 25.892408
  },
  "pa": "p1,p11,p12,p16,p18,p19,p21,p23,p24,p25,p26,p27,p28,p29,p31,p32,p33,p34,p36,p38,p41,p42,p6,p7,p8,p9,t2,t8",
  "pp": "p10,p13,p14,p15,p17,p2,p20,p22,p3,p30,p35,p37,p39,p4,p40,p5,t1,t3,t4,t5,t6,t7",
  "pe": null,
  "og": "ABCDFKPS",
  "ao": [
    "A05-ca,to-H13-",
    "B02-or,or-T8-",
    "C12-ta-L8-",
    "D10-ca,or-H12-",
    "F04-ca,or-H12-",
    "K09-to,re-C13-",
    "K13-to,ta-C11-",
    "P09-to,or-C12-",
    "P13-to,ca-C9-",
    "S02-or,re-T12-"
  ]
}