{
  "sid": "GR434",
  "idx": 2,
  "sh": 327,
  "t": "Alpha",
  "rh": 268,
  "ll": {
    "lat": -43.874695,
    "long": -45.487785
  },
  "pa": "p1,p11,p12,p13,p14,p15,p17,p18,p2,p20,p24,p28,p29,p30,p31,p32,p33,p36,p37,p39,p40,p41,p5,p6,p8,t1,t10,t11,t12,t4,t5",
  "pp": "p10,p16,p19,p21,p23,p25,p26,p27,p3,p34,p35,p38,p7,p9,t2,t3,t6,t7,t8,t9",
  "pe": "p22,p4",
  "og": "BFGIJLNOPQ",
  "ao": [
    "B03-to,re-C1-",
    "B05-to,to-C2-",
    "F01-ur,re-B1-",
    "F15-ur,ta-B4-",
    "G02-ca,ur-H3-",
    "I11-ur,ta-B4-",
    "I14-ur,or-B5-",
    "J04-ca,to-H6-",
    "L02-ca,ta-H4-",
    "N02-ca,ta-H4-",
    "O11-or,ta-T5-",
    "O18-or,ta-T5-",
    "P09-or,ur-T4-",
    "P13-or-T1-",
    "Q06-ta,or-L5-",
    "Q23-ta,ca-L3-",
    "Q24-ta,ur-L4-"
  ]
}