{
  "sid": "GR370",
  "idx": 2,
  "sh": -1,
  "t": "Gamma",
  "rh": -1,
  "ll": null,
  "pa": null,
  "pp": null,
  "pe": null,
  "og": "ABCDHIJKMNORS",
  "ao": [
    "A06-ur,ta-B16-",
    "A26-ur,ur-B14-",
    "B06-ur,ta-B16-",
    "B26-ur,ur-B14-",
    "C07-to,ta-C18-",
    "C08-to,or-C19-",
    "D11-ta,or-H21-",
    "H05-ta,ur-L18-",
    "H08-ta,ur-L18-",
    "H24-ta,ur-L18-",
    "H36-ta,ca-L17-",
    "H49-ta,ca-L17-",
    "I01-ur,ca-B15-",
    "I15-ur,to-B18-",
    "J04-ca,ca-H18-",
    "K04-or-T14-",
    "K11-or,ur-T17-",
    "M01-to,re-C20-",
    "M08-to,ca-C16-",
    "N07-or,ca-T16-",
    "N08-or,ur-T17-",
    "O02-ca,ta-H20-",
    "R01-to-C14-",
    "R07-to,re-C20-",
    "S08-ca,ta-H20-"
  ]
}