{
  "sid": "GR385",
  "idx": 1,
  "sh": 243,
  "t": "Alpha",
  "rh": 5,
  "ll": {
    "lat": 39.975208,
    "long": 102.138107
  },
  "pa": "p1,p10,p11,p12,p14,p17,p18,p19,p21,p22,p23,p24,p27,p29,p30,p31,p33,p34,p37,p4,p40,p41,p42,p5,p6,p7,p8,t1,t10,t11,t12,t2,t5,t6,t7,t8,t9",
  "pp": "p13,p15,p16,p2,p20,p25,p26,p28,p3,p32,p35,p36,p38,p39,p9,t3,t4",
  "og": "ACFGHJKMNO",
  "ao": [
    "A08-ur,ta-B4-",
    "A10-to,to-C2-",
    "A20-or,ur-T4-",
    "C06-to,ta-C5-",
    "C11-to,or-C6-",
    "F21-ur,to-B6-",
    "F22-ur,or-B5-",
    "G02-ca,ur-H3-",
    "H03-ca,ur-H3-",
    "J04-ca,to-H6-",
    "K21-to,or-C6-",
    "K22-to,or-C6-",
    "M04-ta,ur-L4-",
    "M12-ta,ur-L4-",
    "M22-ta,ta-L6-",
    "N05-ca,to-H6-",
    "O01-or-T1-",
    "O20-or,to-T6-"
  ],
  "rth": "t3:5,t4:5"
}