{
  "sid": "GR374",
  "idx": 1,
  "sh": 187,
  "t": "Gamma",
  "rh": 218,
  "ll": {
    "lat": 41.275333,
    "long": -16.668974
  },
  "pa": null,
  "pp": "p4,p5",
  "pe": null,
  "og": "ADEFGHIKMOR",
  "ao": [
    "A06-ur,ta-B16-",
    "A22-ur,to-B18-",
    "D15-ta-L15-",
    "E08-ca,ca-H18-",
    "F04-or,or-T15-",
    "F13-or,ca-T16-",
    "G07-or,re-T20-",
    "H40-ta,ta-L16-",
    "H49-ta,ca-L17-",
    "H53-ta,ur-L18-",
    "H54-ta,ca-L17-",
    "H56-ta-L15-",
    "I15-ur,to-B18-",
    "I18-ur,ca-B15-",
    "K04-or-T14-",
    "K13-or,or-T15-",
    "M05-to-C14-",
    "M08-to,ca-C16-",
    "O07-ca,ca-H18-",
    "R07-to,re-C20-",
    "R18-ca,to-H17-"
  ]
}