{
  "sid": "GR461",
  "idx": 1,
  "sh": 103,
  "t": "Alpha",
  "rh": 225,
  "ll": {
    "lat": -53.756573,
    "long": -15.019888
  },
  "pa": "p1,p10,p11,p14,p15,p17,p18,p19,p2,p23,p25,p3,p31,p32,p33,p34,p35,p36,p38,p39,p4,p41,p42,p6,p8,p9,t1,t10,t11,t12,t8,t9",
  "pp": "p12,p13,p16,p20,p21,p24,p26,p27,p28,p29,p30,p37,p40,p5,p7,t2,t3,t4,t5,t6,t7",
  "pe": "p22",
  "og": "ABCDFGHJLOP",
  "ao": [
    "A07-ur,ca-B3-",
    "A12-to,ur-C4-",
    "A13-ca-H1-",
    "B02-to,to-C2-",
    "B03-to,re-C1-",
    "C01-to,ur-C4-",
    "C04-to,ca-C3-",
    "D01-to,or-C6-",
    "D04-or,ca-T3-",
    "F01-ur,re-B1-",
    "F14-ur,ca-B3-",
    "G01-ca,ca-H2-",
    "H04-ca,ca-H2-",
    "J03-ca,ur-H3-",
    "L08-ca,ca-H2-",
    "O11-or,ta-T5-",
    "O19-or,ta-T5-",
    "P05-or,ta-T5-",
    "P11-or,or-T2-"
  ],
  "rth": "t2:225,t3:225,t4:225,t5:225,t6:225,t7:225"
}