{
  "sid": "GR502",
  "idx": 1,
  "sh": 113,
  "t": "Alpha",
  "rh": 356,
  "ll": {
    "lat": -24.590868,
    "long": -24.024014
  },
  "pa": "p1,p13,p14,p15,p17,p18,p19,p2,p20,p21,p22,p23,p25,p28,p3,p30,p31,p32,p34,p35,p36,p38,p39,p4,p40,p41,p5,p6,p8,t10,t12,t2,t5,t9",
  "pp": "p10,p11,p12,p16,p24,p26,p27,p29,p33,p37,p7,p9,t1,t11,t3,t4,t6,t7,t8",
  "pe": null,
  "og": "BCFGHIJLMOPQ",
  "ao": [
    "B12-to,ur-C4-",
    "B15-to,ur-C4-",
    "C03-to,ca-C3-",
    "C13-to,re-C1-",
    "F04-ur,re-B1-",
    "F06-ur,ur-B2-",
    "G01-ca,ca-H2-",
    "H05-ca-H1-",
    "I04-ur,re-B1-",
    "I06-ur,ca-B3-",
    "J07-ca,ca-H2-",
    "L07-ca,to-H6-",
    "M06-ta,ta-L6-",
    "M07-ta,re-L7-",
    "M22-ta,ta-L6-",
    "O05-or,ta-T5-",
    "O06-or,to-T6-",
    "P01-or,to-T6-",
    "P06-or,ca-T3-",
    "Q01-ta,ta-L2-",
    "Q03-ta,ca-L3-",
    "Q22-ta,ta-L2-"
  ]
}