{
  "sid": "GS013",
  "idx": 1,
  "sh": 205,
  "t": "Turtle",
  "rh": -1,
  "ll": {
    "lat": -45.782867,
    "long": -102.657578
  },
  "pa": "c1,c10,c11,c12,c15,c2,c6,c7,c8,c9,p1,p10,p11,p12,p13,p14,p15,p18,p2,p22,p23,p24,p25,p29,p30,p4,p5,p6,p7,p9,py10,py11,py12,py13,py14,py2,py3,py9,t10,t11,t2,t4,t5,t6,t7,t8,t9",
  "pp": "c13,c14,c16,c17,c3,c4,c5,p16,p17,p19,p20,p21,p26,p27,p28,p3,p31,p32,p37,p8,py1,py4,py5,py6,py7,py8,t1,t3",
  "pe": "p33",
  "og": "ABCD",
  "ao": [
    "A07-or,ur-#21-",
    "B09-or,ca-#13-",
    "C02-ca,re-#9-",
    "C08-re,to-#14-",
    "D07-ur,ta-#27-"
  ],
  "rth": "t1:235,t3:235"
}