{
  "sid": "GS125",
  "idx": 1,
  "sh": 13,
  "t": "Bowl",
  "rh": -1,
  "ll": {
    "lat": 24.304094,
    "long": -65.507484
  },
  "pa": "c5,c6,c7,c8,p1,p10,p13,p14,p16,p17,p18,p19,p2,p20,p21,p23,p24,p25,p26,p27,p6,p7,p8,py1,py10,py11,py12,py13,py14,py15,py16,py8,py9,t10,t11,t12,t13,t14,t15,t8,t9",
  "pp": "c1,c2,c3,c4,p11,p12,p22,p28,p29,p3,p30,p31,p32,p4,p5,p9,py2,py3,py4,py5,py6,py7,t1,t2,t3,t4,t5,t6,t7",
  "og": "ABCD",
  "ao": [
    "A01-re,to-#14-",
    "B07-se,me-#5-",
    "C02-re,ta-#17-",
    "D04-or,ta-#22-"
  ],
  "rth": "t1:145,t2:132,t3:162,t4:162,t5:243,t6:188,t7:162"
}