{
  "sid": "GR008",
  "idx": 1,
  "sh": 162,
  "t": "Beta",
  "rh": 281,
  "ll": {
    "lat": 37.457077,
    "long": 47.07233
  },
  "pa": "p1,p12,p15,p16,p17,p18,p19,p2,p20,p21,p23,p25,p26,p27,p28,p30,p31,p33,p34,p35,p36,p37,p4,p41,p42,p5,p7,p8,p9,t1,t3,t8",
  "pp": "p10,p11,p13,p14,p22,p24,p29,p3,p32,p38,p39,p40,p6,t2,t4,t5,t6,t7",
  "og": "BGILPQ",
  "ao": [
    "B03-or,ur-T10-",
    "G02-ca,to-H15-",
    "G18-ca-H8-",
    "I08-to,to-C8-",
    "L01-or,ca-T9-",
    "P09-to,or-C12-",
    "P27-to-C7-",
    "Q01-or-T7-"
  ]
}