{
  "sid": "GR008",
  "idx": 1,
  "sh": 162,
  "t": "Beta",
  "rh": 281,
  "ll": {
    "lat": 37.457077,
    "long": 47.07233
  },
  "pa": "p41,p37,p35,p36,p27,p26,p21,p23,p25,p31,p28,p30,p34,p33,p42,p2,p1,p4,p5,p7,p12,p15,p16,p17,p18,p19,p20,p9,p8,t3,t8,t1",
  "pp": "p39,p38,p32,p11,p13,p22,p24,p29,p3,p6,p10,p14,p40,t4,t5,t6,t7,t2",
  "pe": null,
  "og": "BGILPQ",
  "ao": [
    "B03-or,ur-T10-",
    "G02-ca,to-H15-",
    "G18-ca-H8-",
    "I08-to,to-C8-",
    "L01-or,ca-T9-",
    "P09-to,or-C12-",
    "P27-to-C7-",
    "Q01-or-T7-"
  ]
}