{
  "sid": "GR025",
  "idx": 2,
  "sh": 309,
  "t": "Beta",
  "rh": 74,
  "ll": {
    "lat": 49.469101,
    "long": -85.726974
  },
  "pa": "p41,p38,p36,p26,p13,p21,p22,p14,p16,p18,p24,p25,p27,p28,p29,p30,p32,p31,p33,p42,p3,p1,p5,p7,p12,p9,t5,p8,t6,t1",
  "pp": "p11,p39,p37,p35,p23,p15,p17,p19,p20,p34,p40,p2,p4,p6,p10,t7,t8,t2,t3,t4",
  "pe": null,
  "og": "CEHIMNPU",
  "ao": [
    "C20-ta,ta-L9-",
    "E03-or,ca-T9-",
    "E20-ta,ta-L9-",
    "H05-or,ta-T11-",
    "I05-ca,ca-C9-",
    "M02-or-T7-",
    "N08-ta,or-L12-",
    "N25-ta,or-L12-",
    "P02-to,re-C13-",
    "P23-to,ur-C10-",
    "U12-ur,ur-B8-",
    "U15-ur,re-B7-",
    "U46-ur,ca-B9-"
  ]
}