{
  "sid": "GR002",
  "idx": 1,
  "sh": 56,
  "t": "Beta",
  "rh": 177,
  "ll": {
    "lat": -41.88707,
    "long": 26.236826
  },
  "pa": "p1,p37,p35,p32,t1,t8,p6,p7,p8,p10,p11,p41,p5,p4,p3,p42,p26,p13,p21,p23,p19,p18,p16,p24,p25,p36,p33,p34,p31,p29,p28",
  "pp": "t5,t4,p2,t3,p40,p39,t2,p15,t7,t6,p9,p38,p22,p20,p17,p14,p12,p27,p30,L01",
  "pe": null,
  "og": "ABFIKLQR",
  "ao": [
    "A01-ca,re-H16-",
    "B03-or,ur-T10-",
    "F07-ca,to-H15-",
    "I08-to,to-C8-",
    "K24-to,ca-C9-",
    "L01-or,ca-T9-",
    "Q01-or-T7-",
    "R12-ur,ur-B8-",
    "R17-ca,to-H15-"
  ]
}