{
  "sid": "GR047",
  "idx": 1,
  "sh": 218,
  "t": "Alpha",
  "rh": 339,
  "ll": {
    "lat": 9.200873,
    "long": -130.064285
  },
  "pa": "p20,p7,t2,p6,p5,p2,t6,p15,p13,p36,p14,p33,p11,t7,p39,p8,p27,t8,p41,p38,t11,p22,p23,p3,p1,p21,t12,p31,p18,p17,p34,p25",
  "pp": "t5,t4,p32,p40,t3,t1,p16,p12,p10,p37,p9,p28,p24,t9,p26,p29,t10,p35,p4,p30,p19",
  "pe": null,
  "og": "FGHKLMNO",
  "ao": [
    "F04-ur,re-B1-",
    "F13-ur,ca-B3-",
    "G03-ca,or-H5-",
    "H01-ca,ta-H4-",
    "K04-or-T1-",
    "K13-ca-H1-",
    "L03-ca,or-H5-",
    "M06-ta,ta-L6-",
    "M12-ta,ur-L4-",
    "M18-ta,ta-L2-",
    "N03-ca,or-H5-",
    "O06-or,to-T6-",
    "O16-or,ca-T3-"
  ]
}