{
  "sid": "GR141",
  "idx": 1,
  "sh": 187,
  "t": "Gamma",
  "rh": 218,
  "ll": {
    "lat": -54.580582,
    "long": 25.089537
  },
  "pa": "p13,p15,p17,p18,p19,p2,p20,p25,p27,p29,p30,p33,p34,p36,p37,p39,p41,p9,t1,t5,t7,t8",
  "pp": "p10,p11,p12,p14,p16,p21,p22,p23,p24,p26,p28,p3,p31,p32,p35,p38,p4,p40,p42,p5,p6,p7,p8,t2,t3,t4,t6",
  "pe": "p1",
  "og": "ABEHIMN",
  "ao": [
    "A17-ur,ur-B14-",
    "A21-ur,re-B19-",
    "B17-ur,ur-B14-",
    "B21-ur,re-B19-",
    "E01-ca,ur-H19-",
    "H04-ta,ca-L17-e",
    "H24-ta,ur-L18-",
    "H37-ta,ta-L16-",
    "H41-ta,ca-L17-e",
    "H55-ta,ta-L16-",
    "I06-ur-B13-",
    "I08-ur,ca-B15-",
    "M05-to-C14-",
    "M06-to,or-C19-",
    "N03-or,ca-T16-",
    "N10-or-T14-"
  ],
  "rth": "t3:218,t6:231"
}