{
  "sid": "GR003",
  "idx": 1,
  "sh": 91,
  "t": "Alpha",
  "rh": 213,
  "ll": {
    "lat": -33.664738,
    "long": -62.201862
  },
  "pa": "p20,t6,p15,p36,p13,p14,p33,p12,p5,t3,p1,t1,p2,p24,t9,p8,p39,p10,p9,p37,p16,p18,p40,p31,p32,p21,t12,p22,p29,p35,p11,p25",
  "pp": "t5,p30,t2,p6,p3,p4,t8,p26,p41,p27,p28,t7,p17,t4,t10,t11,p23,p34,p19,p7",
  "pe": "p38",
  "og": "BCDGIKLN",
  "ao": [
    "B18-to,re-C1-",
    "B20-to,to-C2-",
    "C07-to,ta-C5-",
    "C12-to,or-C6-",
    "D07-to,ta-C5-",
    "D12-to,ta-C5-",
    "G03-ca,or-H5-",
    "I09-ur,or-B5-",
    "I17-ur,to-B6-",
    "K09-ca-H1-",
    "K12-ca,ta-H4-",
    "L01-ca,ur-H3-",
    "N01-ca,ur-H3-"
  ]
}