{
  "sid": "GR002",
  "idx": 1,
  "sh": 56,
  "t": "Beta",
  "rh": 177,
  "ll": {
    "lat": -41.88707,
    "long": 26.236826
  },
  "pa": "p1,p10,p11,p13,p16,p18,p19,p21,p23,p24,p25,p26,p28,p29,p3,p31,p32,p33,p34,p35,p36,p37,p4,p41,p42,p5,p6,p7,p8,t1,t8",
  "pp": "p12,p14,p15,p17,p2,p20,p22,p27,p30,p38,p39,p40,p9,t2,t3,t4,t5,t6,t7",
  "og": "ABFIKLQR",
  "ao": [
    "A01-ca,re-H16-",
    "B03-or,ur-T10-",
    "F07-ca,to-H15-",
    "I08-to,to-C8-",
    "K24-to,ca-C9-",
    "L01-or,ca-T9-",
    "Q01-or-T7-",
    "R12-ur,ur-B8-",
    "R17-ca,to-H15-"
  ]
}