{
  "sid": "GR003",
  "idx": 1,
  "sh": 91,
  "t": "Alpha",
  "rh": 213,
  "ll": {
    "lat": -33.664738,
    "long": -62.201862
  },
  "pa": "p1,p10,p11,p12,p13,p14,p15,p16,p18,p2,p20,p21,p22,p24,p25,p29,p31,p32,p33,p35,p36,p37,p39,p40,p5,p8,p9,t1,t12,t3,t6,t9",
  "pp": "p17,p19,p23,p26,p27,p28,p3,p30,p34,p4,p41,p6,p7,t10,t11,t2,t4,t5,t7,t8",
  "pe": "p38",
  "og": "BCDGIKLN",
  "ao": [
    "B18-to,re-C1-",
    "B20-to,to-C2-",
    "C07-to,ta-C5-",
    "C12-to,or-C6-",
    "D07-to,ta-C5-",
    "D12-to,ta-C5-",
    "G03-ca,or-H5-",
    "I09-ur,or-B5-",
    "I17-ur,to-B6-",
    "K09-ca-H1-",
    "K12-ca,ta-H4-",
    "L01-ca,ur-H3-",
    "N01-ca,ur-H3-"
  ]
}