{
  "sid": "GR141",
  "idx": 1,
  "sh": 187,
  "t": "Gamma",
  "rh": 218,
  "ll": {
    "lat": -54.580582,
    "long": 25.089537
  },
  "pa": null,
  "pp": null,
  "pe": null,
  "og": "ABEHIMN",
  "ao": [
    "A17-ur,ur-B14-",
    "A21-ur,re-B19-",
    "B17-ur,ur-B14-",
    "B21-ur,re-B19-",
    "E01-ca,ur-H19-",
    "H04-ta,ca-L17-",
    "H24-ta,ur-L18-",
    "H37-ta,ta-L16-",
    "H41-ta,ca-L17-",
    "H55-ta,ta-L16-",
    "I06-ur-B13-",
    "I08-ur,ca-B15-",
    "M05-to-C14-",
    "M06-to,or-C19-",
    "N03-or,ca-T16-",
    "N10-or-T14-"
  ]
}