{
  "sid": "GR243",
  "idx": 2,
  "sh": 182,
  "t": "Beta",
  "rh": 301,
  "ll": {
    "lat": 28.360153,
    "long": 128.409927
  },
  "pa": "p1,p10,p11,p12,p13,p14,p16,p18,p2,p20,p22,p24,p26,p27,p28,p31,p33,p35,p36,p37,p38,p39,p40,p41,p42,p6,p8,t2,t3,t4",
  "pp": "p15,p17,p19,p21,p23,p25,p29,p3,p30,p32,p34,p4,p5,p7,p9,t1,t5,t6,t7,t8",
  "og": "CDGKQ",
  "ao": [
    "C14-ta,ur-L11-",
    "C16-ta,ta-L9-",
    "C23-ta,ca-L10-",
    "D04-ca,to-H13-",
    "D10-ca,or-H12-",
    "G02-ca,to-H15-",
    "G08-ca,re-H16-",
    "G16-ca,re-H10-",
    "K06-to,ca-C9-",
    "K08-to-C7-",
    "K14-to,ur-C10-",
    "Q03-or,ca-T9-",
    "Q05-or,ur-T10-"
  ],
  "rth": "t1:301,t5:302,t6:301,t7:301,t8:302"
}