{
  "sid": "GR244",
  "idx": 1,
  "sh": -1,
  "t": "Alpha",
  "rh": -1,
  "ll": null,
  "pa": null,
  "pp": null,
  "pe": null,
  "og": "ABCEFGHJKPQ",
  "ao": [
    "A02-ta-L1-",
    "A12-to,ur-C4-",
    "A13-ca-H1-",
    "A14-ca,ca-H2-",
    "B02-to,to-C2-",
    "B03-to,re-C1-",
    "B06-to,re-C1-",
    "C01-to,ur-C4-",
    "C02-to,ur-C4-",
    "C04-to,ca-C3-",
    "E04-ca,re-H7-",
    "E08-ca,ca-H2-",
    "F01-ur,re-B1-",
    "F14-ur,ca-B3-",
    "F19-ur,or-B5-",
    "G01-ca,ca-H2-",
    "G02-ca,ur-H3-",
    "H01-ca,ta-H4-",
    "H04-ca,ca-H2-",
    "J03-ca,ur-H3-",
    "J04-ca,to-H6-",
    "K01-or-T1-",
    "K14-ca,or-H5-",
    "K19-to,ur-C4-",
    "P03-or,to-T6-",
    "P05-or,ta-T5-",
    "P13-or-T1-",
    "Q10-ta,or-L5-",
    "Q14-ta,ca-L3-",
    "Q16-ta,or-L5-",
    "Q29-ta,ur-L4-"
  ]
}