{
  "sid": "GR332",
  "idx": 2,
  "sh": 170,
  "t": "Beta",
  "rh": 290,
  "ll": {
    "lat": -10.279773,
    "long": -127.464394
  },
  "pa": "p1,p10,p12,p16,p17,p18,p19,p21,p23,p25,p27,p28,p29,p3,p30,p33,p34,p36,p37,p38,p39,p4,p40,p41,p42,p8,p9,t1,t5",
  "pp": "p11,p13,p14,p15,p2,p20,p22,p24,p26,p31,p32,p35,p5,p6,p7,t2,t3,t4,t6,t7,t8",
  "og": "FGJLMRT",
  "ao": [
    "F04-ca,or-H12-",
    "G06-ca,ca-H9-",
    "G10-ca,re-H14-",
    "J07-or,ur-T10-",
    "L02-or,ur-T10-",
    "M01-or-T7-",
    "R03-ca,re-H10-",
    "R25-to,ur-C10-",
    "T06-ca,ta-H11-",
    "T10-ca,to-H13-"
  ],
  "rth": "t2:290,t3:290,t4:290,t6:290,t7:290,t8:290"
}