{
  "sid": "GR333",
  "idx": 2,
  "sh": 69,
  "t": "Alpha",
  "rh": 191,
  "ll": {
    "lat": -20.519329,
    "long": -12.087277
  },
  "pa": "p1,p11,p14,p15,p16,p17,p18,p19,p2,p20,p22,p24,p26,p29,p3,p30,p31,p32,p34,p36,p37,p38,p39,p4,p40,p41,p42,p5,p6,p8,t1,t10,t11,t12",
  "pp": "p10,p12,p13,p21,p23,p25,p27,p28,p33,p35,p7,p9,t2,t3,t4,t5,t6,t7,t8,t9",
  "og": "BCDFJKPQ",
  "ao": [
    "B17-to,to-C2-",
    "B18-to,re-C1-",
    "C07-to,ta-C5-",
    "C11-to,or-C6-",
    "D07-to,ta-C5-",
    "D11-to,or-C6-",
    "F09-ur,ca-B3-",
    "F17-ur,to-B6-",
    "J02-ca,re-H7-",
    "K09-ca-H1-",
    "K17-to,re-C1-",
    "P02-or,to-T6-",
    "P12-or-T1-",
    "Q07-ta,ta-L6-",
    "Q09-ta,re-L7-",
    "Q24-ta,ur-L4-"
  ],
  "rth": "t2:191,t3:190,t4:191,t5:191,t6:191,t7:191,t8:190,t9:190"
}