{
  "sid": "GR238",
  "idx": 2,
  "sh": 230,
  "t": "Beta",
  "rh": 350,
  "ll": {
    "lat": 50.224155,
    "long": 115.943504
  },
  "pa": "p10,p11,p12,p13,p16,p17,p18,p19,p2,p22,p23,p24,p25,p26,p28,p29,p3,p32,p33,p35,p36,p37,p38,p4,p40,p41,p42,p5,p6,p9,t2,t7,t8",
  "pp": "p1,p14,p15,p20,p21,p27,p30,p31,p34,p39,p7,p8,t1,t3,t4,t5,t6",
  "og": "ABCDFHO",
  "ao": [
    "A03-ca,re-H14-",
    "B03-or,ur-T10-",
    "C09-ta,or-L12-",
    "C15-ta,ca-L10-",
    "D09-ca,ca-H9-",
    "F07-ca,to-H15-",
    "H10-or-T7-",
    "O01-or,re-T13-"
  ],
  "rth": "t1:350,t3:350,t4:350,t5:350,t6:350"
}