{
  "sid": "GS061",
  "idx": 1,
  "sh": 106,
  "t": "Bowl",
  "rh": -1,
  "ll": {
    "lat": -39.310135,
    "long": -95.305794
  },
  "pa": "c2,c3,c5,c8,p1,p11,p13,p19,p22,p3,p5,p6,p7,p8,p9,py10,py11,py12,py2,py3,py5,py6,py8,py9,t8,t9",
  "pp": "c1,c4,c6,c7,p10,p12,p14,p17,p18,p2,p21,p4,py1,py13,py4,py7,t1,t2,t3,t4,t5,t6,t7",
  "pe": "p16,p20",
  "og": "ABCD",
  "ao": [
    "A07-re,ur-#16-",
    "B07-se,me-#5-",
    "C07-or,to-#18-"
  ],
  "rth": "t1:238,t2:226,t3:256,t4:256,t5:337,t6:282,t7:255"
}