{
  "sid": "GR245",
  "idx": 1,
  "sh": -1,
  "t": "Gamma",
  "rh": -1,
  "og": "ACDEFGHKLOQR",
  "ao": [
    "A06-ur,ta-B16-",
    "A24-ur,ta-B16-",
    "C03-to,ta-C18-",
    "C04-to,ur-C17-",
    "D15-ta-L15-",
    "E08-ca,ca-H18-",
    "F04-or,or-T15-",
    "F09-or,or-T15-",
    "G07-or,re-T20-",
    "H16-ta,ur-L18-",
    "H33-ta,to-L20-",
    "H46-ta,to-L20-",
    "H50-ta,re-L21-",
    "H52-ta,or-L19-",
    "K08-or,or-T15-",
    "K09-or-T14-",
    "L03-or,ta-T18-",
    "L04-or,to-T19-",
    "O03-ca,to-H17-",
    "Q08-ca,ca-H18-",
    "R16-to,re-C20-",
    "R17-ca,ca-H18-"
  ]
}