{
  "sid": "GR246",
  "idx": 2,
  "sh": 258,
  "t": "Gamma",
  "rh": 301,
  "ll": {
    "lat": -19.955481,
    "long": -86.541145
  },
  "pa": "p1,p10,p13,p15,p18,p19,p2,p20,p23,p3,p30,p31,p33,p34,p35,p36,p37,p40,p41,p9,t1,t4,t8,t9",
  "pp": "p11,p12,p14,p16,p17,p21,p22,p24,p25,p26,p27,p28,p29,p32,p38,p39,p4,p42,p43,p5,p6,p7,p8,t2,t3,t5,t6,t7",
  "og": "ADEFGHIJNOPQRS",
  "ao": [
    "A08-ur,ur-B14-",
    "A14-ur,or-B17-",
    "D07-ta,or-L19-",
    "E06-ca,ca-H18-",
    "F05-or-T14-",
    "F15-or-T14-",
    "G14-or,ta-T18-",
    "H06-ta,or-L19-",
    "H16-ta,ur-L18-",
    "H18-ta,ta-L16-",
    "H26-ta,to-L20-",
    "H29-ta-L15-",
    "I10-ur,or-B17-",
    "I13-ur-B13-",
    "J08-ca,to-H17-",
    "N02-or,or-T15-",
    "N05-or-T14-",
    "O05-ca,to-H17-",
    "P08-to,to-C15-",
    "P14-to,ta-C18-",
    "Q06-ca,ca-H18-",
    "R04-to,ur-C17-",
    "R23-to,ta-C18-",
    "S02-ca,ca-H18-"
  ],
  "rth": "t2:288,t3:288,t5:288,t6:301,t7:288"
}