{
  "sid": "GR244",
  "idx": 1,
  "sh": 42,
  "t": "Alpha",
  "rh": 163,
  "ll": {
    "lat": -10.715838,
    "long": 62.290745
  },
  "pa": "p1,p10,p11,p13,p14,p16,p18,p20,p21,p22,p24,p25,p26,p31,p32,p33,p35,p36,p37,p39,p4,p40,p41,p42,p5,p6,p7,p8,p9,t1,t12,t2,t6,t8,t9",
  "pp": "p12,p15,p17,p19,p2,p23,p27,p28,p29,p3,p30,p34,p38,t10,t11,t3,t4,t5,t7",
  "og": "ABCEFGHJKPQ",
  "ao": [
    "A02-ta-L1-",
    "A12-to,ur-C4-",
    "A13-ca-H1-",
    "A14-ca,ca-H2-",
    "B02-to,to-C2-",
    "B03-to,re-C1-",
    "B06-to,re-C1-",
    "C01-to,ur-C4-",
    "C02-to,ur-C4-",
    "C04-to,ca-C3-",
    "E04-ca,re-H7-",
    "E08-ca,ca-H2-",
    "F01-ur,re-B1-",
    "F14-ur,ca-B3-",
    "F19-ur,or-B5-",
    "G01-ca,ca-H2-",
    "G02-ca,ur-H3-",
    "H01-ca,ta-H4-",
    "H04-ca,ca-H2-",
    "J03-ca,ur-H3-",
    "J04-ca,to-H6-",
    "K01-or-T1-",
    "K14-ca,or-H5-",
    "K19-to,ur-C4-",
    "P03-or,to-T6-",
    "P05-or,ta-T5-",
    "P13-or-T1-",
    "Q10-ta,or-L5-",
    "Q14-ta,ca-L3-",
    "Q16-ta,or-L5-",
    "Q29-ta,ur-L4-"
  ],
  "rth": "t3:163,t4:162,t5:162,t7:162,t10:162,t11:162"
}