{
  "sid": "GR359",
  "idx": 1,
  "sh": -1,
  "t": "Gamma",
  "rh": -1,
  "ll": null,
  "pa": null,
  "pp": null,
  "pe": null,
  "og": "BDIJLMNOQR",
  "ao": [
    "B09-ur-B13-",
    "B23-ur,or-B17-",
    "D03-ta,ur-L18-",
    "I04-ur,to-B18-",
    "I17-ur,ta-B16-",
    "J05-ca,ta-H20-",
    "L09-or,to-T19-",
    "L14-or,re-T20-",
    "M09-to,ca-C16-",
    "M10-to,ta-C18-",
    "N01-or-T14-",
    "N06-or,or-T15-",
    "O05-ca,to-H17-",
    "Q05-ca,or-H21-",
    "R12-to,ca-C16-",
    "R21-to,ca-C16-"
  ]
}