{
  "sid": "GR334",
  "idx": 1,
  "sh": 76,
  "t": "Beta",
  "rh": 196,
  "ll": {
    "lat": -35.418163,
    "long": 11.11412
  },
  "pa": "p1,p13,p15,p16,p18,p19,p2,p20,p25,p26,p27,p28,p29,p31,p32,p33,p34,p35,p36,p38,p39,p4,p40,p41,p42,p8,t2,t3,t6,t7",
  "pp": "p10,p11,p12,p14,p17,p21,p22,p23,p24,p3,p30,p37,p5,p6,p7,p9,t1,t4,t5,t8",
  "og": "ADJKNS",
  "ao": [
    "A03-ca,re-H14-",
    "D09-ca,ca-H9-",
    "J10-or,re-T13-",
    "K02-to,re-C13-",
    "K26-to-C7-",
    "N09-ta,ca-L10-",
    "N25-ta,or-L12-",
    "S01-or,re-T13-"
  ],
  "rth": "t1:196,t4:196,t5:196,t8:196"
}