{
  "sid": "GR335",
  "idx": 1,
  "sh": 104,
  "t": "Gamma",
  "rh": 134,
  "ll": {
    "lat": 16.059834,
    "long": -42.014427
  },
  "pa": "p1,p10,p12,p13,p15,p19,p20,p23,p25,p26,p27,p28,p30,p35,p36,p37,p38,p40,p42,p43,t1,t6,t7,t9",
  "pp": "p11,p14,p16,p17,p18,p2,p21,p22,p24,p29,p3,p31,p32,p33,p34,p39,p4,p41,p5,p6,p7,p8,p9,t2,t3,t4,t5,t8",
  "og": "ACDEFHJKMNOPQS",
  "ao": [
    "A13-ur,to-B18-",
    "A24-ur,ta-B16-",
    "C04-to,ur-C17-",
    "C09-to,ur-C17-",
    "D02-ta,re-L21-",
    "E04-ca,ur-H19-",
    "F09-or,or-T15-",
    "F14-or,or-T15-",
    "H02-ta-L15-",
    "H08-ta,ur-L18-",
    "H21-ta-L15-",
    "H32-ta,re-L21-",
    "H46-ta,to-L20-",
    "J09-ca,ur-H19-",
    "K09-or-T14-",
    "K15-or,re-T20-",
    "M04-to,ur-C17-",
    "M13-to,to-C15-",
    "N06-or,or-T15-",
    "N11-or,or-T15-",
    "O04-ca,or-H21-",
    "P13-to,or-C19-",
    "P24-to,ur-C17-",
    "Q04-ca,ur-H19-",
    "S01-ca,ca-H18-"
  ],
  "rth": "t2:134,t3:134,t4:134,t5:135,t8:134"
}