{
  "sid": "GS070",
  "idx": 1,
  "sh": 135,
  "t": "Bear",
  "rh": -1,
  "ll": {
    "lat": 28.127224,
    "long": 50.590214
  },
  "pa": "c1,c6,c7,p12,p13,p16,p18,p2,p20,p21,p22,p25,p26,p27,p28,p29,p3,p30,p31,p32,p33,p34,p35,p6,p7,p8,p9,py10,py11,py12,py13,py14,py7,py8,py9",
  "pp": "c2,c3,c4,c5,p1,p10,p11,p15,p17,p19,p23,p24,p38,p4,p5,py1,py2,py3,py4,py5,py6,t1,t2,t3,t4,t5",
  "pe": "p14",
  "og": "ABCDE",
  "ao": [
    "B01-or,ta-#22-",
    "C01-re,ta-#17-",
    "D05-re,ta-#17-",
    "E07-ur,or-#25-",
    "E11-or,re-#11-",
    "E16-or,ta-#22-"
  ],
  "rth": "t1:254,t2:254,t3:254,t4:254,t5:254"
}