{
  "sid": "GR331",
  "idx": 1,
  "sh": 334,
  "t": "Gamma",
  "rh": 3,
  "ll": {
    "lat": -14.694266,
    "long": 137.541321
  },
  "pa": "p1,p10,p14,p17,p19,p2,p20,p23,p25,p26,p28,p29,p34,p35,p37,p39,p40,p43,p5,p9,t2,t3,t7,t8",
  "pp": "p11,p12,p13,p15,p16,p18,p21,p22,p24,p27,p3,p30,p31,p32,p33,p36,p38,p4,p41,p42,p6,p7,p8,t1,t4,t5,t6,t9",
  "og": "ABDHIJKMPQS",
  "ao": [
    "A16-ur,ca-B15-",
    "A18-ur-B13-",
    "B16-ur,ca-B15-",
    "B18-ur-B13-",
    "D13-ta,to-L20-",
    "H07-ta,to-L20-",
    "H10-ta,ta-L16-",
    "H33-ta,to-L20-",
    "H40-ta,ta-L16-",
    "H42-ta,ur-L18-",
    "I08-ur,ca-B15-",
    "I14-ur,re-B19-",
    "J08-ca,to-H17-",
    "K06-or,ur-T17-",
    "K07-or,ca-T16-",
    "M06-to,or-C19-",
    "M07-to,or-C19-",
    "P16-to,ca-C16-",
    "P18-to-C14-",
    "Q01-ca,ur-H19-",
    "S04-ca,to-H17-"
  ],
  "rth": "t1:3,t4:2,t5:3,t6:17,t9:3"
}