{
  "sid": "GR233",
  "idx": 1,
  "sh": 215,
  "t": "Alpha",
  "rh": 335,
  "ll": {
    "lat": 0.926786,
    "long": 149.312912
  },
  "pa": "p1,p10,p11,p14,p18,p19,p20,p21,p22,p23,p25,p29,p3,p30,p31,p32,p33,p34,p35,p36,p38,p39,p4,p40,p41,p6,p7,p8,t12,t2,t4,t7,t8",
  "pp": "p12,p13,p15,p16,p17,p2,p24,p26,p27,p28,p37,p5,p9,t1,t10,t11,t3,t5,t6,t9",
  "pe": "p42",
  "og": "ABCDFHLMPQ",
  "ao": [
    "A12-to,ur-C4-",
    "A15-ca,ur-H3-",
    "A18-or,or-T2-",
    "B02-to,to-C2-",
    "B07-to,or-C6-",
    "C01-to,ur-C4-",
    "C08-to,to-C2-",
    "D01-to,or-C6-",
    "D08-or,ta-T5-",
    "F11-ur,ur-B2-",
    "F18-ur,to-B6-",
    "H04-ca,ca-H2-",
    "L04-ca,re-H7-",
    "M07-ta,re-L7-",
    "M11-ta,ca-L3-",
    "M21-ta,or-L5-",
    "P05-or,ta-T5-",
    "P11-or,or-T2-",
    "Q01-ta,ta-L2-",
    "Q14-ta,ca-L3-",
    "Q25-ta,or-L5-"
  ],
  "rth": "t1:335,t3:335,t5:337,t6:335,t9:335,t10:337,t11:335"
}