{
  "sid": "GR239",
  "idx": 1,
  "sh": 264,
  "t": "Alpha",
  "rh": 25,
  "ll": {
    "lat": -78.633034,
    "long": -141.174057
  },
  "pa": "p1,p10,p14,p15,p16,p17,p18,p2,p21,p22,p25,p26,p29,p3,p30,p31,p32,p34,p37,p38,p39,p4,p40,p41,p6,p7,p8,p9,t1,t12,t4,t6,t8",
  "pp": "p11,p12,p13,p19,p20,p23,p24,p27,p28,p33,p35,p36,p42,p5,t10,t11,t2,t3,t5,t7,t9",
  "og": "ACDEIJLMOPQ",
  "ao": [
    "A07-ur,ca-B3-",
    "A13-ca-H1-",
    "A14-ca,ca-H2-",
    "C04-to,ca-C3-",
    "C06-to,ta-C5-",
    "D04-or,ca-T3-",
    "D06-to,or-C6-",
    "E04-ca,re-H7-",
    "I11-ur,ta-B4-",
    "I19-ur,or-B5-",
    "J03-ca,ur-H3-",
    "L04-ca,re-H7-",
    "M03-ta,ca-L3-",
    "M05-ta,or-L5-",
    "M19-ta,ca-L3-",
    "O10-or,ur-T4-",
    "O11-or,ta-T5-",
    "P11-or,or-T2-",
    "P13-or-T1-",
    "Q05-ta,ur-L4-",
    "Q06-ta,or-L5-",
    "Q17-ta,ta-L6-"
  ],
  "rth": "t2:25,t3:25,t5:25,t7:25,t9:25,t10:25,t11:25"
}