{
  "sid": "GR233",
  "idx": 1,
  "sh": -1,
  "t": "Alpha",
  "rh": -1,
  "og": "ABCDFHLMPQ",
  "ao": [
    "A12-to,ur-C4-",
    "A15-ca,ur-H3-",
    "A18-or,or-T2-",
    "B02-to,to-C2-",
    "B07-to,or-C6-",
    "C01-to,ur-C4-",
    "C08-to,to-C2-",
    "D01-to,or-C6-",
    "D08-or,ta-T5-",
    "F11-ur,ur-B2-",
    "F18-ur,to-B6-",
    "H04-ca,ca-H2-",
    "L04-ca,re-H7-",
    "M07-ta,re-L7-",
    "M11-ta,ca-L3-",
    "M21-ta,or-L5-",
    "P05-or,ta-T5-",
    "P11-or,or-T2-",
    "Q01-ta,ta-L2-",
    "Q14-ta,ca-L3-",
    "Q25-ta,or-L5-"
  ]
}