{
  "sid": "GR245",
  "idx": 1,
  "sh": 338,
  "t": "Gamma",
  "rh": 8,
  "ll": {
    "lat": 41.010223,
    "long": -142.7453
  },
  "pa": "p10,p12,p13,p14,p20,p25,p26,p28,p29,p30,p31,p34,p36,p37,p38,p39,p4,p42,p43,t2,t3,t5,t8,t9",
  "pp": "p1,p11,p15,p16,p17,p18,p19,p2,p21,p22,p23,p24,p27,p3,p32,p33,p35,p40,p41,p5,p6,p7,p8,p9,t1,t4,t6,t7",
  "og": "ACDEFGHKLOQR",
  "ao": [
    "A06-ur,ta-B16-",
    "A24-ur,ta-B16-",
    "C03-to,ta-C18-",
    "C04-to,ur-C17-",
    "D15-ta-L15-",
    "E08-ca,ca-H18-",
    "F04-or,or-T15-",
    "F09-or,or-T15-",
    "G07-or,re-T20-",
    "H16-ta,ur-L18-",
    "H33-ta,to-L20-",
    "H46-ta,to-L20-",
    "H50-ta,re-L21-",
    "H52-ta,or-L19-",
    "K08-or,or-T15-",
    "K09-or-T14-",
    "L03-or,ta-T18-",
    "L04-or,to-T19-",
    "O03-ca,to-H17-",
    "Q08-ca,ca-H18-",
    "R16-to,re-C20-",
    "R17-ca,ca-H18-"
  ],
  "rth": "t1:8,t4:8,t6:21,t7:8"
}