{
  "sid": "GR239",
  "idx": 1,
  "sh": -1,
  "t": "Alpha",
  "rh": -1,
  "ll": null,
  "pa": null,
  "pp": null,
  "pe": null,
  "og": "ACDEIJLMOPQ",
  "ao": [
    "A07-ur,ca-B3-",
    "A13-ca-H1-",
    "A14-ca,ca-H2-",
    "C04-to,ca-C3-",
    "C06-to,ta-C5-",
    "D04-or,ca-T3-",
    "D06-to,or-C6-",
    "E04-ca,re-H7-",
    "I11-ur,ta-B4-",
    "I19-ur,or-B5-",
    "J03-ca,ur-H3-",
    "L04-ca,re-H7-",
    "M03-ta,ca-L3-",
    "M05-ta,or-L5-",
    "M19-ta,ca-L3-",
    "O10-or,ur-T4-",
    "O11-or,ta-T5-",
    "P11-or,or-T2-",
    "P13-or-T1-",
    "Q05-ta,ur-L4-",
    "Q06-ta,or-L5-",
    "Q17-ta,ta-L6-"
  ]
}