{
  "sid": "GR360",
  "idx": 2,
  "sh": -1,
  "t": "Gamma",
  "rh": -1,
  "og": "ACEFGHIJLMNOQR",
  "ao": [
    "A06-ur,ta-B16-",
    "A07-ur,ca-B15-",
    "C04-to,ur-C17-",
    "C10-to,to-C15-",
    "E06-ca,ca-H18-",
    "F02-or,ur-T17-",
    "F04-or,or-T15-",
    "G14-or,ta-T18-",
    "H06-ta,or-L19-",
    "H08-ta,ur-L18-",
    "H25-ta,or-L19-",
    "H49-ta,ca-L17-",
    "H54-ta,ca-L17-",
    "I03-ur,or-B17-",
    "I13-ur-B13-",
    "J08-ca,to-H17-",
    "L04-or,ta-T19-",
    "L10-or,re-T20-",
    "M08-to,ca-C16-",
    "M11-to,ta-C18-",
    "N05-or-T14-",
    "N11-or,or-T15-",
    "O05-ca,to-H17-",
    "Q06-ca,ca-H18-",
    "R04-to,ur-C17-",
    "R07-to,re-C20-"
  ]
}