{
  "sid": "GR360",
  "idx": 2,
  "sh": 215,
  "t": "Gamma",
  "rh": 244,
  "ll": {
    "lat": -5.775892,
    "long": -57.223438
  },
  "pa": "p12,p13,p14,p15,p17,p23,p25,p28,p3,p31,p34,p39,p40,t7,t9",
  "pp": "p10,p11,p16,p19,p2,p20,p21,p24,p26,p29,p30,p4,p42,p43,p5,p6,p7,p8,t4,t8",
  "og": "ACEFGHIJLMNOQR",
  "ao": [
    "A06-ur,ta-B16-",
    "A07-ur,ca-B15-",
    "C04-to,ur-C17-",
    "C10-to,to-C15-",
    "E06-ca,ca-H18-",
    "F02-or,ur-T17-",
    "F04-or,or-T15-",
    "G14-or,ta-T18-",
    "H06-ta,or-L19-",
    "H08-ta,ur-L18-",
    "H25-ta,or-L19-",
    "H49-ta,ca-L17-",
    "H54-ta,ca-L17-",
    "I03-ur,or-B17-",
    "I13-ur-B13-",
    "J08-ca,to-H17-",
    "L04-or,to-T19-",
    "L10-or,re-T20-",
    "M08-to,ca-C16-",
    "M11-to,ta-C18-",
    "N05-or-T14-",
    "N11-or,or-T15-",
    "O05-ca,to-H17-",
    "Q06-ca,ca-H18-",
    "R04-to,ur-C17-",
    "R07-to,re-C20-"
  ],
  "rth": "t4:244"
}