{
  "sid": "GS052",
  "idx": 1,
  "sh": 128,
  "t": "Hammerbot",
  "rh": -1,
  "ll": {
    "lat": 62.745342,
    "long": 43.220318
  },
  "pa": "c1,c2,c3,c4,c5,c8,p1,p11,p12,p13,p16,p18,p22,p23,p3,p4,p6,p7,p9,py1,py10,py11,py12,py2,py3,py4,py5,py6,py7,py8,py9,t1,t12,t13,t14,t15,t3,t4,t5,t6",
  "pp": "c6,c7,p10,p14,p15,p17,p19,p2,p20,p21,p5,p8,t10,t11,t2,t7,t8,t9",
  "og": "ABC",
  "ao": [
    "A04-ur,ca-#28-",
    "B03-re,or-#20-",
    "C13-re,ur-#16-"
  ],
  "rth": "t7:277,t8:130,t9:310,t10:3,t11:304"
}