{
  "sid": "GR331",
  "idx": 1,
  "sh": -1,
  "t": "Gamma",
  "rh": -1,
  "og": "ABDHIJKMPQS",
  "ao": [
    "A16-ur,ca-B15-",
    "A18-ur-B13-",
    "B16-ur,ca-B15-",
    "B18-ur-B13-",
    "D13-ta,to-L20-",
    "H07-ta,to-L20-",
    "H10-ta,ta-L16-",
    "H33-ta,to-L20-",
    "H40-ta,ta-L16-",
    "H42-ta,ur-L18-",
    "I08-ur,ca-B15-",
    "I14-ur,re-B19-",
    "J08-ca,to-H17-",
    "K06-or,ur-T17-",
    "K07-or,ca-T16-",
    "M06-to,or-C19-",
    "M07-to,or-C19-",
    "P16-to,ca-C16-",
    "P18-to-C14-",
    "Q01-ca,ur-H19-",
    "S04-ca,to-H17-"
  ]
}