{
  "sid": "GR335",
  "idx": 1,
  "sh": -1,
  "t": "Gamma",
  "rh": -1,
  "og": "ACDEFHJKMNOPQS",
  "ao": [
    "A13-ur,to-B18-",
    "A24-ur,ta-B16-",
    "C04-to,ur-C17-",
    "C09-to,ur-C17-",
    "D02-ta,re-L21-",
    "E04-ca,ur-H19-",
    "F09-or,or-T15-",
    "F14-or,or-T15-",
    "H02-ta-L15-",
    "H08-ta,ur-L18-",
    "H21-ta-L15-",
    "H32-ta,re-L21-",
    "H46-ta,to-L20-",
    "J09-ca,ur-H19-",
    "K09-or-T14-",
    "K15-or,re-T20-",
    "M04-to,ur-C17-",
    "M13-to,to-C15-",
    "N06-or,or-T15-",
    "N11-or,or-T15-",
    "O04-ca,or-H21-",
    "P13-to,or-C19-",
    "P24-to,ur-C17-",
    "Q04-ca,ur-H19-",
    "S01-ca,ca-H18-"
  ]
}