{
  "sid": "GR246",
  "idx": 2,
  "sh": -1,
  "t": "Gamma",
  "rh": -1,
  "ll": null,
  "pa": null,
  "pp": null,
  "pe": null,
  "og": "ADEFGHIJNOPQRS",
  "ao": [
    "A08-ur,ur-B14-",
    "A14-ur,or-B17-",
    "D07-ta,or-L19-",
    "E06-ca,ca-H18-",
    "F05-or-T14-",
    "F15-or-T14-",
    "G14-or,ta-T18-",
    "H06-ta,or-L19-",
    "H16-ta,ur-L18-",
    "H18-ta,ta-L16-",
    "H26-ta,to-L20-",
    "H29-ta-L15-",
    "I10-ur,or-B17-",
    "I13-ur-B13-",
    "J08-ca,to-H17-",
    "N02-or,or-T15-",
    "N05-or-T14-",
    "O05-ca,to-H17-",
    "P08-to,to-C15-",
    "P14-to,ta-C18-",
    "Q06-ca,ca-H18-",
    "R04-to,ur-C17-",
    "R23-to,ta-C18-",
    "S02-ca,ca-H18-"
  ]
}