{
  "sid": "GR479",
  "idx": 2,
  "sh": 56,
  "t": "Beta",
  "rh": -1,
  "ll": {
    "lat": -45.131325,
    "long": 86.665642
  },
  "pa": "p29,p35,p36,p37,p39,p27,p21,p22,p23,p25,p20,p19,p18,p16,p14,p12,p7,p6,p41,p42,p2,p1,p34,p33,t6,t5,t4",
  "pp": "p28,p30,p31,p32,p40,p38,p26,p13,p24,p17,p15,p10,p8,p9,p11,p3,p4,p5,t3,t2,t1,t8,t7",
  "pe": null,
  "og": "CDGHJNQS",
  "ao": [
    "C19-ta,ca-L10-",
    "D01-ca,or-H12-",
    "G08-ca,re-H15-",
    "G13-ca,or-H12-",
    "H08-or,ca-T9-",
    "J08-or,ta-T11-",
    "N06-ta,re-L14-",
    "N19-ta,re-L14-",
    "Q06-or,ta-T11-",
    "S03-or,re-T13-"
  ]
}