{
  "sid": "GR478",
  "idx": 1,
  "sh": 206,
  "t": "Gamma",
  "rh": 237,
  "ll": {
    "lat": 11.293767,
    "long": -114.890015
  },
  "pa": "p1,p10,p13,p14,p15,p18,p2,p20,p26,p28,p29,p3,p34,p35,p37,p39,p42,p5,t5,t7,t8",
  "pp": "p11,p12,p16,p17,p19,p21,p22,p23,p24,p25,p27,p30,p31,p32,p33,p36,p38,p4,p40,p41,p43,p6,p7,p8,p9,t1,t2,t3,t4,t6,t9",
  "og": "EKOPQRS",
  "ao": [
    "E08-ca,ca-H18-",
    "K02-or,ca-T16-",
    "K04-or-T14-",
    "O07-ca,ca-H18-",
    "P08-to,to-C15-",
    "P22-to,or-C19-",
    "Q08-ca,ca-H18-",
    "R04-to,ur-C17-",
    "R15-to,or-C19-",
    "S05-ca,ur-H19-"
  ],
  "rth": "t1:237,t2:237,t3:236,t4:236,t6:250,t9:237"
}