{
  "sid": "GR479",
  "idx": 2,
  "sh": 56,
  "t": "Beta",
  "rh": -1,
  "ll": {
    "lat": -45.131325,
    "long": 86.665642
  },
  "pa": "p1,p12,p14,p16,p18,p19,p2,p20,p21,p22,p23,p25,p27,p29,p33,p34,p35,p36,p37,p39,p41,p42,p6,p7,t4,t5,t6",
  "pp": "p10,p11,p13,p15,p17,p24,p26,p28,p3,p30,p31,p32,p38,p4,p40,p5,p8,p9,t1,t2,t3,t7,t8",
  "og": "CDGHJNQS",
  "ao": [
    "C11-ta,ta-L9-",
    "C19-ta,ca-L10-",
    "D01-ca,or-H12-",
    "G08-ca,to-H15-",
    "G13-ca,or-H12-",
    "H08-or,ca-T9-",
    "J08-or,ta-T11-",
    "N06-ta,re-L14-",
    "N19-ta,re-L14-",
    "Q06-or,ta-T11-",
    "S03-or,re-T13-"
  ]
}