{
  "sid": "GS183",
  "idx": 1,
  "sh": 269,
  "t": "Hammerbot",
  "rh": -1,
  "ll": {
    "lat": 51.103813,
    "long": -81.72084
  },
  "pa": "c1,c10,c4,c6,c8,c9,p1,p10,p13,p14,p18,p21,p23,p25,p27,p28,p3,p30,p4,p7,p9,py2,py3,py4,py5,py6,py7,t1,t10,t11,t3,t4,t5,t6,t7,t8",
  "pp": "c2,c3,c5,c7,p11,p12,p15,p16,p17,p19,p2,p20,p22,p24,p26,p29,p32,p5,p6,p8,py1,py10,py11,py12,py8,py9,t12,t13,t14,t15,t2,t9",
  "og": "ABC",
  "ao": [
    "A03-se,cy-#1-",
    "B01-ur,to-#26-"
  ],
  "rth": "t2:83,t9:90,t12:85,t13:57,t14:144,t15:271"
}