{
  "sid": "GR256",
  "idx": 2,
  "sh": 165,
  "t": "Alpha",
  "rh": 107,
  "ll": {
    "lat": -73.410973,
    "long": 54.314266
  },
  "pa": "p1,p11,p14,p16,p19,p20,p21,p22,p24,p25,p27,p28,p3,p31,p32,p33,p34,p35,p36,p37,p4,p40,p41,p5,p6,p8,p9,t1,t11,t12,t4,t7",
  "pp": "p10,p12,p13,p15,p17,p18,p2,p23,p26,p29,p30,p7,t10,t2,t3,t5,t6,t8,t9",
  "pe": "p38,p39",
  "og": "ABCEFGKLNPQ",
  "ao": [
    "A06-ur,ur-B2-",
    "A10-to,to-C2-",
    "A15-ca,ur-H3-",
    "B04-to,ca-C3-",
    "B07-to,or-C6-",
    "C08-to,to-C2-",
    "C11-to,or-C6-",
    "E08-ca,ca-H2-",
    "F01-ur,re-B1-",
    "F21-ur,to-B6-",
    "G01-ca,ca-H2-",
    "K01-or-T1-",
    "K21-to,or-C6-",
    "L08-ca,ca-H2-",
    "N08-ca,ca-H2-",
    "P04-or,ta-T5-",
    "P11-or,or-T2-",
    "Q06-ta,or-L5-",
    "Q19-ta,re-L7-",
    "Q28-ta,ta-L6-"
  ]
}