{
  "sid": "GR297",
  "idx": 1,
  "sh": 340,
  "t": "Gamma",
  "rh": 9,
  "ll": {
    "lat": -36.099964,
    "long": -132.88269
  },
  "pa": "p12,p15,p17,p18,p2,p23,p25,p26,p27,p28,p3,p31,p33,p34,p35,p36,p37,p41,p43,p9,t2,t4,t7",
  "pp": "p10,p11,p13,p14,p16,p19,p20,p21,p22,p24,p29,p30,p32,p38,p39,p4,p40,p42,p5,p6,p7,p8,t1,t3,t5,t6,t8,t9",
  "og": "ABCFGKMOR",
  "ao": [
    "A09-ur-B13-",
    "A19-ur,ur-B14-",
    "B09-ur-B13-",
    "B19-ur,to-B18-",
    "C08-to,or-C19-",
    "C10-to,to-C15-",
    "F05-or-T14-",
    "F08-or,ca-T16-",
    "G13-or,to-T19-",
    "K02-or,ca-T16-",
    "K08-or,or-T15-",
    "M03-to,ur-C17-",
    "M11-to,ta-C18-",
    "O05-ca,to-H17-",
    "R03-to,ca-C16-",
    "R06-to,or-C19-"
  ],
  "rth": "t8:9"
}