{
  "sid": "GR211",
  "idx": 3,
  "sh": 0,
  "t": "Gamma",
  "rh": 0,
  "ll": null,
  "pa": null,
  "pp": null,
  "pe": null,
  "og": "ACGJKLMNOPRS",
  "ao": [
    "A23-ur,or-B17-",
    "A24-ur,ta-B16-",
    "C04-to,ur-C17-",
    "C09-to,ur-C17-",
    "G04-or,to-T19-",
    "J09-ca,ur-H19-",
    "K09-or-T14-",
    "K14-or-T14-",
    "L04-or,to-T19-",
    "L09-or,to-T19-",
    "M04-to,ur-C17-",
    "M09-to,ca-C16-",
    "N06-or,or-T15-",
    "N11-or,or-T15-",
    "O03-ca,to-H17-",
    "P23-to,ta-C18-",
    "P24-to,ur-C17-",
    "R16-to,re-C20-",
    "R25-to,re-C20-",
    "S01-ca,ca-H18-"
  ]
}