{
  "sid": "GR259",
  "idx": 1,
  "sh": 54,
  "t": "Gamma",
  "rh": -1,
  "ll": {
    "lat": 19.796623,
    "long": -118.454102
  },
  "pa": "p9,p2,p5,p3",
  "pp": "p12,p11,p8,t3,p7,p6,p4",
  "pe": null,
  "og": "BCDEFGKLNOPQRS",
  "ao": [
    "B18-ur-B13-",
    "B26-ur,ur-B14-",
    "C02-to,or-C19-",
    "C07-to,ta-C18-",
    "D13-ta,to-L20-",
    "E01-ca,ur-H19-",
    "F07-or,ur-T17-",
    "F12-or,ur-T17-",
    "G09-or,ta-T18-",
    "K06-or,ur-T17-",
    "K12-or,ca-T16-",
    "L02-or,ur-T17-",
    "L07-or,ur-T17-",
    "N08-or,ur-T17-",
    "N13-or,ur-T17-",
    "O01-ca,ur-H19-",
    "P18-to-C14-",
    "P26-to,to-C15-",
    "Q01-ca,ur-H19-",
    "R01-to-C14-",
    "R20-to,to-C15-",
    "S04-ca,to-H17-"
  ]
}