{
  "sid": "GR416",
  "idx": 1,
  "sh": 0,
  "t": "Alpha",
  "rh": 0,
  "ll": null,
  "pa": null,
  "pp": null,
  "pe": null,
  "og": "ACDEGIKMNQ",
  "ao": [
    "A04-ta,re-L7-",
    "A08-ur,ta-B4-",
    "A12-to,ur-C4-",
    "C01-to,ur-C4-",
    "C06-to,ta-C5-",
    "D01-or,to-C6-",
    "D06-or,to-C6-",
    "E04-ca,re-H7-",
    "G02-ca,ur-H3-",
    "I18-ur,to-B6-",
    "I20-ur,to-B6-",
    "K08-or,ca-T3-",
    "K18-to,to-C2-",
    "M04-ta,ur-L4-",
    "M10-ta,ta-L2-",
    "M11-ta,ca-L3-",
    "N04-ca,re-H7-",
    "Q09-ta,re-L7-",
    "Q14-ta,ca-L3-",
    "Q26-ta,ta-L6-"
  ]
}