{
  "sid": "GR256",
  "idx": 2,
  "sh": 0,
  "t": "Alpha",
  "rh": 0,
  "ll": null,
  "pa": null,
  "pp": null,
  "pe": null,
  "og": "ABCEFGKLNPQ",
  "ao": [
    "A06-ur,ur-B2-",
    "A10-to,to-C2-",
    "A15-ca,ur-H3-",
    "B04-to,ca-C3-",
    "B07-to,or-C6-",
    "C08-to,to-C2-",
    "C11-to,or-C6-",
    "E08-ca,ca-H2-",
    "F01-ur,re-B1-",
    "F21-ur,to-B6-",
    "G01-ca,ca-H2-",
    "K01-or-T1-",
    "K21-to,or-C6-",
    "L08-ca,ca-H2-",
    "N08-ca,ca-H2-",
    "P04-or,ta-T5-",
    "P11-or,or-T2-",
    "Q06-ta,or-L5-",
    "Q19-ta,re-L7-",
    "Q28-ta,ta-L6-"
  ]
}