{
  "sid": "GR296",
  "idx": 3,
  "sh": 245,
  "t": "Gamma",
  "rh": 279,
  "ll": {
    "lat": 18.323917,
    "long": -116.333229
  },
  "pa": "p10,p12,p14,p15,p18,p25,p27,p28,p30,p31,p36,p37,p38,p41,p42,p5,p9,t5,t6,t9",
  "pp": "p1,p11,p13,p16,p17,p19,p2,p20,p21,p22,p23,p24,p26,p29,p3,p32,p33,p34,p35,p39,p4,p40,p43,p6,p7,p8,t1,t2,t3,t4,t7,t8",
  "og": "CDFJKLOPR",
  "ao": [
    "C02-to,or-C19-",
    "C13-to,re-C20-",
    "D01-ca,or-H21-",
    "F06-or,ta-T18-",
    "F13-or,ca-T16-",
    "J04-ca,ca-H18-",
    "K06-or,ur-T17-",
    "K13-or,or-T15-",
    "L02-or,ur-T17-",
    "L12-or,ta-T18-",
    "O01-ca,ur-H19-",
    "P03-to,re-C20-",
    "P18-to-C14-",
    "R11-to,to-C15-",
    "R18-ca,to-H17-"
  ],
  "rth": "t3:279"
}