{
  "sid": "GR417",
  "idx": 2,
  "sh": 43,
  "t": "Beta",
  "rh": 164,
  "ll": {
    "lat": 9.102358,
    "long": -22.878204
  },
  "pa": "p12,p16,p17,p18,p2,p20,p21,p22,p23,p24,p25,p27,p29,p3,p31,p32,p33,p35,p36,p37,p38,p39,p4,p40,p41,p42,p5,p7,t2,t3,t6,t8",
  "pp": "p1,p10,p11,p13,p14,p15,p19,p26,p28,p30,p34,p6,p8,p9,t1,t4,t5,t7",
  "pe": null,
  "og": "IKMOQR",
  "ao": [
    "I04-ca,ur-H10-",
    "K18-to,or-C12-",
    "K23-to,ur-C10-",
    "M02-or-T7-",
    "O02-or,re-T13-",
    "Q05-or,ur-T10-",
    "R02-ta,ur-C10-",
    "R17-ca,to-H15-"
  ]
}