{
  "sid": "GR416",
  "idx": 1,
  "sh": 323,
  "t": "Alpha",
  "rh": 266,
  "ll": {
    "lat": -48.709755,
    "long": -13.772521
  },
  "pa": "p1,p11,p14,p19,p2,p20,p21,p26,p27,p28,p3,p30,p32,p33,p36,p37,p4,p40,p41,p8,p9,t10,t12,t2,t4,t6,t7",
  "pp": "p10,p12,p13,p15,p16,p17,p18,p23,p24,p25,p29,p31,p34,p35,p39,p5,p6,p7,t1,t11,t3,t5,t8,t9",
  "pe": "p22,p38",
  "og": "ACDEGIKMNQ",
  "ao": [
    "A04-ta,re-L7-",
    "A08-ur,ta-B4-",
    "A12-to,ur-C4-",
    "C01-to,ur-C4-",
    "C06-to,ta-C5-",
    "D01-to,or-C6-",
    "D06-to,or-C6-",
    "E04-ca,re-H7-",
    "G02-ca,ur-H3-",
    "I18-ur,to-B6-",
    "I20-ur,to-B6-",
    "K08-or,ca-T3-",
    "K18-to,to-C2-",
    "M04-ta,ur-L4-",
    "M10-ta,ta-L2-",
    "M11-ta,ca-L3-",
    "N04-ca,re-H7-",
    "Q09-ta,re-L7-",
    "Q14-ta,ca-L3-",
    "Q26-ta,ta-L6-"
  ]
}