{
  "sid": "GR257",
  "idx": 1,
  "sh": 305,
  "t": "Alpha",
  "rh": 249,
  "ll": {
    "lat": 15.710412,
    "long": -66.086388
  },
  "pa": "p1,p10,p13,p14,p16,p18,p19,p20,p21,p22,p25,p26,p30,p33,p34,p35,p36,p37,p38,p39,p4,p40,p41,p5,p6,p8,t12,t4,t5,t8,t9",
  "pp": "p11,p12,p15,p17,p2,p23,p24,p27,p28,p29,p3,p32,p7,p9,t1,t10,t11,t2,t3,t6,t7",
  "pe": "p31",
  "og": "ACDEFIKLMPQ",
  "ao": [
    "A02-ta-L1-",
    "A11-to,ca-C3-",
    "A13-ca-H1-",
    "C01-to,ur-C4-",
    "C04-to,ca-C3-",
    "D01-or,to-C6-",
    "D04-or,ca-T3-",
    "E08-ca,ca-H2-",
    "F01-ur,re-B1-",
    "F14-ur,ca-B3-",
    "I11-ur,ta-B4-",
    "I14-ur,or-B5-",
    "K01-or-T1-",
    "K14-ca,or-H5-",
    "L08-ca,ca-H2-",
    "M03-ta,ca-L3-",
    "M18-ta,ta-L2-",
    "M20-ta,ur-L4-",
    "P09-or,ur-T4-",
    "P13-or-T1-",
    "Q06-ta,or-L5-",
    "Q10-ta,or-L5-",
    "Q15-ta,ur-L4-"
  ]
}