{
  "sid": "GR211",
  "idx": 3,
  "sh": 333,
  "t": "Gamma",
  "rh": 354,
  "ll": {
    "lat": 25.504524,
    "long": 140.646927
  },
  "pa": "p1,p13,p14,p15,p18,p20,p25,p26,p28,p29,p3,p31,p34,p35,p40,p41,p43,p5,t1,t2,t3,t6",
  "pp": "p10,p11,p12,p16,p17,p19,p2,p21,p22,p23,p24,p27,p30,p32,p33,p36,p37,p38,p39,p4,p42,p6,p7,p8,p9,t4,t5,t7,t8,t9",
  "og": "ACGJKLMNOPRS",
  "ao": [
    "A23-ur,or-B17-",
    "A24-ur,ta-B16-",
    "C04-to,ur-C17-",
    "C09-to,ur-C17-",
    "G04-or,to-T19-",
    "J09-ca,ur-H19-",
    "K09-or-T14-",
    "K14-or-T14-",
    "L04-or,to-T19-",
    "L09-or,to-T19-",
    "M04-to,ur-C17-",
    "M09-to,ca-C16-",
    "N06-or,or-T15-",
    "N11-or,or-T15-",
    "O03-ca,to-H17-",
    "P23-to,ta-C18-",
    "P24-to,ur-C17-",
    "R16-to,re-C20-",
    "R25-to,re-C20-",
    "S01-ca,ca-H18-"
  ],
  "rth": "t4:354"
}