{
  "sid": "GR256",
  "idx": 2,
  "sh": 165,
  "t": "Alpha",
  "rh": 107,
  "ll": {
    "lat": -73.410973,
    "long": 54.314266
  },
  "pa": "p20,p40,p32,p21,p35,p25,p41,p8,p9,p37,p11,p33,p36,p14,p16,p34,p19,p1,p4,p3,p5,p6,p28,p27,p24,t12,t4,p31,p22,t11,t1,t7",
  "pp": "p30,p23,p29,p26,p10,p12,p13,p15,p17,p18,p7,p2,t5,t10,t9,t8,t3,t2,t6",
  "pe": "p38,p39",
  "og": "ABCEFGKLNPQ",
  "ao": [
    "A06-ur,ur-B2-",
    "A10-to,to-C2-",
    "A15-ca,ur-H3-",
    "B04-to,ca-C3-",
    "B07-to,or-C6-",
    "C08-to,to-C2-",
    "C11-to,or-C6-",
    "E08-ca,ca-H2-",
    "F01-ur,re-B1-",
    "F21-ur,to-B6-",
    "G01-ca,ca-H2-",
    "K01-or-T1-",
    "K21-to,or-C6-",
    "L08-ca,ca-H2-",
    "N08-ca,ca-H2-",
    "P04-or,ta-T5-",
    "P11-or,or-T2-",
    "Q06-ta,or-L5-",
    "Q19-ta,re-L7-",
    "Q28-ta,ta-L6-"
  ]
}