{
  "sid": "GR295",
  "idx": 2,
  "sh": 223,
  "t": "Gamma",
  "rh": 251,
  "ll": {
    "lat": 78.649643,
    "long": 42.069717
  },
  "pa": "p10,p14,p15,p2,p20,p23,p24,p26,p27,p28,p29,p33,p35,p37,p39,p41,p42,p5,t1,t6,t7,t9",
  "pp": "p11,p12,p13,p16,p17,p18,p19,p21,p22,p25,p3,p30,p31,p32,p34,p36,p38,p4,p40,p43,p6,p7,p8,p9,t2,t3,t4,t5,t8",
  "og": "AHKLOQR",
  "ao": [
    "A03-ur,re-B19-",
    "A19-ur,ur-B14-",
    "H12-ta,re-L21-",
    "H20-ta-L15-",
    "H21-ta-L15-",
    "H36-ta,ca-L17-",
    "H48-ta,ur-L18-",
    "K03-or,or-T15-",
    "K08-or,or-T15-",
    "L08-or,ta-T18-",
    "L12-or,ta-T18-",
    "O07-ca,ca-H18-",
    "Q07-ca,ta-H20-",
    "R08-ca,ta-H20-",
    "R15-to,or-C19-"
  ],
  "rth": "t8:251"
}