{
  "sid": "GR297",
  "idx": 1,
  "sh": 340,
  "t": "Gamma",
  "rh": -1,
  "ll": {
    "lat": -36.099964,
    "long": -132.88269
  },
  "pa": "p12,p9",
  "og": "ABCFGKMOR",
  "ao": [
    "A09-ur-B13-",
    "A19-ur,ur-B14-",
    "B09-ur-B13-",
    "B19-ur,to-B18-",
    "C08-to,or-C19-",
    "C10-to,to-C15-",
    "F05-or-T14-",
    "F08-or,ca-T16-",
    "G13-or,to-T19-",
    "K02-or,ca-T16-",
    "K08-or,or-T15-",
    "M03-to,ur-C17-",
    "M11-to,ta-C18-",
    "O05-ca,to-H17-",
    "R03-to,ca-C16-",
    "R06-to,or-C19-"
  ]
}