{
  "sid": "GR416",
  "idx": 1,
  "sh": 323,
  "t": "Alpha",
  "rh": 266,
  "ll": {
    "lat": -48.709755,
    "long": -13.772521
  },
  "pa": "p26,p41,p27,p28,p8,p9,p37,p11,p33,p14,p36,p19,p30,p20,p40,p32,p21,p1,p4,p3,p2,t2,t6,t7,t10,t12,t4",
  "pp": "p23,p29,p25,p39,p10,p12,p13,p15,p16,p18,p17,p34,p31,p35,p5,p6,p7,t3,t1,t8,p24,t9,t11,t5",
  "pe": "p38,p22",
  "og": "ACDEGIKMNQ",
  "ao": [
    "A04-ta,re-L7-",
    "A08-ur,ta-B4-",
    "A12-to,ur-C4-",
    "C01-to,ur-C4-",
    "C06-to,ta-C5-",
    "D01-or,to-C6-",
    "D06-or,to-C6-",
    "E04-ca,re-H7-",
    "G02-ca,ur-H3-",
    "I18-ur,to-B6-",
    "I20-ur,to-B6-",
    "K08-or,ca-T3-",
    "K18-to,to-C2-",
    "M04-ta,ur-L4-",
    "M10-ta,ta-L2-",
    "M11-ta,ca-L3-",
    "N04-ca,re-H7-",
    "Q09-ta,re-L7-",
    "Q14-ta,ca-L3-",
    "Q26-ta,ta-L6-"
  ]
}