{
  "sid": "GR308",
  "idx": 3,
  "sh": 115,
  "t": "Beta",
  "rh": 237,
  "ll": {
    "lat": -10.961467,
    "long": 13.611351
  },
  "pa": "p10,p11,p12,p14,p15,p16,p18,p19,p2,p21,p22,p23,p24,p25,p28,p29,p30,p31,p33,p34,p36,p38,p4,p40,p42,p5,p6,t1,t6,t8",
  "pp": "p1,p13,p17,p20,p26,p27,p3,p32,p35,p37,p39,p41,p7,p8,p9,t2,t3,t4,t5,t7",
  "og": "CHIMOPTU",
  "ao": [
    "C20-ta,ta-L9-",
    "C24-ta,ta-L9-",
    "H03-or,re-T12-",
    "I02-to,ur-C10-",
    "M03-or,or-T8-",
    "O03-or,re-T13-",
    "P12-to,to-C8-",
    "P22-to,ca-C9-",
    "T04-ca,to-H13-",
    "T07-ca,re-H16-",
    "U42-ur,or-B11-",
    "U51-ur,re-B7-",
    "U52-or,ca-T9-"
  ],
  "rth": "t2:241,t7:237"
}