{
  "sid": "GR308",
  "idx": 3,
  "sh": 115,
  "t": "Beta",
  "rh": -1,
  "ll": {
    "lat": -10.961467,
    "long": 13.611351
  },
  "pa": "p11,p10,p6,p5,p4,p2,p42,p38,p21,p22,p23,p15,p14,p12,p16,p18,p19,p24,p25,p36,p28,p29,p30,p31,p34,p33,p40,t1,t8,t6",
  "pp": "p9,p7,p1,p3,p41,p39,p37,p26,p13,p17,p20,p27,p35,p32,t3,t2,t7,p8,t5,t4",
  "pe": null,
  "og": "CHIMOPTU",
  "ao": [
    "C20-ta,ta-L9-",
    "C24-ta,ta-L9-",
    "H03-or,re-T12-",
    "I02-ca,ur-C10-",
    "M03-or,or-T8-",
    "O03-or,re-T13-",
    "P12-to,to-C8-",
    "P22-to,ca-C9-",
    "T04-ca,to-H13-",
    "T07-ca,re-H16-",
    "U42-ur,or-B11-",
    "U51-ur,re-B7-",
    "U52-or,ca-T9-"
  ]
}