{
  "sid": "GR417",
  "idx": 2,
  "sh": 43,
  "t": "Beta",
  "rh": 164,
  "ll": {
    "lat": 9.102358,
    "long": -22.878204
  },
  "pa": "p2,p4,p5,p7,p41,p39,p37,p35,p36,p38,p21,p22,p23,p24,p20,p18,p17,p16,p12,p40,p33,p32,p29,p31,p27,p25,t6,t8,t2,t3,p3,p42",
  "pp": "p1,p6,p8,p10,p9,p11,p26,p13,p19,p15,p14,p34,p28,p30,t5,t7,t1,t4",
  "pe": null,
  "og": "IKMOQR",
  "ao": [
    "I04-ca,ur-H10-",
    "K18-to,or-C12-",
    "K23-to,ur-C10-",
    "M02-or-T7-",
    "O02-or,re-T13-",
    "Q05-or,ur-T10-",
    "R02-ta,ur-C10-",
    "R17-ca,to-H15-"
  ]
}