{
  "sid": "GR257",
  "idx": 1,
  "sh": 305,
  "t": "Alpha",
  "rh": 249,
  "ll": {
    "lat": 15.710412,
    "long": -66.086388
  },
  "pa": "t12,p21,t4,t5,p20,p30,p18,p34,p19,p16,p36,p13,p14,p10,p37,p39,p8,p41,p26,t9,p25,t8,p4,p1,p5,p6,p33,p35,p38,p22,p40",
  "pp": "p32,p17,t6,p15,t7,p9,p28,p27,p24,t3,p3,t1,p2,t2,p7,p12,p11,p23,t10,t11,p29",
  "pe": "p31",
  "og": "ACDEFIKLMPQ",
  "ao": [
    "A02-ta-L1-",
    "A11-to,ca-C3-",
    "A13-ca-H1-",
    "C01-to,ur-C4-",
    "C04-to,ca-C3-",
    "D01-or,to-C6-",
    "D04-or,ca-T3-",
    "E08-ca,ca-H2-",
    "F01-ur,re-B1-",
    "F14-ur,ca-B3-",
    "I11-ur,ta-B4-",
    "I14-ur,or-B5-",
    "K01-or-T1-",
    "K14-ca,or-H5-",
    "L08-ca,ca-H2-",
    "M03-ta,ca-L3-",
    "M18-ta,ta-L2-",
    "M20-ta,ur-L4-",
    "P09-or,ur-T4-",
    "P13-or-T1-",
    "Q06-ta,or-L5-",
    "Q10-ta,or-L5-",
    "Q15-ta,ur-L4-"
  ]
}