{
  "sid": "GR307",
  "idx": 2,
  "sh": 310,
  "t": "Gamma",
  "rh": 340,
  "ll": {
    "lat": 59.315254,
    "long": 147.131516
  },
  "pa": "p13,p14,p20,p23,p25,p26,p27,p28,p29,p31,p33,p34,p35,p36,p37,p38,p39,p41,p43,t3,t5,t6,t8",
  "pp": "p10,p11,p12,p15,p16,p17,p18,p19,p2,p21,p24,p3,p30,p32,p4,p40,p42,p5,p6,p7,p8,p9,t1,t2,t4,t7,t9",
  "pe": "p22",
  "og": "ACDHJKNPQRS",
  "ao": [
    "A15-ur,ta-B16-",
    "A19-ur,ur-B14-",
    "C08-to,or-C19-",
    "C09-to,ur-C17-",
    "D08-ta,ta-L16-",
    "H29-ta-L15-",
    "H31-ta,ta-L16-",
    "H32-ta,re-L21-",
    "H35-ta,ur-L18-",
    "H43-ta,or-L19-",
    "J03-ca,or-H21-",
    "K08-or,or-T15-",
    "K14-or-T14-",
    "N06-or,or-T15-",
    "N07-or,ca-T16-",
    "P15-to,ur-C17-",
    "Q07-ca,ta-H20-",
    "R15-to,or-C19-",
    "R25-to,re-C20-",
    "S05-ca,ur-H19-"
  ],
  "rth": "t2:340"
}