{
  "sid": "GR309",
  "idx": 1,
  "sh": 340,
  "t": "Gamma",
  "rh": 7,
  "ll": {
    "lat": 3.831339,
    "long": -148.244766
  },
  "pa": "p14,p15,p18,p19,p20,p23,p25,p28,p29,p3,p30,p31,p33,p37,p41,p43,p5,t3,t5,t6,t7,t9",
  "pp": "p10,p11,p12,p13,p16,p17,p2,p21,p22,p24,p26,p27,p32,p34,p35,p36,p38,p39,p4,p40,p42,p6,p7,p8,p9,t1,t2,t4,t8",
  "og": "BEHJLRS",
  "ao": [
    "B03-ur,re-B19-",
    "B21-ur,re-B19-",
    "E09-ca,to-H17-",
    "H20-ta-L15-",
    "H24-ta,ur-L18-",
    "H27-ta,re-L21-",
    "H30-ta-L15-",
    "H55-ta,ta-L16-",
    "J07-ca,or-H21-",
    "L12-or,ta-T18-",
    "L13-or,to-T19-",
    "R08-ca,ta-H20-",
    "R09-ca,ur-H19-",
    "S06-ca,ur-H19-"
  ],
  "rth": "t4:7"
}