{
  "sid": "GR307",
  "idx": 2,
  "sh": 310,
  "t": "Gamma",
  "rh": -1,
  "ll": {
    "lat": 59.315254,
    "long": 147.131516
  },
  "pa": null,
  "pp": "p10,p11,p12,p2,p7,p8,p9",
  "pe": null,
  "og": "ACDHJKNPQRS",
  "ao": [
    "A15-ur,ta-B16-",
    "A19-ur,ur-B14-",
    "C08-to,or-C19-",
    "C09-to,ur-C17-",
    "D08-ta,ta-L16-",
    "H29-ta-L15-",
    "H31-ta,ta-L16-",
    "H32-ta,re-L21-",
    "H35-ta,ur-L18-",
    "H43-ta,or-L19-",
    "J03-ca,or-H21-",
    "K08-or,or-T15-",
    "K14-or-T14-",
    "N06-or,or-T15-",
    "N07-or,ca-T16-",
    "P15-to,ur-C17-",
    "Q07-ca,ta-H20-",
    "R15-to,or-C19-",
    "R25-to,re-C20-",
    "S05-ca,ur-H19-"
  ]
}