{
  "sid": "GR224",
  "idx": 1,
  "sh": 72,
  "t": "Alpha",
  "rh": 13,
  "ll": {
    "lat": -42.271961,
    "long": -149.530594
  },
  "pa": "p1,p11,p14,p16,p18,p2,p20,p22,p24,p25,p29,p3,p30,p31,p32,p33,p34,p35,p36,p39,p40,p41,p5,p7,p8,p9,t1,t10,t12,t3,t8",
  "pp": "p10,p12,p13,p15,p17,p19,p21,p23,p26,p27,p28,p37,p6,t11,t2,t4,t5,t6,t7,t9",
  "pe": "p38,p4",
  "og": "ABDIJKNQ",
  "ao": [
    "A02-ta-L1-",
    "A03-ta,ta-L6-",
    "A13-ca-H1-",
    "B03-to,re-C1-",
    "B21-to,re-C1-",
    "D02-or,ta-C5-",
    "D04-or,ca-T3-",
    "I05-ur,ur-B2-",
    "I11-ur,ta-B4-",
    "J02-ca,re-H7-",
    "K01-or-T1-",
    "K05-or,or-T2-",
    "N03-ca,or-H5-",
    "Q06-ta,or-L5-",
    "Q08-ta,re-L7-",
    "Q10-ta,or-L5-"
  ]
}