{
  "sid": "GR257",
  "idx": 1,
  "sh": 0,
  "t": "Alpha",
  "rh": 0,
  "ll": null,
  "pa": null,
  "pp": null,
  "pe": null,
  "og": "ACDEFIKLMPQ",
  "ao": [
    "A02-ta-L1-",
    "A11-to,ca-C3-",
    "A13-ca-H1-",
    "C01-to,ur-C4-",
    "C04-to,ca-C3-",
    "D01-or,to-C6-",
    "D04-or,ca-T3-",
    "E08-ca,ca-H2-",
    "F01-ur,re-B1-",
    "F14-ur,ca-B3-",
    "I11-ur,ta-B4-",
    "I14-ur,or-B5-",
    "K01-or-T1-",
    "K14-ca,or-H5-",
    "L08-ca,ca-H2-",
    "M03-ta,ca-L3-",
    "M18-ta,ta-L2-",
    "M20-ta,ur-L4-",
    "P09-or,ur-T4-",
    "P13-or-T1-",
    "Q06-ta,or-L5-",
    "Q10-ta,or-L5-",
    "Q15-ta,ur-L4-"
  ]
}