{
  "sid": "GR223",
  "idx": 2,
  "sh": 68,
  "t": "Alpha",
  "rh": 10,
  "ll": {
    "lat": -27.907183,
    "long": 138.164948
  },
  "pa": "p1,p11,p12,p13,p14,p15,p16,p18,p2,p20,p22,p23,p25,p26,p28,p3,p30,p31,p32,p33,p36,p37,p39,p4,p41,p6,p8,t11,t12,t3,t4,t5,t6",
  "pp": "p10,p17,p19,p21,p24,p27,p29,p34,p35,p5,p7,p9,t1,t10,t2,t7,t8,t9",
  "pe": "p38,p40",
  "og": "CDGHKLNP",
  "ao": [
    "C07-to,ta-C5-",
    "C08-to,to-C2-",
    "D07-to,ta-C5-",
    "D08-or,ta-T5-",
    "G03-ca,or-H5-",
    "H01-ca,ta-H4-",
    "K11-ca,or-H5-",
    "K17-to,re-C1-",
    "L01-ca,ur-H3-",
    "N01-ca,ur-H3-",
    "P02-or,to-T6-",
    "P11-or,or-T2-"
  ]
}