{
  "sid": "GR258",
  "idx": 3,
  "sh": 339,
  "t": "Beta",
  "rh": 100,
  "ll": {
    "lat": -34.876957,
    "long": 130.663635
  },
  "pa": "p9,p10,p12,p14,p15,p16,p18,p19,p20,p24,p25,p21,p22,p38,p39,p37,p35,p36,p28,p30,p31,p34,p33,p41,p6,p7,p2,t2",
  "pp": "p11,p17,p23,p27,p26,p13,p32,p29,p40,p8,p5,p4,p1,p3,p42,t4,t5,t6,t7,t8,t1,t3",
  "pe": null,
  "og": "DFGKLPSU",
  "ao": [
    "D01-ca,or-H12-",
    "F03-ca,ca-H9-",
    "G13-ca,or-H12-",
    "G17-ca,ur-H10-",
    "K21-to,or-C12-",
    "K25-to,to-C8-",
    "L03-or,ta-T11-",
    "P21-to,to-C8-",
    "P25-to,or-C12-",
    "S03-or,re-T13-",
    "U20-ur,to-B12-",
    "U43-ur,ta-B10-"
  ]
}