{
  "sid": "GR296",
  "idx": 3,
  "sh": 0,
  "t": "Gamma",
  "rh": 0,
  "ll": null,
  "pa": null,
  "pp": null,
  "pe": null,
  "og": "CDFJKLOPR",
  "ao": [
    "C02-to,or-C19-",
    "C13-to,re-C20-",
    "D01-ta,or-H21-",
    "F06-or,ta-T18-",
    "F13-or,ca-T16-",
    "J04-ca,ca-H18-",
    "K06-or,ur-T17-",
    "K13-or,or-T15-",
    "L02-or,ur-T17-",
    "L12-or,ta-T18-",
    "O01-ca,ur-H19-",
    "P03-to,re-C20-",
    "P18-to-C14-",
    "R11-to,to-C15-",
    "R18-ca,to-H17-"
  ]
}