{
  "sid": "GR176",
  "idx": 1,
  "sh": -1,
  "t": "Beta",
  "rh": -1,
  "ll": null,
  "pa": null,
  "pp": null,
  "pe": null,
  "og": "ADFJLPS",
  "ao": [
    "A04-ca-H8-",
    "A07-ca,or-H12-",
    "D03-ca-H8-",
    "D05-ca,ta-H11-",
    "F03-ca,ca-H9-",
    "F06-ca,to-H13-",
    "J05-or,ca-T9-",
    "J08-or,ta-T11-",
    "L03-or,ta-T11-",
    "L05-or,re-T12-",
    "P02-to,re-C13-",
    "P12-to,to-C8-",
    "P23-to,ur-C10-",
    "S02-or,re-T12-",
    "S03-or,re-T13-"
  ]
}