{
  "sid": "GR194",
  "idx": 3,
  "sh": -1,
  "t": "Gamma",
  "rh": -1,
  "ll": null,
  "pa": null,
  "pp": null,
  "pe": null,
  "og": "BCDFGMOQR",
  "ao": [
    "B02-ur,re-B19-",
    "B07-ur,ca-B15-",
    "B08-ur,ur-B14-",
    "C03-to,ta-C18-",
    "C05-to-C14-",
    "C10-to,to-C15-",
    "D07-ta,or-L19-",
    "D14-ta-L15-",
    "F02-or,ur-T17-",
    "F03-or,ca-T16-",
    "F05-or-T14-",
    "G03-or,re-T20-",
    "G14-or,ta-T18-",
    "M07-to,or-C19-",
    "M11-to,ta-C18-",
    "M12-to,to-C15-",
    "O01-ca,ur-H19-",
    "O05-ca,to-H17-",
    "Q06-ca,ca-H18-",
    "Q07-ca,ta-H20-",
    "R04-to,ur-C17-",
    "R05-to,ta-C18-",
    "R24-to,or-C19-"
  ]
}