{
  "sid": "GR173",
  "idx": 1,
  "sh": -1,
  "t": "Beta",
  "rh": -1,
  "ll": null,
  "pa": null,
  "pp": null,
  "pe": null,
  "og": "CGHIKLNQ",
  "ao": [
    "C13-ta-L8-",
    "C21-ta-L8-",
    "C24-ta,ta-L9-",
    "G01-ca,re-H14-",
    "G14-ca,re-H16-",
    "G17-ca,ur-H10-",
    "H03-or,re-T12-",
    "H10-or-T7-",
    "I02-ca,ur-C10-",
    "I09-ta,ta-L9-",
    "K12-to,or-C12-",
    "K19-to,re-C13-",
    "K25-to,to-C8-",
    "L01-or,ca-T9-",
    "L06-or,re-T13-",
    "N13-ta-L8-",
    "N20-ta,to-L13-",
    "N23-ta,re-L14-",
    "Q01-or-T7-",
    "Q04-or,ca-T9-"
  ]
}