{
  "sid": "GR180",
  "idx": 1,
  "sh": -1,
  "t": "Alpha",
  "rh": -1,
  "ll": null,
  "pa": null,
  "pp": null,
  "pe": null,
  "og": "ACEFGIKOP",
  "ao": [
    "A05-ur,re-B1-",
    "A14-ca,ca-H2-",
    "A20-or,ur-T4-",
    "C04-to,ca-C3-",
    "C12-to,or-C6-",
    "E06-ca,re-H7-",
    "F16-ur,ta-B4-",
    "F19-ur,or-B5-",
    "G03-ca,or-H5-",
    "I01-ur,re-B1-",
    "I16-ur,to-B6-",
    "K16-ca,ta-H4-",
    "K19-to,ur-C4-",
    "O02-or,or-T2-",
    "O10-or,ur-T4-",
    "P08-or,ur-T4-",
    "P13-or-T1-"
  ]
}