{
  "sid": "GR192",
  "idx": 2,
  "sh": -1,
  "t": "Gamma",
  "rh": -1,
  "ll": null,
  "pa": null,
  "pp": null,
  "pe": null,
  "og": "ABCDEFGHIJMOS",
  "ao": [
    "A03-ur,re-B19-",
    "A16-ur,ca-B15-",
    "A19-ur,ur-B14-",
    "B03-ur,re-B19-",
    "B16-ur,ca-B15-",
    "B19-ur,to-B18-",
    "C05-to-C14-",
    "C08-to,or-C19-",
    "C13-to,re-C20-",
    "D08-ta,ta-L16-",
    "D13-ta,to-L20-",
    "E06-ca,ca-H18-",
    "E07-ca,to-H17-",
    "F07-or,ur-T17-",
    "F08-or,ca-T16-",
    "F13-or,ca-T16-",
    "G03-or,re-T20-",
    "G14-or,ta-T18-",
    "H08-ta,ur-L18-",
    "H16-ta,ur-L18-",
    "H22-ta,ta-L16-",
    "H34-ta,or-L19-",
    "H37-ta,ta-L16-",
    "H40-ta,ta-L16-",
    "H45-ta,re-L21-",
    "I05-ur,re-B19-",
    "I14-ur,re-B19-",
    "I18-ur,ca-B15-",
    "J03-ca,or-H21-",
    "J08-ca,to-H17-",
    "M03-to,ur-C17-",
    "M05-to-C14-",
    "M07-to,or-C19-",
    "O01-ca,ur-H19-",
    "O07-ca,ca-H18-",
    "S04-ca,to-H17-",
    "S05-ca,ur-H19-"
  ]
}