{
  "sid": "GR187",
  "idx": 1,
  "sh": 0,
  "t": "Gamma",
  "rh": 0,
  "ll": null,
  "pa": null,
  "pp": null,
  "pe": null,
  "og": "ABCDFGHINPQS",
  "ao": [
    "A06-ur,ta-B16-",
    "A14-ur,or-B17-",
    "B06-ur,ta-B16-",
    "B14-ur,or-B17-",
    "C04-to,ur-C17-",
    "C14-to,ca-C16-",
    "D06-ta,re-L21-",
    "F04-or,or-T15-",
    "F15-or-T14-",
    "G08-or,to-T19-",
    "H11-ta,or-L19-",
    "H29-ta-L15-",
    "H32-ta,re-L21-",
    "H40-ta,ta-L16-",
    "H50-ta,re-L21-",
    "I03-ur,or-B17-",
    "I10-ur,or-B17-",
    "N02-or,or-T15-",
    "N11-or,or-T15-",
    "P06-to,ur-C17-",
    "P14-to,ta-C18-",
    "Q02-ca,ta-H20-",
    "S03-ca,to-H17-"
  ]
}