{
  "sid": "GR174",
  "idx": 3,
  "sh": -1,
  "t": "Gamma",
  "rh": -1,
  "ll": null,
  "pa": null,
  "pp": null,
  "pe": null,
  "og": "ABDLNORS",
  "ao": [
    "A02-ur-B13-",
    "A03-ur,re-B19-",
    "A07-ur,ca-B15-",
    "B02-ur,re-B19-",
    "B03-ur,re-B19-",
    "B07-ur,ca-B15-",
    "D04-ta,ca-L17-",
    "D14-ta-L15-",
    "L03-or,ta-T18-",
    "L10-or,re-T20-",
    "L12-or,ta-T18-",
    "N03-or,ca-T16-",
    "N05-or-T14-",
    "N12-or,ca-T16-",
    "O01-ca,ur-H19-",
    "O06-ca,or-H21-",
    "R04-to,ur-C17-",
    "R18-ca,to-H17-",
    "R24-to,or-C19-",
    "S05-ca,ur-H19-",
    "S06-ca,ur-H19-"
  ]
}