{
  "sid": "GR195",
  "idx": 1,
  "sh": -1,
  "t": "Gamma",
  "rh": -1,
  "ll": null,
  "pa": null,
  "pp": null,
  "pe": null,
  "og": "ABCDEGHJKMPR",
  "ao": [
    "A04-ur,to-B18-",
    "A22-ur,to-B18-",
    "A23-ur,or-B17-",
    "B04-ur,to-B18-",
    "B22-ur,to-B18-",
    "B23-ur,or-B17-",
    "C08-to,or-C19-",
    "C09-to,ur-C17-",
    "C15-to,ca-C16-",
    "D06-ta,re-L21-",
    "D08-ta,ta-L16-",
    "E05-ca,ta-H20-",
    "E08-ca,ca-H18-",
    "G07-or,re-T20-",
    "G13-or,to-T19-",
    "H09-ta,ca-L17-",
    "H10-ta,ta-L16-",
    "H13-ta,re-L21-",
    "H26-ta,to-L20-",
    "H47-ta,or-L19-",
    "H54-ta,ca-L17-",
    "H55-ta,ta-L16-",
    "J03-ca,or-H21-",
    "J05-ca,ta-H20-",
    "K04-or-T14-",
    "K10-or,re-T20-",
    "K14-or-T14-",
    "M08-to,ca-C16-",
    "M09-to,ca-C16-",
    "M14-to-C14-",
    "P04-to,or-C19-",
    "P22-to,or-C19-",
    "P23-to,ta-C18-",
    "R07-to,re-C20-",
    "R13-to,ur-C17-",
    "R21-to,ca-C16-"
  ]
}