{
  "sid": "GR196",
  "idx": 2,
  "sh": 0,
  "t": "Alpha",
  "rh": 0,
  "ll": null,
  "pa": null,
  "pp": null,
  "pe": null,
  "og": "BDEIJKMQ",
  "ao": [
    "B01-to,ca-C3-",
    "B14-to,ta-C5-",
    "B21-to,re-C1-",
    "D02-or,ta-C5-",
    "D03-or,ur-T4-",
    "D06-or,to-C6-",
    "E03-ca,or-H5-",
    "E07-ca,to-H6-",
    "I05-ur,ur-B2-",
    "I06-ur,ca-B3-",
    "I08-ur,ur-B2-",
    "J02-ca,re-H7-",
    "J07-ca,ca-H2-",
    "K03-or-T1-",
    "K05-or,or-T2-",
    "K21-to,or-C6-",
    "M01-ta-L1-",
    "M04-ta,ur-L4-",
    "M07-ta,re-L7-",
    "M18-ta,ta-L2-",
    "Q01-ta,ta-L2-",
    "Q17-ta,ta-L6-",
    "Q27-ta,re-L7-",
    "Q29-ta,ur-L4-"
  ]
}