{
  "sid": "GR092",
  "idx": 2,
  "sh": 0,
  "t": "Gamma",
  "rh": 0,
  "ll": null,
  "pa": null,
  "pp": null,
  "pe": null,
  "og": "CEFGHIPQRS",
  "ao": [
    "C07-to,ta-C18-",
    "C15-to,ca-C16-",
    "E05-ca,ta-H20-",
    "F10-or-T14-",
    "F12-or,ur-T17-",
    "G13-or,to-T19-",
    "H01-ta,re-L21-",
    "H11-ta,or-L19-",
    "H27-ta,re-L21-",
    "H36-ta,ca-L17-",
    "H53-ta,ur-L18-",
    "I02-ur,ta-B16-",
    "I16-ur,or-B17-",
    "P04-to,or-C19-",
    "P25-to,ca-C16-",
    "Q05-ca,re-H21-",
    "R02-to,to-C15-",
    "R13-to,ur-C17-",
    "S03-ca,to-H17-"
  ]
}