{
  "sid": "GR469",
  "idx": 2,
  "sh": -1,
  "t": "Gamma",
  "rh": -1,
  "ll": null,
  "pa": null,
  "pp": null,
  "pe": null,
  "og": "CDFHKLNOPS",
  "ao": [
    "C02-to,or-C19-",
    "C13-to,re-C20-",
    "D04-ta,ca-L17-",
    "F07-or,ur-T17-",
    "F13-or,ca-T16-",
    "H24-ta,ur-L18-",
    "H26-ta,to-L20-",
    "H27-ta,re-L21-",
    "H32-ta,re-L21-",
    "H37-ta,ta-L16-",
    "K06-or,ur-T17-",
    "K13-or,or-T15-",
    "L02-or,ur-T17-",
    "L12-or,ta-T18-",
    "N03-or,ca-T16-",
    "N13-or,ur-T17-",
    "O06-ca,or-H21-",
    "P03-to,re-C20-",
    "P18-to-C14-",
    "S06-ca,ur-H19-"
  ]
}