{
  "sid": "GR466",
  "idx": 1,
  "sh": -1,
  "t": "Gamma",
  "rh": -1,
  "ll": null,
  "pa": null,
  "pp": null,
  "pe": null,
  "og": "CEFHIJLMOQR",
  "ao": [
    "C02-to,or-C19-",
    "C04-to,ur-C17-",
    "E08-ca,ca-H18-",
    "F07-or,ur-T17-",
    "F09-or,or-T15-",
    "H08-ta,ur-L18-",
    "H10-ta,ta-L16-",
    "H26-ta,to-L20-",
    "H42-ta,ur-L18-",
    "H51-ta,to-L20-",
    "I03-ur,or-B17-",
    "I08-ur,ca-B15-",
    "J03-ca,or-H21-",
    "L02-or,ur-T17-",
    "L04-or,to-T19-",
    "M04-to,ur-C17-",
    "M06-to,or-C19-",
    "O03-ca,to-H17-",
    "Q08-ca,ca-H18-",
    "R17-ca,ca-H18-",
    "R20-to,to-C15-"
  ]
}