{
  "sid": "GR468",
  "idx": 2,
  "sh": 0,
  "t": "Gamma",
  "rh": 0,
  "ll": null,
  "pa": null,
  "pp": null,
  "pe": null,
  "og": "BEGHJKMORS",
  "ao": [
    "B05-ur,or-B17-",
    "B24-ur,ta-B16-",
    "E08-ca,ca-H18-",
    "G07-or,re-T20-",
    "H09-ta,ca-L17-",
    "H13-ta,re-L21-",
    "H27-ta,re-L21-",
    "H33-ta,to-L20-",
    "H36-ta,ca-L17-",
    "J03-ca,or-H21-",
    "K09-or-T14-",
    "K10-or,re-T20-",
    "M04-to,ur-C17-",
    "M14-to-C14-",
    "O03-ca,to-H17-",
    "R14-to,ta-C18-",
    "R16-to,re-C20-",
    "S07-ca,ta-H20-"
  ]
}