{
  "sid": "GR044",
  "idx": 3,
  "sh": 0,
  "t": "Alpha",
  "rh": 0,
  "ll": null,
  "pa": null,
  "pp": null,
  "pe": null,
  "og": "ABCEFHIJLMNP",
  "ao": [
    "A06-ur,ur-B2-",
    "A16-ca,ta-H4-",
    "A17-or-T1-",
    "A18-or,or-T2-",
    "B12-to,ur-C4-",
    "B14-to,ta-C5-",
    "B20-to,to-C2-",
    "C03-to,ca-C3-",
    "C08-to,to-C2-",
    "C12-to,or-C6-",
    "E06-ca,re-H7-",
    "E07-ca,to-H6-",
    "F03-ur,re-B1-",
    "F06-ur,ur-B2-",
    "F12-ur,ta-B4-",
    "H01-ca,ta-H4-",
    "H05-ca-H1-",
    "I03-ur,re-B1-",
    "I06-ur,ca-B3-",
    "I12-ur,to-B6-",
    "J01-ca-H1-",
    "J07-ca,ca-H2-",
    "L06-ca,re-H7-",
    "L07-ca,to-H6-",
    "M02-ta,ta-L2-",
    "M07-ta,re-L7-",
    "M14-ta,ta-L6-",
    "M24-ta,re-L7-",
    "N06-ca,re-H7-",
    "N07-ca,to-H6-",
    "P06-or,ca-T3-",
    "P08-or,ur-T4-",
    "P10-or,or-T2-"
  ]
}