{
  "sid": "GR046",
  "idx": 2,
  "sh": 0,
  "t": "Alpha",
  "rh": 0,
  "ll": null,
  "pa": null,
  "pp": null,
  "pe": null,
  "og": "FHIJMNOQ",
  "ao": [
    "F13-ur,ca-B3-",
    "F17-ur,to-B6-",
    "F19-ur,or-B5-",
    "H01-ca,ta-H4-",
    "H04-ca,ca-H2-",
    "I09-ur,or-B5-",
    "I13-ur,or-B5-",
    "I19-ur,or-B5-",
    "J01-ca-H1-",
    "J03-ca,ur-H3-",
    "M04-ta,ur-L4-",
    "M09-ta-L1-",
    "M17-ta-L1-",
    "M19-ta,ca-L3-",
    "N01-ca,ur-H3-",
    "N04-ca,re-H7-",
    "O03-or,ca-T3-",
    "O09-or,ca-T3-",
    "O10-or,ur-T4-",
    "Q05-ta,ur-L4-",
    "Q08-ta,re-L7-",
    "Q10-ta,or-L5-",
    "Q27-ta,re-L7-"
  ]
}