{
  "sid": "GR013",
  "idx": 2,
  "sh": 113,
  "t": "Alpha",
  "rh": 235,
  "ll": {
    "lat": -30.544333,
    "long": -24.205046
  },
  "pa": "p40,t5,p20,p4,p3,p1,p5,p6,p2,p28,p27,t8,p24,p25,t9,p41,p39,p37,p10,p14,p36,p15,t6,t12,t11,p38,p23,p35,p8,p11,p33,p18,p17,p19",
  "pp": "p32,t4,t1,p7,t3,t2,p26,p9,t7,p13,p16,p21,t10,p12,p34,p30,p29",
  "pe": "p31,p22",
  "og": "ABDFIJLMNP",
  "ao": [
    "A07-ur,ca-B3-",
    "A08-ur,ta-B4-",
    "A12-to,ur-C4-",
    "B02-to,to-C2-",
    "B19-to,ca-C3-",
    "D01-or,to-C6-",
    "D06-or,to-C6-",
    "F14-ur,ca-B3-",
    "F20-ur,or-B5-",
    "I18-ur,to-B6-",
    "I20-ur,to-B6-",
    "J04-ca,to-H6-",
    "L04-ca,re-H7-",
    "M04-ta,ur-L4-",
    "M05-ta,or-L5-",
    "M11-ta,ca-L3-",
    "N04-ca,re-H7-",
    "P05-or,ca-T5-",
    "P07-or,ca-T3-"
  ]
}