{
  "sid": "GR064",
  "idx": 1,
  "sh": 118,
  "t": "Gamma",
  "rh": 149,
  "ll": {
    "lat": 48.175247,
    "long": -48.364521
  },
  "pa": "p14,p17,p18,p19,p28,p29,p30,p31,p33,p35,p36,p37,p38,p39,p40,p41,p42,p5,p7,p9,t1,t3,t5",
  "pp": "p1,p10,p11,p12,p13,p15,p16,p2,p20,p21,p22,p23,p24,p25,p26,p27,p3,p32,p34,p4,p6,p8,t2,t4,t6,t7,t8",
  "pe": null,
  "og": "BCDGJKO",
  "ao": [
    "B25-ur,ca-B15-",
    "B26-ur,ur-B14-",
    "C07-to,ta-C18-",
    "C14-to,ca-C16-",
    "D11-ta,or-H21-",
    "G05-or,ta-T18-",
    "J04-ca,ca-H18-",
    "K11-or,ur-T17-",
    "K12-or,ca-T16-",
    "O02-ca,ta-H20-"
  ]
}