{
  "sid": "GR042",
  "idx": 3,
  "sh": 234,
  "t": "Alpha",
  "rh": 356,
  "ll": {
    "lat": -34.966747,
    "long": -124.462822
  },
  "pa": "p1,p10,p11,p12,p13,p14,p15,p16,p2,p23,p29,p3,p30,p31,p32,p34,p35,p36,p37,p38,p39,p4,p40,p41,p6,p7,p8,p9,t10,t12,t2,t9",
  "pp": "p17,p18,p19,p20,p21,p24,p25,p26,p27,p28,p33,p5,t1,t11,t3,t4,t5,t6,t7,t8",
  "pe": "p22",
  "og": "ADGJLMNO",
  "ao": [
    "A01-ta-L1-",
    "A07-ur,ca-B3-",
    "A18-or,or-T2-",
    "D02-or,ta-C5-",
    "D06-or,to-C6-",
    "G03-ca,or-H5-",
    "J02-ca,re-H7-",
    "L03-ca,or-H5-",
    "M05-ta,or-L5-",
    "M07-ta,re-L7-",
    "M17-ta-L1-",
    "N03-ca,or-H5-",
    "O02-or,or-T2-",
    "O09-or,ca-T3-"
  ]
}