{
  "sid": "GR272",
  "idx": 1,
  "sh": 342,
  "t": "Gamma",
  "rh": 12,
  "ll": {
    "lat": 24.134918,
    "long": 172.044754
  },
  "pa": null,
  "pp": null,
  "pe": null,
  "og": "BCDFGIJKMNOPR",
  "ao": [
    "B15-ur,ta-B16-",
    "B25-ur,ca-B15-",
    "C07-to,ta-C18-",
    "C09-to,ur-C17-",
    "D12-ta,to-L20-",
    "F09-or,or-T15-",
    "F12-or,ur-T17-",
    "G04-or,to-T19-",
    "I02-ur,ta-B16-",
    "I09-ur,ta-B16-",
    "J09-ca,ur-H19-",
    "K12-or,ca-T16-",
    "K14-or-T14-",
    "M02-to,re-C20-",
    "M09-to,ca-C16-",
    "N06-or,or-T15-",
    "N08-or,ur-T17-",
    "O03-ca,to-H17-",
    "P15-to,ur-C17-",
    "P25-to,ca-C16-",
    "R02-to,to-C15-",
    "R25-to,re-C20-"
  ]
}