{
  "sid": "GR009",
  "idx": 3,
  "sh": 207,
  "t": "Gamma",
  "rh": 237,
  "ll": {
    "lat": 59.331982,
    "long": 15.105293
  },
  "pa": "p1,p10,p13,p18,p2,p22,p23,p25,p26,p29,p3,p31,p33,p36,p37,p39,p40,p41,p5,p9,t1,t3,t7,t8",
  "pp": "p11,p12,p14,p15,p16,p17,p19,p20,p21,p24,p27,p28,p30,p32,p34,p35,p38,p4,p42,p6,p7,p8,t2,t4,t5,t6",
  "pe": null,
  "og": "ABCDEGIJNPRS",
  "ao": [
    "A04-ur,to-B18-",
    "A08-ur,ur-B14-",
    "A27-ur-B13-",
    "B04-ur,to-B18-",
    "B08-ur,ur-B14-",
    "B27-ur-B13-",
    "C02-to,or-C19-",
    "C10-to,to-C15-",
    "C15-to,ca-C16-",
    "D01-ta,or-H21-",
    "D03-ta,ur-L18-",
    "E03-ca,or-H21-",
    "E05-ca,ta-H20-",
    "G05-or,ta-T18-",
    "G13-or,to-T19-",
    "I01-ur,ca-B15-",
    "I13-ur-B13-",
    "I16-ur,or-B17-",
    "J04-ca,ca-H18-",
    "J05-ca,ta-H20-",
    "N01-or-T14-",
    "N05-or-T14-",
    "N13-or,ur-T17-",
    "P04-to,or-C19-",
    "P08-to,to-C15-",
    "P27-to-C14-",
    "R03-to,ca-C16-",
    "R10-to-C14-",
    "R13-to,ur-C17-",
    "S03-ca,to-H17-",
    "S08-ca,ta-H20-"
  ]
}