{
  "sid": "GR013",
  "idx": 2,
  "sh": 113,
  "t": "Alpha",
  "rh": 235,
  "ll": {
    "lat": -30.544333,
    "long": -24.205046
  },
  "pa": "p1,p10,p11,p14,p15,p17,p18,p19,p2,p20,p23,p24,p25,p27,p28,p3,p33,p35,p36,p37,p38,p39,p4,p40,p41,p5,p6,p8,t11,t12,t5,t6,t8,t9",
  "pp": "p12,p13,p16,p21,p26,p29,p30,p32,p34,p7,p9,t1,t10,t2,t3,t4,t7",
  "pe": "p22,p31",
  "og": "ABDFIJLMNP",
  "ao": [
    "A07-ur,ca-B3-",
    "A08-ur,ta-B4-",
    "A12-to,ur-C4-",
    "B02-to,to-C2-",
    "B19-to,ca-C3-",
    "D01-or,to-C6-",
    "D06-or,to-C6-",
    "F14-ur,ca-B3-",
    "F20-ur,or-B5-",
    "I18-ur,to-B6-",
    "I20-ur,to-B6-",
    "J04-ca,to-H6-",
    "L04-ca,re-H7-",
    "M04-ta,ur-L4-",
    "M05-ta,or-L5-",
    "M11-ta,ca-L3-",
    "N04-ca,re-H7-",
    "P05-or,ca-T5-",
    "P07-or,ca-T3-"
  ]
}