{
  "sid": "GR022",
  "idx": 3,
  "sh": 0,
  "t": "Alpha",
  "rh": 0,
  "ll": null,
  "pa": null,
  "pp": null,
  "pe": null,
  "og": "BFGHIJMQ",
  "ao": [
    "B01-to,ca-C3-",
    "B18-to,re-C1-",
    "F08-ur,ur-B2-",
    "F09-ur,ca-B3-",
    "G03-ca,or-H5-",
    "H01-ca,ta-H4-",
    "I08-ur,ur-B2-",
    "I13-ur,or-B5-",
    "J02-ca,re-H7-",
    "M02-ta,ta-L2-",
    "M04-ta,ur-L4-",
    "M17-ta-L1-",
    "Q07-ta,ta-L6-",
    "Q19-ta,re-L7-",
    "Q27-ta,re-L7-"
  ]
}