{
  "sid": "GR016",
  "idx": 1,
  "sh": 0,
  "t": "Gamma",
  "rh": 0,
  "ll": null,
  "pa": null,
  "pp": null,
  "pe": null,
  "og": "CEFGIKLNORS",
  "ao": [
    "C03-to,ta-C18-",
    "C15-to,ca-C16-",
    "E05-ca,ta-H20-",
    "F03-or,ca-T16-",
    "F10-or-T14-",
    "G13-or,to-T19-",
    "I16-ur,or-B17-",
    "I18-ur,ca-B15-",
    "K03-or,or-T15-",
    "K05-or,re-T20-",
    "L03-or,ta-T18-",
    "L14-or,re-T20-",
    "N01-or-T14-",
    "N12-or,ca-T16-",
    "O05-ca,to-H17-",
    "R08-ca,ta-H20-",
    "R13-to,ur-C17-",
    "S03-ca,to-H17-"
  ]
}