{
  "sid": "GR041",
  "idx": 2,
  "sh": 327,
  "t": "Beta",
  "rh": 86,
  "ll": {
    "lat": -50.968216,
    "long": 81.48188
  },
  "pa": "p10,p11,p12,p14,p15,p16,p18,p21,p22,p23,p24,p26,p27,p28,p3,p31,p32,p33,p34,p35,p36,p38,p39,p4,p42,p5,p6,p8,p9,t3,t5,t7",
  "pp": "p1,p13,p17,p19,p2,p20,p25,p29,p30,p37,p40,p41,p7,t1,t2,t4,t6,t8",
  "pe": null,
  "og": "ACELO",
  "ao": [
    "A05-ca,to-H13-",
    "C12-ta-L8-",
    "C17-ta-L8-",
    "E05-or,ta-T11-",
    "E15-to,or-C12-",
    "L02-or,ur-T10-",
    "O02-or,re-T13-"
  ]
}