{
  "sid": "GR015",
  "idx": 2,
  "sh": -1,
  "t": "Gamma",
  "rh": -1,
  "ll": {
    "lat": 1.078129,
    "long": 113.820587
  },
  "pa": null,
  "pp": null,
  "pe": null,
  "og": "BCDEFHILMNQ",
  "ao": [
    "B12-ur,re-B19-",
    "B27-ur-B13-",
    "C02-to,or-C19-",
    "C03-to,ta-C18-",
    "D14-ta-L15-",
    "E07-ca,to-H17-",
    "F03-or,ca-T16-",
    "F06-or,ta-T18-",
    "H22-ta,ta-L16-",
    "H28-ta,ur-L18-",
    "H30-ta-L15-",
    "H45-ta,re-L21-",
    "H52-ta,or-L19-",
    "I07-ur,ur-B14-",
    "I12-ur,ur-B14-",
    "L02-or,ur-T17-",
    "L03-or,ta-T18-",
    "M01-to,re-C20-",
    "M12-to,to-C15-",
    "N12-or,ca-T16-",
    "N13-or,ur-T17-",
    "Q07-ca,ta-H20-"
  ]
}