{
  "sid": "GR022",
  "idx": 3,
  "sh": 239,
  "t": "Alpha",
  "rh": 3,
  "ll": {
    "lat": 5.614991,
    "long": -148.089981
  },
  "pa": "p1,p11,p13,p14,p15,p16,p19,p20,p22,p23,p25,p27,p28,p29,p3,p30,p31,p32,p33,p35,P35,p36,p37,p39,p4,p40,p41,p5,p6,p8,t10,t12,t4,t7",
  "pp": "p10,p12,p17,p18,p2,p21,p24,p26,p34,p38,p7,p9,t1,t11,t2,t3,t5,t6,t8,t9",
  "pe": null,
  "og": "BFGHIJMQ",
  "ao": [
    "B01-to,ca-C3-",
    "B18-to,re-C1-",
    "F08-ur,ur-B2-",
    "F09-ur,ca-B3-",
    "G03-ca,or-H5-",
    "H01-ca,ta-H4-",
    "I08-ur,ur-B2-",
    "I13-ur,or-B5-",
    "J02-ca,re-H7-",
    "M02-ta,ta-L2-",
    "M04-ta,ur-L4-",
    "M17-ta-L1-",
    "Q07-ta,ta-L6-",
    "Q19-ta,re-L7-",
    "Q27-ta,re-L7-"
  ]
}