{
  "sid": "GR042",
  "idx": 3,
  "sh": 234,
  "t": "Alpha",
  "rh": 356,
  "ll": {
    "lat": -34.966747,
    "long": -124.462822
  },
  "pa": "p31,p32,p40,p35,p23,p29,p41,p8,p9,p37,p10,p11,p12,p14,p13,p36,p15,p16,p34,p30,p1,p3,p4,p7,p2,p6,p39,t2,t9,p38,t10,t12",
  "pp": "p20,p21,p24,p25,p26,p27,p28,p33,p18,p17,p19,p5,t7,t1,t3,t8,t11,t4,t5,t6",
  "pe": "p22",
  "og": "ADGJLMNO",
  "ao": [
    "A01-ta-L1-",
    "A07-ur,ca-B3-",
    "A18-or,or-T2-",
    "D02-or,ta-C5-",
    "D06-or,to-C6-",
    "G03-ca,or-H5-",
    "J02-ca,re-H7-",
    "L03-ca,or-H5-",
    "M05-ta,or-L5-",
    "M07-ta,re-L7-",
    "M17-ta-L1-",
    "N03-ca,or-H5-",
    "O02-or,or-T2-",
    "O09-or,ca-T3-"
  ]
}