{
  "sid": "GR009",
  "idx": 3,
  "sh": 0,
  "t": "Gamma",
  "rh": 0,
  "ll": null,
  "pa": null,
  "pp": null,
  "pe": null,
  "og": "ABCDEGIJNPRS",
  "ao": [
    "A04-ur,to-B18-",
    "A08-ur,ur-B14-",
    "A27-ur-B13-",
    "B04-ur,to-B18-",
    "B08-ur,ur-B14-",
    "B27-ur-B13-",
    "C02-to,or-C19-",
    "C10-to,to-C15-",
    "C15-to,ca-C16-",
    "D01-ta,or-H21-",
    "D03-ta,ur-L18-",
    "E03-ca,or-H21-",
    "E05-ca,ta-H20-",
    "G05-or,ta-T18-",
    "G13-or,to-T19-",
    "I01-ur,ca-B15-",
    "I13-ur-B13-",
    "I16-ur,or-B17-",
    "J04-ca,ca-H18-",
    "J05-ca,ta-H20-",
    "N01-or-T14-",
    "N05-or-T14-",
    "N13-or,ur-T17-",
    "P04-to,or-C19-",
    "P08-to,to-C15-",
    "P27-to-C14-",
    "R03-to,ca-C16-",
    "R10-to-C14-",
    "R13-to,ur-C17-",
    "S03-ca,to-H17-",
    "S08-ca,ta-H20-"
  ]
}