{
  "sid": "GR043",
  "idx": 1,
  "sh": 246,
  "t": "Alpha",
  "rh": 7,
  "ll": {
    "lat": 8.218402,
    "long": -108.929047
  },
  "pa": "p1,p11,p13,p14,p16,p18,p20,p24,p25,p27,p28,p3,p31,p33,p34,p35,p37,p38,p39,p4,p40,p41,p5,p8,t1,t12,t4,t5,t8,t9",
  "pp": "p10,p12,p15,p17,p19,p2,p21,p22,p23,p26,p29,p30,p32,p6,p7,p9,t10,t11,t2,t3,t6,t7",
  "pe": "p36",
  "og": "ACEFHIJKLOP",
  "ao": [
    "A15-ca,ur-H3-",
    "A16-ca,ta-H4-",
    "A20-or,ur-T4-",
    "C08-to,to-C2-",
    "C13-to,re-C1-",
    "E08-ca,ca-H2-",
    "F03-ur,re-B1-",
    "F11-ur,ur-B2-",
    "H04-ca,ca-H2-",
    "I03-ur,re-B1-",
    "I11-ur,ta-B4-",
    "J07-ca,ca-H2-",
    "K03-or-T1-",
    "K11-ca,or-H5-",
    "L08-ca,ca-H2-",
    "O17-or,ur-T4-",
    "O20-or,to-T6-",
    "P01-or,to-T6-",
    "P11-or,or-T2-"
  ]
}