{
  "sid": "GR004",
  "idx": 1,
  "sh": 334,
  "t": "Beta",
  "rh": 94,
  "ll": {
    "lat": -30.239441,
    "long": 147.695908
  },
  "pa": "p9,p14,p15,p16,p18,p23,p21,p26,p38,p39,p36,p35,p24,p28,p29,p30,p31,p32,p33,p40,p42,p2,p1,p5,t5,p6,t7,t8,t3",
  "pp": "p41,p11,p10,p12,p17,p19,p20,p22,p13,p37,p27,p25,p34,p3,p4,t6,p8,p7,t1,t2,t4",
  "pe": null,
  "og": "ABGIJKLP",
  "ao": [
    "A05-ca,to-H13-",
    "B04-or,re-T9-",
    "G03-ca,to-H15-",
    "G07-ca,to-H13-",
    "I12-ta-L8-",
    "J09-or,re-T12-",
    "K02-to,re-C13-",
    "K05-to,ur-C10-",
    "L05-or,re-T12-",
    "P02-to,re-C13-",
    "P05-to,ur-C10-"
  ]
}