{
  "sid": "GR011",
  "idx": 1,
  "sh": 286,
  "t": "Alpha",
  "rh": 47,
  "ll": {
    "lat": 54.10902,
    "long": 141.158997
  },
  "pa": "p1,p11,p14,p15,p18,p19,p22,p23,p24,p25,p26,p27,p3,p31,p32,p33,p35,p37,p38,p39,p4,p40,p41,p6,p8,t11,t12,t3,t5,t6,t9",
  "pp": "p10,p12,p13,p16,p17,p2,p20,p21,p28,p29,p30,p34,p36,p5,p7,p9,t1,t10,t2,t4,t7,t8",
  "pe": null,
  "og": "CDGJMNOP",
  "ao": [
    "C01-to,ur-C4-",
    "C06-to,ta-C5-",
    "C07-to,ta-C5-",
    "D01-or,to-C6-",
    "D06-or,to-C6-",
    "D07-to,ta-C5-",
    "G02-ca,ur-H3-",
    "G03-ca,or-H5-",
    "J01-ca-H1-",
    "J05-ca,ta-H4-",
    "M05-ta,or-L5-",
    "M10-ta,ta-L2-",
    "M19-ta,ca-L3-",
    "M20-ta,ur-L4-",
    "N01-ca,ur-H3-",
    "N05-ca,to-H6-",
    "O07-or-T1-",
    "O15-or,or-T2-",
    "O19-or,ta-T5-",
    "P07-or,ca-T3-",
    "P09-or,ur-T4-",
    "P12-or-T1-"
  ]
}