{
  "sid": "GR140",
  "idx": 1,
  "sh": 293,
  "t": "Beta",
  "rh": 52,
  "ll": {
    "lat": 59.93998,
    "long": -115.809319
  },
  "pa": "p1,p14,p15,p16,p18,p19,p2,p22,p23,p28,p29,p30,p32,p33,p34,p35,p36,p37,p38,p39,p4,p40,p41,p42,p7,p8,p9,t3,t6,t7,t8",
  "pp": "p10,p11,p12,p13,p17,p20,p21,p24,p25,p26,p27,p3,p31,p5,p6,t1,t2,t4,t5",
  "pe": null,
  "og": "CFLQRT",
  "ao": [
    "C09-ta,or-L12-",
    "F06-ca,to-H13-",
    "L05-or,re-T12-",
    "Q05-or,ur-T10-",
    "R02-ta,ur-C10-",
    "R27-ca,re-H16-",
    "T15-ca,re-H14-",
    "T18-ca,ta-H11-"
  ]
}