{
  "sid": "GR022",
  "idx": 3,
  "sh": 239,
  "t": "Alpha",
  "rh": 3,
  "ll": {
    "lat": 5.614991,
    "long": -148.089981
  },
  "pa": "p19,p16,p15,P35,p13,p33,t7,p37,p39,p8,p11,p5,p6,p1,p4,p3,p35,t12,p32,t4,p31,p20,p30,p22,t10,p29,p25,p27,p28,p36,p14,p41,p23,p40",
  "pp": "p18,p17,p34,t6,p12,p10,p9,t2,p7,t3,p2,t1,p21,t5,t11,p38,t9,p26,t8,p24",
  "pe": null,
  "og": "BFGHIJMQ",
  "ao": [
    "B01-to,ca-C3-",
    "B18-to,re-C1-",
    "F08-ur,ur-B2-",
    "F09-ur,ca-B3-",
    "G03-ca,or-H5-",
    "H01-ca,ta-H4-",
    "I08-ur,ur-B2-",
    "I13-ur,or-B5-",
    "J02-ca,re-H7-",
    "M02-ta,ta-L2-",
    "M04-ta,ur-L4-",
    "M17-ta-L1-",
    "Q07-ta,ta-L6-",
    "Q19-ta,re-L7-",
    "Q27-ta,re-L7-"
  ]
}