{
  "sid": "GR291",
  "idx": 1,
  "sh": 93,
  "t": "Beta",
  "rh": 212,
  "ll": {
    "lat": -26.583031,
    "long": -3.456446
  },
  "pa": "p11,p26,p13,p21,p22,p23,p20,p19,p18,p17,p16,p14,p9,t7,t2,t4,t5,p5,p2,p1,p3,p42,p36,p27,p32,p34,p33,p28,p24,p8,p7,p6",
  "pp": "p41,p10,p39,p37,p38,p15,p12,t6,t8,t1,t3,p4,p40,p35,p31,p30,p29,p25",
  "pe": null,
  "og": "ACDET",
  "ao": [
    "A09-ca,ur-H10-",
    "C19-ta,ca-L10-",
    "D01-ca,or-H12-",
    "E11-to,to-C8-",
    "E19-ta-L8-",
    "T13-ca,re-H16-",
    "T16-ca,to-H13-"
  ]
}