{
  "sid": "GR011",
  "idx": 1,
  "sh": 105,
  "t": "Alpha",
  "rh": -1,
  "ll": {
    "lat": 54.10902,
    "long": 141.158997
  },
  "pa": null,
  "pp": null,
  "pe": null,
  "og": "CDGJMNOP",
  "ao": [
    "C01-to,ur-C4-",
    "C06-to,ta-C5-",
    "C07-to,ta-C5-",
    "D01-or,to-C6-",
    "D06-or,to-C6-",
    "D07-to,ta-C5-",
    "G02-ca,ur-H3-",
    "G03-ca,or-H5-",
    "J01-ca-H1-",
    "J05-ca,ta-H4-",
    "M05-ta,or-L5-",
    "M10-ta,ta-L2-",
    "M19-ta,ca-L3-",
    "M20-ta,ur-L4-",
    "N01-ca,ur-H3-",
    "N05-ca,to-H6-",
    "O07-or-T1-",
    "O15-or,or-T2-",
    "O19-or,ta-T5-",
    "P07-or,ca-T3-",
    "P09-or,ur-T4-",
    "P12-or-T1-"
  ]
}