{
  "sid": "GR090",
  "idx": 3,
  "sh": -1,
  "t": "Alpha",
  "rh": -1,
  "ll": null,
  "pa": null,
  "pp": null,
  "pe": null,
  "og": "BFGILMNQ",
  "ao": [
    "B17-to,to-C2-",
    "B20-to,to-C2-",
    "F09-ur,ca-B3-",
    "F12-ur,ta-B4-",
    "G03-ca,or-H5-",
    "I09-ur,or-B5-",
    "I12-ur,to-B6-",
    "L01-ca,ur-H3-",
    "M02-ta,ta-L2-",
    "M09-ta-L1-",
    "M24-ta,re-L7-",
    "N01-ca,ur-H3-",
    "Q04-ta,ca-L3-",
    "Q08-ta,re-L7-",
    "Q19-ta,re-L7-"
  ]
}