{
  "sid": "GR291",
  "idx": 1,
  "sh": 93,
  "t": "Beta",
  "rh": 212,
  "ll": {
    "lat": -26.583031,
    "long": -3.456446
  },
  "pa": "p1,p11,p13,p14,p16,p17,p18,p19,p2,p20,p21,p22,p23,p24,p26,p27,p28,p3,p32,p33,p34,p36,p42,p5,p6,p7,p8,p9,t2,t4,t5,t7",
  "pp": "p10,p12,p15,p25,p29,p30,p31,p35,p37,p38,p39,p4,p40,p41,t1,t3,t6,t8",
  "pe": null,
  "og": "ACDET",
  "ao": [
    "A09-ca,ur-H10-",
    "C19-ta,ca-L10-",
    "D01-ca,or-H12-",
    "E11-to,to-C8-",
    "E19-ta-L8-",
    "T13-ca,re-H16-",
    "T16-ca,to-H13-"
  ]
}