{
  "sid": "GR361",
  "idx": 1,
  "sh": 0,
  "t": "Alpha",
  "rh": 0,
  "ll": null,
  "pa": null,
  "pp": null,
  "pe": null,
  "og": "ACDEGHIJLNPQ",
  "ao": [
    "A02-ta-L1-",
    "A16-ca,ta-H4-",
    "A20-or,ur-T4-",
    "C02-to,ur-C4-",
    "C13-to,re-C1-",
    "D02-or,ta-C5-",
    "D13-or,to-T6-",
    "E09-ca-H1-",
    "G01-ca,ca-H2-",
    "H05-ca-H1-",
    "I05-ur,ur-B2-",
    "I07-ur,ca-B3-",
    "J06-ca,or-H5-",
    "L09-ca-H1-",
    "N09-ca-H1-",
    "P01-or,to-T6-",
    "P03-or,to-T6-",
    "Q04-ta,ca-L3-",
    "Q22-ta,ta-L2-",
    "Q29-ta,ur-L4-"
  ]
}