{
  "sid": "GR085",
  "idx": 2,
  "sh": -1,
  "t": "Gamma",
  "rh": -1,
  "ll": null,
  "pa": null,
  "pp": null,
  "pe": null,
  "og": "BDEFGHIJLMNOPQ",
  "ao": [
    "B05-ur,or-B17-",
    "B21-ur,re-B19-",
    "D04-ta,ca-L17-",
    "E09-ca,to-H17-",
    "F13-or,ca-T16-",
    "F15-or-T14-",
    "G12-or,re-T20-",
    "H18-ta,ta-L16-",
    "H29-ta-L15-",
    "H49-ta,ca-L17-",
    "H51-ta,to-L20-",
    "H54-ta,ca-L17-",
    "I06-ur-B13-",
    "I10-ur,or-B17-",
    "J07-ca,or-H21-",
    "L12-or,ta-T18-",
    "L13-or,to-T19-",
    "M05-to-C14-",
    "M14-to-C14-",
    "N02-or,or-T15-",
    "N03-or,ca-T16-",
    "O06-ca,or-H21-",
    "P05-to,ta-C18-",
    "P21-to,re-C20-",
    "Q09-ca,to-H17-"
  ]
}