{
  "sid": "GR054",
  "idx": 1,
  "sh": 0,
  "t": "Alpha",
  "rh": 0,
  "ll": null,
  "pa": null,
  "pp": null,
  "pe": null,
  "og": "BDEHJKMNOQ",
  "ao": [
    "B04-to,ca-C3-",
    "B14-to,ta-C5-",
    "B20-to,to-C2-",
    "D07-to,ta-C5-",
    "D08-or,ta-T5-",
    "D11-or,to-C6-",
    "E02-ca,ta-H4-",
    "E07-ca,to-H6-",
    "H03-ca,ur-H3-",
    "H05-ca-H1-",
    "J04-ca,to-H6-",
    "J07-ca,ca-H2-",
    "K03-or-T1-",
    "K12-ca,ta-H4-",
    "K22-to,or-C6-",
    "M09-ta-L1-",
    "M10-ta,ta-L2-",
    "M12-ta,ur-L4-",
    "M24-ta,re-L7-",
    "N02-ca,ta-H4-",
    "N07-ca,to-H6-",
    "O05-or,ta-T5-",
    "O15-or,or-T2-",
    "O18-or,ta-T5-",
    "Q04-ta,ca-L3-",
    "Q08-ta,re-L7-",
    "Q09-ta,re-L7-",
    "Q23-ta,ca-L3-"
  ]
}