{
  "sid": "GR051",
  "idx": 3,
  "sh": -1,
  "t": "Alpha",
  "rh": -1,
  "ll": null,
  "pa": null,
  "pp": null,
  "pe": null,
  "og": "ABEHIMNOPQ",
  "ao": [
    "A08-ur,ta-B4-",
    "A10-to,to-C2-",
    "A18-or,or-T2-",
    "B01-to,ca-C3-",
    "B12-to,ur-C4-",
    "E05-ca,to-H6-",
    "H03-ca,ur-H3-",
    "I08-ur,ur-B2-",
    "I10-ur,ta-B4-",
    "M04-ta,ur-L4-",
    "M07-ta,re-L7-",
    "M12-ta,ur-L4-",
    "N05-ca,to-H6-",
    "O01-or-T1-",
    "O12-or,to-T6-",
    "P04-or,ta-T5-",
    "P10-or,or-T2-",
    "Q21-ta,ta-L2-",
    "Q27-ta,re-L7-",
    "Q28-ta,ta-L6-"
  ]
}