{
  "sid": "GR137",
  "idx": 2,
  "sh": -1,
  "t": "Alpha",
  "rh": -1,
  "ll": null,
  "pa": null,
  "pp": null,
  "pe": null,
  "og": "ABCDEFIJKLP",
  "ao": [
    "A14-ca,ca-H2-",
    "A15-ca,ur-H3-",
    "A16-ca,ta-H4-",
    "B06-to,re-C1-",
    "B07-to,or-C6-",
    "C04-to,ca-C3-",
    "C08-to,to-C2-",
    "D04-or,ca-T3-",
    "D08-or,ta-T5-",
    "E08-ca,ca-H2-",
    "F11-ur,ur-B2-",
    "F19-ur,or-B5-",
    "I03-ur,re-B1-",
    "I11-ur,ta-B4-",
    "J07-ca,ca-H2-",
    "K11-ca,or-H5-",
    "K19-to,ur-C4-",
    "L08-ca,ca-H2-",
    "P11-or,or-T2-",
    "P13-or-T1-"
  ]
}