{
  "sid": "GR052",
  "idx": 2,
  "sh": 158,
  "t": "Alpha",
  "rh": 280,
  "ll": {
    "lat": -18.421158,
    "long": 65.498009
  },
  "pa": "t12,p31,p30,p34,p19,p15,p36,p13,p14,p37,p9,p8,p28,p27,t8,p26,p41,p24,p38,t11,p29,p22,p35,p5,p6,t2,p4,p3,p1,p11,p33,p12,p18",
  "pp": "p32,t4,t5,p20,t6,p16,p10,t7,t9,p25,p23,t10,p21,t3,p7,t1,p2,p40,p17",
  "pe": "p39",
  "og": "BDEGHJLMOPQ",
  "ao": [
    "B01-to,ca-C3-",
    "B03-to,re-C1-",
    "B20-to,to-C2-",
    "D04-or,ca-T3-",
    "D06-or,to-C6-",
    "D07-to,ta-C5-",
    "E01-ca,ur-H3-",
    "E08-ca,ca-H2-",
    "G01-ca,ca-H2-",
    "G03-ca,or-H5-",
    "H01-ca,ta-H4-",
    "H04-ca,ca-H2-",
    "J01-ca-H1-",
    "J03-ca,ur-H3-",
    "L01-ca,ur-H3-",
    "L08-ca,ca-H2-",
    "M02-ta,ta-L2-",
    "M03-ta,ca-L3-",
    "M04-ta,ur-L4-",
    "M10-ta,ta-L2-",
    "O01-or-T1-",
    "O11-or,ta-T5-",
    "O15-or,or-T2-",
    "P04-or,ta-T5-",
    "P12-or-T1-",
    "P13-or-T1-",
    "Q09-ta,re-L7-",
    "Q16-ta,or-L5-",
    "Q19-ta,re-L7-",
    "Q27-ta,re-L7-"
  ]
}