{
  "sid": "GR088",
  "idx": 2,
  "sh": -1,
  "t": "Alpha",
  "rh": -1,
  "ll": null,
  "pa": null,
  "pp": null,
  "pe": null,
  "og": "ADGKMOPQ",
  "ao": [
    "A04-ta,re-L7-",
    "A05-ur,re-B1-",
    "A11-to,ca-C3-",
    "D07-to,ta-C5-",
    "D12-to,ta-C5-",
    "G03-ca,or-H5-",
    "K16-ca,ta-H4-",
    "K17-to,re-C1-",
    "M01-ta-L1-",
    "M10-ta,ta-L2-",
    "M20-ta,ur-L4-",
    "O03-or,ca-T3-",
    "O08-or,or-T2-",
    "P08-or,ur-T4-",
    "P12-or-T1-",
    "Q09-ta,re-L7-",
    "Q15-ta,ur-L4-",
    "Q18-ta,re-L7-"
  ]
}