{
  "sid": "GR048",
  "idx": 1,
  "sh": -1,
  "t": "Alpha",
  "rh": -1,
  "ll": null,
  "pa": null,
  "pp": null,
  "pe": null,
  "og": "BDEFGJKLMNPQ",
  "ao": [
    "B06-to,re-C1-",
    "B12-to,ur-C4-",
    "D03-or,ur-T4-",
    "D04-or,ca-T3-",
    "E07-ca,to-H6-",
    "F10-ur,ca-B3-",
    "F19-ur,or-B5-",
    "G01-ca,ca-H2-",
    "J06-ca,or-H5-",
    "K10-ca,or-H5-",
    "K19-to,ur-C4-",
    "L07-ca,to-H6-",
    "M07-ta,re-L7-",
    "M14-ta,ta-L6-",
    "M19-ta,ca-L3-",
    "N07-ca,to-H6-",
    "P10-or,or-T2-",
    "P13-or-T1-",
    "Q01-ta,ta-L2-",
    "Q05-ta,ur-L4-",
    "Q21-ta,ta-L2-"
  ]
}