{
  "sid": "GR086",
  "idx": 1,
  "sh": -1,
  "t": "Alpha",
  "rh": -1,
  "ll": null,
  "pa": null,
  "pp": null,
  "pe": null,
  "og": "AEIJKLMNP",
  "ao": [
    "A05-ur,re-B1-",
    "A07-ur,ca-B3-",
    "A08-ur,ta-B4-",
    "E06-ca,re-H7-",
    "I08-ur,ur-B2-",
    "I16-ur,to-B6-",
    "J01-ca-H1-",
    "K16-ca,ta-H4-",
    "K20-to,ta-C5-",
    "L06-ca,re-H7-",
    "M01-ta-L1-",
    "M04-ta,ur-L4-",
    "M05-ta,or-L5-",
    "N06-ca,re-H7-",
    "P07-or,ca-T3-",
    "P08-or,ur-T4-"
  ]
}