{
  "sid": "GR055",
  "idx": 2,
  "sh": 10,
  "t": "Alpha",
  "rh": 132,
  "ll": {
    "lat": 21.309702,
    "long": -43.924812
  },
  "pa": "p1,p10,p11,p13,p14,p16,p17,p18,p2,p22,p26,p28,p30,p31,p32,p33,p34,p36,p37,p38,p39,p4,p8,p9,t12,t3,t5,t6,t7,t9",
  "pp": "K05,p12,p15,p19,p20,p21,p23,p24,p25,p27,p29,p3,p35,p40,p5,p6,p7,t1,t10,t11,t2,t4,t8",
  "pe": "p41",
  "og": "AEGHLNOPQ",
  "ao": [
    "A07-ur,ca-B3-",
    "A11-to,ca-C3-",
    "A12-to,ur-C4-",
    "E06-ca,re-H7-",
    "G03-ca,or-H5-",
    "H03-ca,ur-H3-",
    "L06-ca,re-H7-",
    "N06-ca,re-H7-",
    "O02-or,or-T2-",
    "O04-or,ur-T4-",
    "P05-or,ca-T5-",
    "P07-or,ca-T3-",
    "Q14-ta,ca-L3-",
    "Q15-ta,ur-L4-",
    "Q26-ta,ta-L6-"
  ]
}