{
  "sid": "GR139",
  "idx": 1,
  "sh": 0,
  "t": "Gamma",
  "rh": 0,
  "ll": null,
  "pa": null,
  "pp": null,
  "pe": null,
  "og": "ACEFGHIKLOP",
  "ao": [
    "A07-ur,ca-B15-",
    "A19-ur,ur-B14-",
    "C08-to,or-C19-",
    "C10-to,to-C15-",
    "E07-ca,to-H17-",
    "F02-or,ur-T17-",
    "F08-or,ca-T16-",
    "G03-or,re-T20-",
    "H03-ta,ta-L16-",
    "H06-ta,or-L19-",
    "H08-ta,ur-L18-",
    "H36-ta,ca-L17-",
    "H56-ta-L15-",
    "I05-ur,re-B19-",
    "I14-ur,re-B19-",
    "K07-or,ca-T16-",
    "K08-or,or-T15-",
    "L08-or,ta-T18-",
    "L10-or,re-T20-",
    "O07-ca,ca-H18-",
    "P07-to,ca-C16-"
  ]
}