{
  "sid": "GR054",
  "idx": 1,
  "sh": 221,
  "t": "Alpha",
  "rh": 342,
  "ll": {
    "lat": 2.782053,
    "long": 145.656754
  },
  "pa": "p20,t12,p31,p4,p1,p6,p5,t2,p14,p10,t7,p8,p39,p28,t9,p41,p38,t11,p23,p22,p32,p18,p34,p16,p33,p11,p37,p9",
  "pp": "p21,t5,t4,p3,t1,p2,t3,p7,t6,p15,p13,p36,p27,p24,t8,p26,p25,p29,t10,p30,p17,p19,p12,p35",
  "pe": "p40",
  "og": "BDEHJKMNOQ",
  "ao": [
    "B04-to,ca-C3-",
    "B14-to,ta-C5-",
    "B20-to,to-C2-",
    "D07-to,ta-C5-",
    "D08-or,ta-T5-",
    "D11-or,to-C6-",
    "E02-ca,ta-H4-",
    "E07-ca,to-H6-",
    "H03-ca,ur-H3-",
    "H05-ca-H1-",
    "J04-ca,to-H6-",
    "J07-ca,ca-H2-",
    "K03-or-T1-",
    "K12-ca,ta-H4-",
    "K22-to,or-C6-",
    "M09-ta-L1-",
    "M10-ta,ta-L2-",
    "M12-ta,ur-L4-",
    "M24-ta,re-L7-",
    "N02-ca,ta-H4-",
    "N07-ca,to-H6-",
    "O05-or,ta-T5-",
    "O15-or,or-T2-",
    "O18-or,ta-T5-",
    "Q04-ta,ca-L3-",
    "Q08-ta,re-L7-",
    "Q09-ta,re-L7-",
    "Q23-ta,ca-L3-"
  ]
}