{
  "sid": "GR377",
  "idx": 2,
  "sh": 0,
  "t": "Gamma",
  "rh": 0,
  "ll": null,
  "pa": null,
  "pp": null,
  "pe": null,
  "og": "BCFIJLMPS",
  "ao": [
    "B19-ur,to-B18-",
    "B23-ur,or-B17-",
    "C08-to,or-C19-",
    "C09-to,ur-C17-",
    "F08-or,ca-T16-",
    "F14-or,or-T15-",
    "I04-ur,to-B18-",
    "I05-ur,re-B19-",
    "J09-ca,ur-H19-",
    "L08-or,ta-T18-",
    "L09-or,to-T19-",
    "M03-to,ur-C17-",
    "M09-to,ca-C16-",
    "P23-to,ta-C18-",
    "S01-ca,ca-H18-"
  ]
}