{
  "sid": "GR052",
  "idx": 2,
  "sh": 158,
  "t": "Alpha",
  "rh": 280,
  "ll": {
    "lat": -18.421158,
    "long": 65.498009
  },
  "pa": "p1,p11,p12,p13,p14,p15,p18,p19,p22,p24,p26,p27,p28,p29,p3,p30,p31,p33,p34,p35,p36,p37,p38,p4,p41,p5,p6,p8,p9,t11,t12,t2,t8",
  "pp": "p10,p16,p17,p2,p20,p21,p23,p25,p32,p40,p7,t1,t10,t3,t4,t5,t6,t7,t9",
  "pe": "p39",
  "og": "BDEGHJLMOPQ",
  "ao": [
    "B01-to,ca-C3-",
    "B03-to,re-C1-",
    "B20-to,to-C2-",
    "D04-or,ca-T3-",
    "D06-or,to-C6-",
    "D07-to,ta-C5-",
    "E01-ca,ur-H3-",
    "E08-ca,ca-H2-",
    "G01-ca,ca-H2-",
    "G03-ca,or-H5-",
    "H01-ca,ta-H4-",
    "H04-ca,ca-H2-",
    "J01-ca-H1-",
    "J03-ca,ur-H3-",
    "L01-ca,ur-H3-",
    "L08-ca,ca-H2-",
    "M02-ta,ta-L2-",
    "M03-ta,ca-L3-",
    "M04-ta,ur-L4-",
    "M10-ta,ta-L2-",
    "O01-or-T1-",
    "O11-or,ta-T5-",
    "O15-or,or-T2-",
    "P04-or,ta-T5-",
    "P12-or-T1-",
    "P13-or-T1-",
    "Q09-ta,re-L7-",
    "Q16-ta,or-L5-",
    "Q19-ta,re-L7-",
    "Q27-ta,re-L7-"
  ]
}