{
  "sid": "GR057",
  "idx": 1,
  "sh": 110,
  "t": "Gamma",
  "rh": 139,
  "ll": {
    "lat": 44.27475,
    "long": -92.582336
  },
  "pa": "p10,p14,p15,p18,p19,p2,p23,p26,p27,p28,p29,p33,p35,p36,p38,p5,t3,t5,t6,t8",
  "pp": "E02,p1,p11,p12,p13,p16,p17,p20,p21,p22,p24,p25,p3,p30,p31,p32,p34,p37,p39,p4,p6,p7,p8,p9,t1,t2,t4,t7",
  "pe": null,
  "og": "ADEFIKMNPQS",
  "ao": [
    "A23-ur,or-B17-",
    "A25-ur,ca-B15-",
    "D02-ta,re-L21-",
    "E04-ca,ur-H19-",
    "F12-or,ur-T17-",
    "F14-or,or-T15-",
    "I02-ur,ta-B16-",
    "I04-ur,to-B18-",
    "K12-or,ca-T16-",
    "K14-or-T14-",
    "M02-to,re-C20-",
    "M09-to,ca-C16-",
    "N06-or,or-T15-",
    "N08-or,ur-T17-",
    "P23-to,ta-C18-",
    "P25-to,ca-C16-",
    "Q04-ca,ur-H19-",
    "S01-ca,ca-H18-"
  ]
}