{
  "sid": "GR055",
  "idx": 2,
  "sh": 10,
  "t": "Alpha",
  "rh": 132,
  "ll": {
    "lat": 21.309702,
    "long": -43.924812
  },
  "pa": "p31,p22,p38,p26,t9,p28,p8,p39,p9,p37,t7,p10,p11,p33,p2,p4,p1,t3,t12,p32,t5,p30,p17,p18,p34,t6,p16,p36,p13,p14",
  "pp": "K05,p21,p35,p29,p25,p27,t8,p24,p12,t2,p7,t1,p3,p5,p6,p23,t10,t11,t4,p40,p20,p19,p15",
  "pe": "p41",
  "og": "AEGHLNOPQ",
  "ao": [
    "A07-ur,ca-B3-",
    "A11-to,ca-C3-",
    "A12-to,ur-C4-",
    "E06-ca,re-H7-",
    "G03-ca,or-H5-",
    "H03-ca,ur-H3-",
    "L06-ca,re-H7-",
    "N06-ca,re-H7-",
    "O02-or,or-T2-",
    "O04-or,ur-T4-",
    "P05-or,ca-T5-",
    "P07-or,ca-T3-",
    "Q14-ta,ca-L3-",
    "Q15-ta,ur-L4-",
    "Q26-ta,ta-L6-"
  ]
}