{
  "sid": "GR055",
  "idx": 2,
  "sh": 0,
  "t": "Alpha",
  "rh": 0,
  "ll": null,
  "pa": null,
  "pp": null,
  "pe": null,
  "og": "AEGHLNOPQ",
  "ao": [
    "A07-ur,ca-B3-",
    "A11-to,ca-C3-",
    "A12-to,ur-C4-",
    "E06-ca,re-H7-",
    "G03-ca,or-H5-",
    "H03-ca,ur-H3-",
    "L06-ca,re-H7-",
    "N06-ca,re-H7-",
    "O02-or,or-T2-",
    "O04-or,ur-T4-",
    "P05-or,ca-T5-",
    "P07-or,ca-T3-",
    "Q14-ta,ca-L3-",
    "Q15-ta,ur-L4-",
    "Q26-ta,ta-L6-"
  ]
}