{
  "sid": "GR056",
  "idx": 3,
  "sh": 55,
  "t": "Beta",
  "rh": 176,
  "ll": {
    "lat": -17.526474,
    "long": 12.750949
  },
  "pa": "p10,p12,p14,p16,p17,p18,p20,p21,p22,p23,p24,p25,p27,p28,p29,p3,p33,p35,p36,p39,p4,p40,p41,p42,p8,p9,t3,t7",
  "pp": "p1,p11,p13,p15,p19,p2,p26,p30,p31,p32,p34,p37,p38,p5,p6,p7,t1,t2,t4,t5,t6,t8",
  "pe": null,
  "og": "CDLMOQRU",
  "ao": [
    "C09-ta,or-L12-",
    "C21-ta-L8-",
    "D08-ca,ta-H11-",
    "L01-or,ca-T9-",
    "M01-or-T7-",
    "O01-or,re-T13-",
    "Q01-or-T7-",
    "R10-to,re-C13-",
    "R18-to,to-C8-",
    "U04-ur,or-B11-",
    "U20-ur,to-B12-"
  ]
}