{
  "sid": "GR050",
  "idx": 2,
  "sh": 0,
  "t": "Alpha",
  "rh": 0,
  "ll": null,
  "pa": null,
  "pp": null,
  "pe": null,
  "og": "ABCDFIKLMP",
  "ao": [
    "A11-to,ca-C3-",
    "A14-ca,ca-H2-",
    "A19-or,ca-T3-",
    "B02-to,to-C2-",
    "B06-to,re-C1-",
    "C01-to,ur-C4-",
    "C04-to,ca-C3-",
    "D01-or,to-C6-",
    "D04-or,ca-T3-",
    "F14-ur,ca-B3-",
    "F19-ur,or-B5-",
    "I18-ur,to-B6-",
    "I19-ur,or-B5-",
    "K14-ca,or-H5-",
    "K19-to,ur-C4-",
    "L02-ca,ta-H4-",
    "M06-ta,ta-L6-",
    "M19-ta,ca-L3-",
    "M20-ta,ur-L4-",
    "P05-or,ca-T5-",
    "P13-or-T1-"
  ]
}