{
  "sid": "GR087",
  "idx": 1,
  "sh": -1,
  "t": "Gamma",
  "rh": -1,
  "ll": null,
  "pa": null,
  "pp": null,
  "pe": null,
  "og": "ABCDEGHILOPQR",
  "ao": [
    "A03-ur,re-B19-",
    "A16-ur,ca-B15-",
    "B03-ur,re-B19-",
    "B16-ur,ca-B15-",
    "C05-to-C14-",
    "C13-to,re-C20-",
    "D13-ta,to-L20-",
    "E06-ca,ca-H18-",
    "G14-or,ta-T18-",
    "H07-ta,to-L20-",
    "H11-ta,or-L19-",
    "H20-ta-L15-",
    "H37-ta,ta-L16-",
    "H53-ta,ur-L18-",
    "I06-ur-B13-",
    "I14-ur,re-B19-",
    "L05-or,re-T20-",
    "L12-or,ta-T18-",
    "O01-ca,ur-H19-",
    "P03-to,re-C20-",
    "P16-to,ca-C16-",
    "Q06-ca,ca-H18-",
    "R05-to,ta-C18-",
    "R18-ca,to-H17-"
  ]
}