{
  "sid": "GR052",
  "idx": 2,
  "sh": 0,
  "t": "Alpha",
  "rh": 0,
  "ll": null,
  "pa": null,
  "pp": null,
  "pe": null,
  "og": "BDEGHJLMOPQ",
  "ao": [
    "B01-to,ca-C3-",
    "B03-to,re-C1-",
    "B20-to,to-C2-",
    "D04-or,ca-T3-",
    "D06-or,to-C6-",
    "D07-to,ta-C5-",
    "E01-ca,ur-H3-",
    "E08-ca,ca-H2-",
    "G01-ca,ca-H2-",
    "G03-ca,or-H5-",
    "H01-ca,ta-H4-",
    "H04-ca,ca-H2-",
    "J01-ca-H1-",
    "J03-ca,ur-H3-",
    "L01-ca,ur-H3-",
    "L08-ca,ca-H2-",
    "M02-ta,ta-L2-",
    "M03-ta,ca-L3-",
    "M04-ta,ur-L4-",
    "M10-ta,ta-L2-",
    "O01-or-T1-",
    "O11-or,ta-T5-",
    "O15-or,or-T2-",
    "P04-or,ta-T5-",
    "P12-or-T1-",
    "P13-or-T1-",
    "Q09-ta,re-L7-",
    "Q16-ta,or-L5-",
    "Q19-ta,re-L7-",
    "Q27-ta,re-L7-"
  ]
}